file,en_cohorte,n_comp,total_mm3,hu_max,png,tipo,ortopedico,nota
dataset7_CLINIC_metal_0000_data.nii.gz,C_test,5,50373.7,19828,dataset7_CLINIC_metal_0000_data_z174.png,,,
dataset7_CLINIC_metal_0001_data.nii.gz,C_test,2,10221.2,19864,dataset7_CLINIC_metal_0001_data_z96.png,,,
dataset7_CLINIC_metal_0002_data.nii.gz,C_test,2,12573.6,7274,dataset7_CLINIC_metal_0002_data_z205.png,,,
dataset7_CLINIC_metal_0003_data.nii.gz,C_test,9,23367.5,18605,dataset7_CLINIC_metal_0003_data_z290.png,,,
dataset7_CLINIC_metal_0004_data.nii.gz,C_test,3,6771.0,18283,dataset7_CLINIC_metal_0004_data_z111.png,,,
dataset7_CLINIC_metal_0005_data.nii.gz,C_test,2,8483.0,24359,dataset7_CLINIC_metal_0005_data_z138.png,,,
dataset7_CLINIC_metal_0006_data.nii.gz,C_test,4,23197.1,19227,dataset7_CLINIC_metal_0006_data_z287.png,,,
dataset7_CLINIC_metal_0007_data.nii.gz,C_test,4,16409.7,17265,dataset7_CLINIC_metal_0007_data_z282.png,,,
dataset7_CLINIC_metal_0008_data.nii.gz,C_test,3,2413.0,7596,dataset7_CLINIC_metal_0008_data_z190.png,,,
dataset7_CLINIC_metal_0009_data.nii.gz,C_test,3,11839.4,7841,dataset7_CLINIC_metal_0009_data_z48.png,,,
dataset7_CLINIC_metal_0010_data.nii.gz,C_test,2,2202.8,3678,dataset7_CLINIC_metal_0010_data_z109.png,,,
dataset7_CLINIC_metal_0011_data.nii.gz,C_test,13,42900.6,17468,dataset7_CLINIC_metal_0011_data_z251.png,,,
dataset7_CLINIC_metal_0012_data.nii.gz,C_test,4,21604.1,15191,dataset7_CLINIC_metal_0012_data_z120.png,,,
dataset7_CLINIC_metal_0013_data.nii.gz,C_test,11,48680.8,18835,dataset7_CLINIC_metal_0013_data_z156.png,,,
dataset7_CLINIC_metal_0014_data.nii.gz,B,1,10161.7,8596,dataset7_CLINIC_metal_0014_data_z199.png,,,
dataset7_CLINIC_metal_0015_data.nii.gz,B,2,19204.0,21417,dataset7_CLINIC_metal_0015_data_z189.png,,,
dataset7_CLINIC_metal_0016_data.nii.gz,B,4,14023.7,8445,dataset7_CLINIC_metal_0016_data_z221.png,,,
dataset7_CLINIC_metal_0017_data.nii.gz,B,2,22166.2,17863,dataset7_CLINIC_metal_0017_data_z254.png,,,
dataset7_CLINIC_metal_0018_data.nii.gz,B,3,5842.6,20146,dataset7_CLINIC_metal_0018_data_z117.png,,,
dataset7_CLINIC_metal_0019_data.nii.gz,B,1,27343.2,9219,dataset7_CLINIC_metal_0019_data_z336.png,,,
dataset7_CLINIC_metal_0020_data.nii.gz,B,1,27609.7,9248,dataset7_CLINIC_metal_0020_data_z290.png,,,
dataset7_CLINIC_metal_0021_data.nii.gz,excluido_dup,4,21604.1,15191,dataset7_CLINIC_metal_0021_data_z120.png,,,
dataset7_CLINIC_metal_0022_data.nii.gz,B,1,10354.9,7786,dataset7_CLINIC_metal_0022_data_z175.png,,,
dataset7_CLINIC_metal_0023_data.nii.gz,B,5,65066.3,18782,dataset7_CLINIC_metal_0023_data_z150.png,,,
dataset7_CLINIC_metal_0024_data.nii.gz,B,4,5663.2,21221,dataset7_CLINIC_metal_0024_data_z218.png,,,
dataset7_CLINIC_metal_0025_data.nii.gz,B,3,19067.3,18822,dataset7_CLINIC_metal_0025_data_z245.png,,,
dataset7_CLINIC_metal_0026_data.nii.gz,B,3,20191.3,22724,dataset7_CLINIC_metal_0026_data_z131.png,,,
dataset7_CLINIC_metal_0027_data.nii.gz,B,5,20300.6,18873,dataset7_CLINIC_metal_0027_data_z241.png,,,
dataset7_CLINIC_metal_0028_data.nii.gz,B,3,21166.7,19090,dataset7_CLINIC_metal_0028_data_z218.png,,,
dataset7_CLINIC_metal_0029_data.nii.gz,B,9,22064.2,20549,dataset7_CLINIC_metal_0029_data_z246.png,,,
dataset7_CLINIC_metal_0030_data.nii.gz,B,3,14061.3,21371,dataset7_CLINIC_metal_0030_data_z149.png,,,
dataset7_CLINIC_metal_0031_data.nii.gz,B,4,17728.2,19448,dataset7_CLINIC_metal_0031_data_z146.png,,,
dataset7_CLINIC_metal_0032_data.nii.gz,B,2,14178.9,19918,dataset7_CLINIC_metal_0032_data_z108.png,,,
dataset7_CLINIC_metal_0033_data.nii.gz,B,2,3786.7,6979,dataset7_CLINIC_metal_0033_data_z218.png,,,
dataset7_CLINIC_metal_0034_data.nii.gz,B,13,42900.6,17468,dataset7_CLINIC_metal_0034_data_z251.png,,,
dataset7_CLINIC_metal_0035_data.nii.gz,B,3,1518.3,14785,dataset7_CLINIC_metal_0035_data_z65.png,,,
dataset7_CLINIC_metal_0036_data.nii.gz,B,1,934.6,18002,dataset7_CLINIC_metal_0036_data_z318.png,,,
dataset7_CLINIC_metal_0037_data.nii.gz,B,7,98974.5,22999,dataset7_CLINIC_metal_0037_data_z74.png,,,
dataset7_CLINIC_metal_0038_data.nii.gz,B,2,8445.8,20692,dataset7_CLINIC_metal_0038_data_z207.png,,,
dataset7_CLINIC_metal_0039_data.nii.gz,B,2,4187.0,6778,dataset7_CLINIC_metal_0039_data_z190.png,,,
dataset7_CLINIC_metal_0040_data.nii.gz,B,4,17885.6,20193,dataset7_CLINIC_metal_0040_data_z118.png,,,
dataset7_CLINIC_metal_0041_data.nii.gz,B,3,15470.8,15704,dataset7_CLINIC_metal_0041_data_z258.png,,,
dataset7_CLINIC_metal_0042_data.nii.gz,B,8,45895.7,18057,dataset7_CLINIC_metal_0042_data_z168.png,,,
dataset7_CLINIC_metal_0043_data.nii.gz,excluido_dup,11,48680.8,18835,dataset7_CLINIC_metal_0043_data_z156.png,,,
dataset7_CLINIC_metal_0044_data.nii.gz,B,8,61360.9,20136,dataset7_CLINIC_metal_0044_data_z280.png,,,
dataset7_CLINIC_metal_0045_data.nii.gz,B,3,1207.7,8078,dataset7_CLINIC_metal_0045_data_z46.png,,,
dataset7_CLINIC_metal_0046_data.nii.gz,B,2,2709.6,24340,dataset7_CLINIC_metal_0046_data_z115.png,,,
dataset7_CLINIC_metal_0047_data.nii.gz,B,12,77571.2,19895,dataset7_CLINIC_metal_0047_data_z137.png,,,
dataset7_CLINIC_metal_0048_data.nii.gz,B,2,2760.5,20547,dataset7_CLINIC_metal_0048_data_z143.png,,,
dataset7_CLINIC_metal_0049_data.nii.gz,B,4,42291.7,18319,dataset7_CLINIC_metal_0049_data_z133.png,,,
dataset7_CLINIC_metal_0050_data.nii.gz,B,3,9216.1,16268,dataset7_CLINIC_metal_0050_data_z116.png,,,
dataset7_CLINIC_metal_0051_data.nii.gz,B,3,14472.4,12157,dataset7_CLINIC_metal_0051_data_z168.png,,,
dataset7_CLINIC_metal_0052_data.nii.gz,B,1,10543.7,21442,dataset7_CLINIC_metal_0052_data_z146.png,,,
dataset7_CLINIC_metal_0053_data.nii.gz,B,1,9980.6,20024,dataset7_CLINIC_metal_0053_data_z101.png,,,
dataset7_CLINIC_metal_0054_data.nii.gz,B,2,25202.2,20802,dataset7_CLINIC_metal_0054_data_z172.png,,,
dataset7_CLINIC_metal_0055_data.nii.gz,B,7,20131.0,18415,dataset7_CLINIC_metal_0055_data_z254.png,,,
dataset7_CLINIC_metal_0056_data.nii.gz,B,3,15708.1,17790,dataset7_CLINIC_metal_0056_data_z122.png,,,
dataset7_CLINIC_metal_0057_data.nii.gz,B,3,16520.4,18224,dataset7_CLINIC_metal_0057_data_z205.png,,,
dataset7_CLINIC_metal_0058_data.nii.gz,B,7,30310.0,22732,dataset7_CLINIC_metal_0058_data_z133.png,,,
dataset7_CLINIC_metal_0059_data.nii.gz,B,2,30198.6,9194,dataset7_CLINIC_metal_0059_data_z199.png,,,
dataset7_CLINIC_metal_0060_data.nii.gz,B,3,44947.3,21054,dataset7_CLINIC_metal_0060_data_z98.png,,,
dataset7_CLINIC_metal_0061_data.nii.gz,B,3,1799.7,17129,dataset7_CLINIC_metal_0061_data_z277.png,,,
dataset7_CLINIC_metal_0062_data.nii.gz,B,5,4925.8,9849,dataset7_CLINIC_metal_0062_data_z246.png,,,
dataset7_CLINIC_metal_0063_data.nii.gz,B,2,15521.9,21233,dataset7_CLINIC_metal_0063_data_z45.png,,,
dataset7_CLINIC_metal_0064_data.nii.gz,B,1,325.4,14389,dataset7_CLINIC_metal_0064_data_z183.png,,,
dataset7_CLINIC_metal_0065_data.nii.gz,B,5,38254.3,18816,dataset7_CLINIC_metal_0065_data_z146.png,,,
dataset7_CLINIC_metal_0066_data.nii.gz,B,5,41363.7,19684,dataset7_CLINIC_metal_0066_data_z141.png,externo,no,
dataset7_CLINIC_metal_0067_data.nii.gz,B,3,20052.5,23519,dataset7_CLINIC_metal_0067_data_z267.png,dudoso,si,
dataset7_CLINIC_metal_0068_data.nii.gz,B,1,2309.2,19380,dataset7_CLINIC_metal_0068_data_z329.png,externo,no,
dataset7_CLINIC_metal_0069_data.nii.gz,B,3,14211.3,20399,dataset7_CLINIC_metal_0069_data_z113.png,dudoso,si,
dataset7_CLINIC_metal_0070_data.nii.gz,B,3,6715.4,19662,dataset7_CLINIC_metal_0070_data_z129.png,dudoso,si,
dataset7_CLINIC_metal_0071_data.nii.gz,B,3,38747.1,8814,dataset7_CLINIC_metal_0071_data_z333.png,dudoso,si,
dataset7_CLINIC_metal_0072_data.nii.gz,B,6,1860.4,21192,dataset7_CLINIC_metal_0072_data_z187.png,dudoso,si,
dataset7_CLINIC_metal_0073_data.nii.gz,B,16,9789.6,24970,dataset7_CLINIC_metal_0073_data_z126.png,externo,no,
dataset7_CLINIC_metal_0074_data.nii.gz,excluido_dup,2,2709.6,24340,dataset7_CLINIC_metal_0074_data_z115.png,externo,no,
