file,motivo,estado,n_comp,total_mm3,hu_max,png,notas
dataset6_CLINIC_0001_data.nii.gz,metal_detectado,metal,1,120.7,5060,dataset6_CLINIC_0001_data_z184.png,electrodo
dataset6_CLINIC_0005_data.nii.gz,metal_detectado,metal,8,5131.2,22185,dataset6_CLINIC_0005_data_z213.png,electrodo
dataset6_CLINIC_0007_data.nii.gz,metal_detectado,metal,5,3226.5,30445,dataset6_CLINIC_0007_data_z323.png,electrodo
dataset6_CLINIC_0017_data.nii.gz,metal_detectado,metal,1,303.9,7573,dataset6_CLINIC_0017_data_z140.png,DIU
dataset6_CLINIC_0019_data.nii.gz,metal_detectado,metal,1,598.6,7534,dataset6_CLINIC_0019_data_z276.png,electrodo
dataset6_CLINIC_0028_data.nii.gz,metal_detectado,metal,1,174.0,21133,dataset6_CLINIC_0028_data_z76.png,accesorio
dataset6_CLINIC_0031_data.nii.gz,metal_detectado,metal,1,100.5,3984,dataset6_CLINIC_0031_data_z300.png,electrodo
dataset6_CLINIC_0037_data.nii.gz,duplicado_de_dataset7_CLINIC_metal_0061_data.nii.gz,definitivo,3,1799.7,17129,dataset6_CLINIC_0037_data_z277.png,electrodo
dataset6_CLINIC_0039_data.nii.gz,metal_detectado,falso_positivo,30,11355.5,3713,dataset6_CLINIC_0039_data_z355.png,artefacto_borde_FOV
dataset6_CLINIC_0041_data.nii.gz,metal_detectado,metal,1,114.6,4859,dataset6_CLINIC_0041_data_z313.png,electrodo
dataset6_CLINIC_0048_data.nii.gz,duplicado_de_dataset7_CLINIC_metal_0036_data.nii.gz,definitivo,1,934.6,18002,dataset6_CLINIC_0048_data_z318.png,accesorio
dataset6_CLINIC_0053_data.nii.gz,metal_detectado,metal,3,576.7,17162,dataset6_CLINIC_0053_data_z191.png,accesorio
dataset6_CLINIC_0054_data.nii.gz,metal_detectado,metal,2,947.8,11341,dataset6_CLINIC_0054_data_z331.png,accesorio
dataset6_CLINIC_0056_data.nii.gz,metal_detectado,metal,1,266.8,5754,dataset6_CLINIC_0056_data_z202.png,DIU
dataset6_CLINIC_0067_data.nii.gz,metal_detectado,metal,1,271.7,9982,dataset6_CLINIC_0067_data_z180.png,DIU
dataset6_CLINIC_0069_data.nii.gz,metal_detectado,metal,3,7665.7,21457,dataset6_CLINIC_0069_data_z326.png,accesorio
dataset6_CLINIC_0070_data.nii.gz,duplicado_de_dataset7_CLINIC_metal_0064_data.nii.gz,definitivo,1,325.4,14389,dataset6_CLINIC_0070_data_z183.png,DIU
dataset6_CLINIC_0071_data.nii.gz,metal_detectado,metal,1,121.3,5237,dataset6_CLINIC_0071_data_z338.png,electrodo
dataset6_CLINIC_0072_data.nii.gz,metal_detectado,metal,1,170.4,10637,dataset6_CLINIC_0072_data_z145.png,DIU
dataset6_CLINIC_0075_data.nii.gz,metal_detectado,metal,2,578.1,7292,dataset6_CLINIC_0075_data_z33.png,accesorio
dataset6_CLINIC_0076_data.nii.gz,metal_detectado,metal,3,937.0,9741,dataset6_CLINIC_0076_data_z31.png,accesorio
dataset6_CLINIC_0080_data.nii.gz,metal_detectado,metal,1,105.5,13843,dataset6_CLINIC_0080_data_z194.png,DIU
dataset6_CLINIC_0084_data.nii.gz,metal_detectado,metal,1,107.0,3062,dataset6_CLINIC_0084_data_z80.png,piercing
dataset6_CLINIC_0089_data.nii.gz,metal_detectado,metal,2,439.4,10676,dataset6_CLINIC_0089_data_z216.png,electrodo
dataset6_CLINIC_0091_data.nii.gz,metal_detectado,metal,5,3423.4,18879,dataset6_CLINIC_0091_data_z42.png,accesorio
dataset6_CLINIC_0093_data.nii.gz,metal_detectado,metal,1,486.3,16682,dataset6_CLINIC_0093_data_z79.png,piercing
dataset6_CLINIC_0102_data.nii.gz,metal_detectado,metal,1,1426.9,15467,dataset6_CLINIC_0102_data_z232.png,accesorio
