Caso,Grupo,i_pose,d_mm,brecha_mm,grado,estado,frac_baja_densidad,viable_corredor,longitud_mm,desvio_centro_mm,inclinacion_deg
dataset7_CLINIC_metal_0008_data,grupo 1,0,7.0,0.0,0,ok,0.31958762886597936,True,113.0,2.037,0.025
dataset7_CLINIC_metal_0008_data,grupo 1,0,4.91,0.0,0,ok,0.31958762886597936,True,113.0,2.037,0.025
dataset7_CLINIC_metal_0008_data,grupo 1,0,7.3,0.0,0,ok,0.31958762886597936,True,113.0,2.037,0.025
dataset7_CLINIC_metal_0008_data,grupo 1,1,7.0,0.0,0,ok,0.4639175257731959,True,113.0,0.064,4.624
dataset7_CLINIC_metal_0008_data,grupo 1,1,4.91,0.0,0,ok,0.4639175257731959,True,113.0,0.064,4.624
dataset7_CLINIC_metal_0008_data,grupo 1,1,7.3,0.11623358726501465,1,ok,0.4639175257731959,True,113.0,0.064,4.624
dataset7_CLINIC_metal_0008_data,grupo 1,2,7.0,0.0,0,ok,0.7835051546391752,True,113.0,0.816,0.485
dataset7_CLINIC_metal_0008_data,grupo 1,2,4.91,0.0,0,ok,0.7835051546391752,True,113.0,0.816,0.485
dataset7_CLINIC_metal_0008_data,grupo 1,2,7.3,0.0,0,ok,0.7835051546391752,True,113.0,0.816,0.485
dataset7_CLINIC_metal_0008_data,grupo 1,3,7.0,0.8883662223815918,1,ok,0.6185567010309279,True,113.0,2.619,5.74
dataset7_CLINIC_metal_0008_data,grupo 1,3,4.91,0.0,0,ok,0.6185567010309279,True,113.0,2.619,5.74
dataset7_CLINIC_metal_0008_data,grupo 1,3,7.3,1.0383663177490234,1,ok,0.6185567010309279,True,113.0,2.619,5.74
dataset7_CLINIC_metal_0008_data,grupo 1,4,7.0,0.0,0,ok,0.7835051546391752,True,113.0,0.59,1.34
dataset7_CLINIC_metal_0008_data,grupo 1,4,4.91,0.0,0,ok,0.7835051546391752,True,113.0,0.59,1.34
dataset7_CLINIC_metal_0008_data,grupo 1,4,7.3,0.0,0,ok,0.7835051546391752,True,113.0,0.59,1.34
dataset7_CLINIC_metal_0008_data,grupo 1,5,7.0,0.0,0,ok,0.7422680412371134,True,113.0,0.945,0.843
dataset7_CLINIC_metal_0008_data,grupo 1,5,4.91,0.0,0,ok,0.7422680412371134,True,113.0,0.945,0.843
dataset7_CLINIC_metal_0008_data,grupo 1,5,7.3,0.0,0,ok,0.7422680412371134,True,113.0,0.945,0.843
dataset7_CLINIC_metal_0008_data,grupo 1,6,7.0,0.0,0,ok,0.6804123711340206,True,113.0,3.045,1.988
dataset7_CLINIC_metal_0008_data,grupo 1,6,4.91,0.0,0,ok,0.6804123711340206,True,113.0,3.045,1.988
dataset7_CLINIC_metal_0008_data,grupo 1,6,7.3,0.05389976501464844,1,ok,0.6804123711340206,True,113.0,3.045,1.988
dataset7_CLINIC_metal_0008_data,grupo 1,7,7.0,0.0,0,ok,0.8247422680412371,True,113.0,1.392,5.594
dataset7_CLINIC_metal_0008_data,grupo 1,7,4.91,0.0,0,ok,0.8247422680412371,True,113.0,1.392,5.594
dataset7_CLINIC_metal_0008_data,grupo 1,7,7.3,0.0,0,ok,0.8247422680412371,True,113.0,1.392,5.594
dataset7_CLINIC_metal_0008_data,grupo 1,8,7.0,0.0,0,ok,0.422680412371134,True,113.0,2.244,1.343
dataset7_CLINIC_metal_0008_data,grupo 1,8,4.91,0.0,0,ok,0.422680412371134,True,113.0,2.244,1.343
dataset7_CLINIC_metal_0008_data,grupo 1,8,7.3,0.0,0,ok,0.422680412371134,True,113.0,2.244,1.343
dataset7_CLINIC_metal_0008_data,grupo 1,9,7.0,0.0,0,ok,0.3917525773195876,True,113.0,2.96,0.954
dataset7_CLINIC_metal_0008_data,grupo 1,9,4.91,0.0,0,ok,0.3917525773195876,True,113.0,2.96,0.954
dataset7_CLINIC_metal_0008_data,grupo 1,9,7.3,0.0,0,ok,0.3917525773195876,True,113.0,2.96,0.954
dataset7_CLINIC_metal_0008_data,grupo 1,10,7.0,0.0,0,ok,0.4845360824742268,True,113.0,0.784,3.564
dataset7_CLINIC_metal_0008_data,grupo 1,10,4.91,0.0,0,ok,0.4845360824742268,True,113.0,0.784,3.564
dataset7_CLINIC_metal_0008_data,grupo 1,10,7.3,0.0,0,ok,0.4845360824742268,True,113.0,0.784,3.564
dataset7_CLINIC_metal_0008_data,grupo 1,11,7.0,0.0,0,ok,0.5360824742268041,True,113.0,2.217,2.563
dataset7_CLINIC_metal_0008_data,grupo 1,11,4.91,0.0,0,ok,0.5360824742268041,True,113.0,2.217,2.563
dataset7_CLINIC_metal_0008_data,grupo 1,11,7.3,0.0,0,ok,0.5360824742268041,True,113.0,2.217,2.563
dataset7_CLINIC_metal_0008_data,grupo 1,12,7.0,0.038609981536865234,1,ok,0.38144329896907214,True,113.0,3.643,4.906
dataset7_CLINIC_metal_0008_data,grupo 1,12,4.91,0.0,0,ok,0.38144329896907214,True,113.0,3.643,4.906
dataset7_CLINIC_metal_0008_data,grupo 1,12,7.3,0.18861007690429688,1,ok,0.38144329896907214,True,113.0,3.643,4.906
dataset7_CLINIC_metal_0008_data,grupo 1,13,7.0,0.0,0,ok,0.5257731958762887,True,113.0,1.304,1.476
dataset7_CLINIC_metal_0008_data,grupo 1,13,4.91,0.0,0,ok,0.5257731958762887,True,113.0,1.304,1.476
dataset7_CLINIC_metal_0008_data,grupo 1,13,7.3,0.0,0,ok,0.5257731958762887,True,113.0,1.304,1.476
dataset7_CLINIC_metal_0008_data,grupo 1,14,7.0,0.0,0,ok,0.7010309278350515,True,113.0,0.759,0.73
dataset7_CLINIC_metal_0008_data,grupo 1,14,4.91,0.0,0,ok,0.7010309278350515,True,113.0,0.759,0.73
dataset7_CLINIC_metal_0008_data,grupo 1,14,7.3,0.0,0,ok,0.7010309278350515,True,113.0,0.759,0.73
dataset7_CLINIC_metal_0008_data,grupo 1,15,7.0,0.9410021305084229,1,ok,0.711340206185567,True,113.0,4.676,2.821
dataset7_CLINIC_metal_0008_data,grupo 1,15,4.91,0.0,0,ok,0.711340206185567,True,113.0,4.676,2.821
dataset7_CLINIC_metal_0008_data,grupo 1,15,7.3,1.0910022258758545,1,ok,0.711340206185567,True,113.0,4.676,2.821
dataset7_CLINIC_metal_0008_data,grupo 1,16,7.0,0.45288753509521484,1,ok,0.31958762886597936,True,113.0,3.097,3.588
dataset7_CLINIC_metal_0008_data,grupo 1,16,4.91,0.0,0,ok,0.31958762886597936,True,113.0,3.097,3.588
dataset7_CLINIC_metal_0008_data,grupo 1,16,7.3,0.6028876304626465,1,ok,0.31958762886597936,True,113.0,3.097,3.588
dataset7_CLINIC_metal_0008_data,grupo 1,17,7.0,0.0,0,ok,0.5154639175257731,True,113.0,1.749,1.1
dataset7_CLINIC_metal_0008_data,grupo 1,17,4.91,0.0,0,ok,0.5154639175257731,True,113.0,1.749,1.1
dataset7_CLINIC_metal_0008_data,grupo 1,17,7.3,0.0,0,ok,0.5154639175257731,True,113.0,1.749,1.1
dataset7_CLINIC_metal_0008_data,grupo 1,18,7.0,0.0,0,ok,0.38144329896907214,True,113.0,0.886,1.513
dataset7_CLINIC_metal_0008_data,grupo 1,18,4.91,0.0,0,ok,0.38144329896907214,True,113.0,0.886,1.513
dataset7_CLINIC_metal_0008_data,grupo 1,18,7.3,0.0,0,ok,0.38144329896907214,True,113.0,0.886,1.513
dataset7_CLINIC_metal_0008_data,grupo 1,19,7.0,0.0,0,ok,0.6804123711340206,True,113.0,0.484,1.487
dataset7_CLINIC_metal_0008_data,grupo 1,19,4.91,0.0,0,ok,0.6804123711340206,True,113.0,0.484,1.487
dataset7_CLINIC_metal_0008_data,grupo 1,19,7.3,0.0,0,ok,0.6804123711340206,True,113.0,0.484,1.487
dataset7_CLINIC_metal_0008_data,grupo 1,20,7.0,1.3068199157714844,1,ok,0.5463917525773195,True,113.0,3.24,4.602
dataset7_CLINIC_metal_0008_data,grupo 1,20,4.91,0.26181983947753906,1,ok,0.5463917525773195,True,113.0,3.24,4.602
dataset7_CLINIC_metal_0008_data,grupo 1,20,7.3,1.456820011138916,1,ok,0.5463917525773195,True,113.0,3.24,4.602
dataset7_CLINIC_metal_0008_data,grupo 1,21,7.0,0.0,0,ok,0.5979381443298969,True,113.0,0.45,2.949
dataset7_CLINIC_metal_0008_data,grupo 1,21,4.91,0.0,0,ok,0.5979381443298969,True,113.0,0.45,2.949
dataset7_CLINIC_metal_0008_data,grupo 1,21,7.3,0.0,0,ok,0.5979381443298969,True,113.0,0.45,2.949
dataset7_CLINIC_metal_0008_data,grupo 1,22,7.0,0.3853631019592285,1,ok,0.4536082474226804,True,113.0,4.75,1.587
dataset7_CLINIC_metal_0008_data,grupo 1,22,4.91,0.0,0,ok,0.4536082474226804,True,113.0,4.75,1.587
dataset7_CLINIC_metal_0008_data,grupo 1,22,7.3,0.5353631973266602,1,ok,0.4536082474226804,True,113.0,4.75,1.587
dataset7_CLINIC_metal_0008_data,grupo 1,23,7.0,0.0,0,ok,0.4742268041237113,True,113.0,3.622,0.828
dataset7_CLINIC_metal_0008_data,grupo 1,23,4.91,0.0,0,ok,0.4742268041237113,True,113.0,3.622,0.828
dataset7_CLINIC_metal_0008_data,grupo 1,23,7.3,0.0,0,ok,0.4742268041237113,True,113.0,3.622,0.828
dataset7_CLINIC_metal_0008_data,grupo 1,24,7.0,0.0,0,ok,0.35051546391752575,True,113.0,1.229,0.024
dataset7_CLINIC_metal_0008_data,grupo 1,24,4.91,0.0,0,ok,0.35051546391752575,True,113.0,1.229,0.024
dataset7_CLINIC_metal_0008_data,grupo 1,24,7.3,0.0,0,ok,0.35051546391752575,True,113.0,1.229,0.024
dataset7_CLINIC_metal_0008_data,grupo 1,25,7.0,0.0,0,ok,0.6597938144329897,True,113.0,0.263,0.571
dataset7_CLINIC_metal_0008_data,grupo 1,25,4.91,0.0,0,ok,0.6597938144329897,True,113.0,0.263,0.571
dataset7_CLINIC_metal_0008_data,grupo 1,25,7.3,0.0,0,ok,0.6597938144329897,True,113.0,0.263,0.571
dataset7_CLINIC_metal_0008_data,grupo 1,26,7.0,0.0,0,ok,0.6082474226804123,True,113.0,0.714,1.136
dataset7_CLINIC_metal_0008_data,grupo 1,26,4.91,0.0,0,ok,0.6082474226804123,True,113.0,0.714,1.136
dataset7_CLINIC_metal_0008_data,grupo 1,26,7.3,0.0,0,ok,0.6082474226804123,True,113.0,0.714,1.136
dataset7_CLINIC_metal_0008_data,grupo 1,27,7.0,0.0,0,ok,0.6597938144329897,True,113.0,2.691,1.047
dataset7_CLINIC_metal_0008_data,grupo 1,27,4.91,0.0,0,ok,0.6597938144329897,True,113.0,2.691,1.047
dataset7_CLINIC_metal_0008_data,grupo 1,27,7.3,0.0,0,ok,0.6597938144329897,True,113.0,2.691,1.047
dataset7_CLINIC_metal_0008_data,grupo 1,28,7.0,0.0,0,ok,0.6907216494845361,True,113.0,3.458,1.498
dataset7_CLINIC_metal_0008_data,grupo 1,28,4.91,0.0,0,ok,0.6907216494845361,True,113.0,3.458,1.498
dataset7_CLINIC_metal_0008_data,grupo 1,28,7.3,0.0,0,ok,0.6907216494845361,True,113.0,3.458,1.498
dataset7_CLINIC_metal_0008_data,grupo 1,29,7.0,0.0,0,ok,0.9072164948453608,True,113.0,1.605,3.073
dataset7_CLINIC_metal_0008_data,grupo 1,29,4.91,0.0,0,ok,0.9072164948453608,True,113.0,1.605,3.073
dataset7_CLINIC_metal_0008_data,grupo 1,29,7.3,0.0,0,ok,0.9072164948453608,True,113.0,1.605,3.073
dataset7_CLINIC_metal_0008_data,grupo 1,30,7.0,0.0,0,ok,0.7628865979381443,True,113.0,0.279,1.774
dataset7_CLINIC_metal_0008_data,grupo 1,30,4.91,0.0,0,ok,0.7628865979381443,True,113.0,0.279,1.774
dataset7_CLINIC_metal_0008_data,grupo 1,30,7.3,0.0,0,ok,0.7628865979381443,True,113.0,0.279,1.774
dataset7_CLINIC_metal_0008_data,grupo 1,31,7.0,2.058610439300537,2,ok,0.21649484536082475,True,113.0,7.441,3.258
dataset7_CLINIC_metal_0008_data,grupo 1,31,4.91,1.0136103630065918,1,ok,0.21649484536082475,True,113.0,7.441,3.258
dataset7_CLINIC_metal_0008_data,grupo 1,31,7.3,2.2086105346679688,2,ok,0.21649484536082475,True,113.0,7.441,3.258
dataset7_CLINIC_metal_0008_data,grupo 1,32,7.0,0.0,0,ok,0.29896907216494845,True,113.0,2.558,1.967
dataset7_CLINIC_metal_0008_data,grupo 1,32,4.91,0.0,0,ok,0.29896907216494845,True,113.0,2.558,1.967
dataset7_CLINIC_metal_0008_data,grupo 1,32,7.3,0.0,0,ok,0.29896907216494845,True,113.0,2.558,1.967
dataset7_CLINIC_metal_0008_data,grupo 1,33,7.0,0.0,0,ok,0.8041237113402062,True,113.0,2.241,0.147
dataset7_CLINIC_metal_0008_data,grupo 1,33,4.91,0.0,0,ok,0.8041237113402062,True,113.0,2.241,0.147
dataset7_CLINIC_metal_0008_data,grupo 1,33,7.3,0.0,0,ok,0.8041237113402062,True,113.0,2.241,0.147
dataset7_CLINIC_metal_0008_data,grupo 1,34,7.0,2.547297477722168,2,ok,0.31958762886597936,True,113.0,6.928,0.701
dataset7_CLINIC_metal_0008_data,grupo 1,34,4.91,1.5022974014282227,1,ok,0.31958762886597936,True,113.0,6.928,0.701
dataset7_CLINIC_metal_0008_data,grupo 1,34,7.3,2.6972975730895996,2,ok,0.31958762886597936,True,113.0,6.928,0.701
dataset7_CLINIC_metal_0008_data,grupo 1,35,7.0,0.0,0,ok,0.7525773195876289,True,113.0,1.022,2.061
dataset7_CLINIC_metal_0008_data,grupo 1,35,4.91,0.0,0,ok,0.7525773195876289,True,113.0,1.022,2.061
dataset7_CLINIC_metal_0008_data,grupo 1,35,7.3,0.0,0,ok,0.7525773195876289,True,113.0,1.022,2.061
dataset7_CLINIC_metal_0008_data,grupo 1,36,7.0,0.0,0,ok,0.35051546391752575,True,113.0,2.322,2.711
dataset7_CLINIC_metal_0008_data,grupo 1,36,4.91,0.0,0,ok,0.35051546391752575,True,113.0,2.322,2.711
dataset7_CLINIC_metal_0008_data,grupo 1,36,7.3,0.0,0,ok,0.35051546391752575,True,113.0,2.322,2.711
dataset7_CLINIC_metal_0008_data,grupo 1,37,7.0,0.0,0,ok,0.31958762886597936,True,113.0,2.466,1.57
dataset7_CLINIC_metal_0008_data,grupo 1,37,4.91,0.0,0,ok,0.31958762886597936,True,113.0,2.466,1.57
dataset7_CLINIC_metal_0008_data,grupo 1,37,7.3,0.031119585037231445,1,ok,0.31958762886597936,True,113.0,2.466,1.57
dataset7_CLINIC_metal_0008_data,grupo 1,38,7.0,0.0,0,ok,0.5154639175257731,True,113.0,1.125,3.381
dataset7_CLINIC_metal_0008_data,grupo 1,38,4.91,0.0,0,ok,0.5154639175257731,True,113.0,1.125,3.381
dataset7_CLINIC_metal_0008_data,grupo 1,38,7.3,0.0,0,ok,0.5154639175257731,True,113.0,1.125,3.381
dataset7_CLINIC_metal_0008_data,grupo 1,39,7.0,0.0,0,ok,0.3917525773195876,True,113.0,1.682,1.585
dataset7_CLINIC_metal_0008_data,grupo 1,39,4.91,0.0,0,ok,0.3917525773195876,True,113.0,1.682,1.585
dataset7_CLINIC_metal_0008_data,grupo 1,39,7.3,0.0,0,ok,0.3917525773195876,True,113.0,1.682,1.585
dataset7_CLINIC_metal_0008_data,grupo 1,40,7.0,0.0,0,ok,0.32989690721649484,True,113.0,1.276,1.342
dataset7_CLINIC_metal_0008_data,grupo 1,40,4.91,0.0,0,ok,0.32989690721649484,True,113.0,1.276,1.342
dataset7_CLINIC_metal_0008_data,grupo 1,40,7.3,0.0,0,ok,0.32989690721649484,True,113.0,1.276,1.342
dataset7_CLINIC_metal_0008_data,grupo 1,41,7.0,0.0,0,ok,0.7835051546391752,True,113.0,0.205,1.667
dataset7_CLINIC_metal_0008_data,grupo 1,41,4.91,0.0,0,ok,0.7835051546391752,True,113.0,0.205,1.667
dataset7_CLINIC_metal_0008_data,grupo 1,41,7.3,0.0,0,ok,0.7835051546391752,True,113.0,0.205,1.667
dataset7_CLINIC_metal_0008_data,grupo 1,42,7.0,0.0,0,ok,0.5876288659793815,True,113.0,0.904,0.823
dataset7_CLINIC_metal_0008_data,grupo 1,42,4.91,0.0,0,ok,0.5876288659793815,True,113.0,0.904,0.823
dataset7_CLINIC_metal_0008_data,grupo 1,42,7.3,0.0,0,ok,0.5876288659793815,True,113.0,0.904,0.823
dataset7_CLINIC_metal_0008_data,grupo 1,43,7.0,0.0,0,ok,0.3402061855670103,True,113.0,2.022,2.288
dataset7_CLINIC_metal_0008_data,grupo 1,43,4.91,0.0,0,ok,0.3402061855670103,True,113.0,2.022,2.288
dataset7_CLINIC_metal_0008_data,grupo 1,43,7.3,0.0,0,ok,0.3402061855670103,True,113.0,2.022,2.288
dataset7_CLINIC_metal_0008_data,grupo 1,44,7.0,0.0,0,ok,0.28865979381443296,True,113.0,2.701,0.9
dataset7_CLINIC_metal_0008_data,grupo 1,44,4.91,0.0,0,ok,0.28865979381443296,True,113.0,2.701,0.9
dataset7_CLINIC_metal_0008_data,grupo 1,44,7.3,0.0,0,ok,0.28865979381443296,True,113.0,2.701,0.9
dataset7_CLINIC_metal_0008_data,grupo 1,45,7.0,0.0,0,ok,0.7319587628865979,True,113.0,1.8,3.026
dataset7_CLINIC_metal_0008_data,grupo 1,45,4.91,0.0,0,ok,0.7319587628865979,True,113.0,1.8,3.026
dataset7_CLINIC_metal_0008_data,grupo 1,45,7.3,0.0,0,ok,0.7319587628865979,True,113.0,1.8,3.026
dataset7_CLINIC_metal_0008_data,grupo 1,46,7.0,0.0,0,ok,0.29896907216494845,True,113.0,4.132,4.053
dataset7_CLINIC_metal_0008_data,grupo 1,46,4.91,0.0,0,ok,0.29896907216494845,True,113.0,4.132,4.053
dataset7_CLINIC_metal_0008_data,grupo 1,46,7.3,0.0,0,ok,0.29896907216494845,True,113.0,4.132,4.053
dataset7_CLINIC_metal_0008_data,grupo 1,47,7.0,0.0,0,ok,0.3917525773195876,True,113.0,0.821,1.791
dataset7_CLINIC_metal_0008_data,grupo 1,47,4.91,0.0,0,ok,0.3917525773195876,True,113.0,0.821,1.791
dataset7_CLINIC_metal_0008_data,grupo 1,47,7.3,0.0,0,ok,0.3917525773195876,True,113.0,0.821,1.791
dataset7_CLINIC_metal_0008_data,grupo 1,48,7.0,0.0,0,ok,0.6804123711340206,True,113.0,0.202,0.016
dataset7_CLINIC_metal_0008_data,grupo 1,48,4.91,0.0,0,ok,0.6804123711340206,True,113.0,0.202,0.016
dataset7_CLINIC_metal_0008_data,grupo 1,48,7.3,0.0,0,ok,0.6804123711340206,True,113.0,0.202,0.016
dataset7_CLINIC_metal_0008_data,grupo 1,49,7.0,0.0,0,ok,0.6082474226804123,True,113.0,0.75,4.237
dataset7_CLINIC_metal_0008_data,grupo 1,49,4.91,0.0,0,ok,0.6082474226804123,True,113.0,0.75,4.237
dataset7_CLINIC_metal_0008_data,grupo 1,49,7.3,0.0,0,ok,0.6082474226804123,True,113.0,0.75,4.237
dataset6_CLINIC_0002_data,grupo 3,0,7.0,0.0,0,ok,0.6762589928057554,True,154.0,1.155,0.057
dataset6_CLINIC_0002_data,grupo 3,0,4.91,0.0,0,ok,0.6762589928057554,True,154.0,1.155,0.057
dataset6_CLINIC_0002_data,grupo 3,0,7.3,0.045690298080444336,1,ok,0.6762589928057554,False,154.0,1.155,0.057
dataset6_CLINIC_0002_data,grupo 3,1,7.0,2.0275931358337402,2,ok,0.43884892086330934,True,154.0,4.743,0.995
dataset6_CLINIC_0002_data,grupo 3,1,4.91,0.9825930595397949,1,ok,0.43884892086330934,True,154.0,4.743,0.995
dataset6_CLINIC_0002_data,grupo 3,1,7.3,2.177593231201172,2,ok,0.43884892086330934,False,154.0,4.743,0.995
dataset6_CLINIC_0002_data,grupo 3,2,7.0,0.0,0,ok,0.5611510791366906,True,154.0,1.283,0.558
dataset6_CLINIC_0002_data,grupo 3,2,4.91,0.0,0,ok,0.5611510791366906,True,154.0,1.283,0.558
dataset6_CLINIC_0002_data,grupo 3,2,7.3,0.0,0,ok,0.5611510791366906,False,154.0,1.283,0.558
dataset6_CLINIC_0002_data,grupo 3,3,7.0,0.0,0,ok,0.6546762589928058,True,154.0,0.354,4.66
dataset6_CLINIC_0002_data,grupo 3,3,4.91,0.0,0,ok,0.6546762589928058,True,154.0,0.354,4.66
dataset6_CLINIC_0002_data,grupo 3,3,7.3,0.0,0,ok,0.6546762589928058,False,154.0,0.354,4.66
dataset6_CLINIC_0002_data,grupo 3,4,7.0,1.5598342418670654,1,ok,0.6187050359712231,True,154.0,2.709,0.201
dataset6_CLINIC_0002_data,grupo 3,4,4.91,0.5148341655731201,1,ok,0.6187050359712231,True,154.0,2.709,0.201
dataset6_CLINIC_0002_data,grupo 3,4,7.3,1.709834337234497,1,ok,0.6187050359712231,False,154.0,2.709,0.201
dataset6_CLINIC_0002_data,grupo 3,5,7.0,0.6463701725006104,1,ok,0.5107913669064749,True,154.0,1.721,0.675
dataset6_CLINIC_0002_data,grupo 3,5,4.91,0.0,0,ok,0.5107913669064749,True,154.0,1.721,0.675
dataset6_CLINIC_0002_data,grupo 3,5,7.3,0.796370267868042,1,ok,0.5107913669064749,False,154.0,1.721,0.675
dataset6_CLINIC_0002_data,grupo 3,6,7.0,0.5077884197235107,1,ok,0.5107913669064749,True,154.0,2.538,0.869
dataset6_CLINIC_0002_data,grupo 3,6,4.91,0.0,0,ok,0.5107913669064749,True,154.0,2.538,0.869
dataset6_CLINIC_0002_data,grupo 3,6,7.3,0.6577885150909424,1,ok,0.5107913669064749,False,154.0,2.538,0.869
dataset6_CLINIC_0002_data,grupo 3,7,7.0,0.0,0,ok,0.6546762589928058,True,154.0,1.063,0.693
dataset6_CLINIC_0002_data,grupo 3,7,4.91,0.0,0,ok,0.6546762589928058,True,154.0,1.063,0.693
dataset6_CLINIC_0002_data,grupo 3,7,7.3,0.0,0,ok,0.6546762589928058,False,154.0,1.063,0.693
dataset6_CLINIC_0002_data,grupo 3,8,7.0,0.0,0,ok,0.6402877697841727,True,154.0,2.559,1.505
dataset6_CLINIC_0002_data,grupo 3,8,4.91,0.0,0,ok,0.6402877697841727,True,154.0,2.559,1.505
dataset6_CLINIC_0002_data,grupo 3,8,7.3,0.09714579582214355,1,ok,0.6402877697841727,False,154.0,2.559,1.505
dataset6_CLINIC_0002_data,grupo 3,9,7.0,4.775407314300537,3,ok,0.2540983606557377,True,154.0,6.902,1.936
dataset6_CLINIC_0002_data,grupo 3,9,4.91,3.730407238006592,2,ok,0.2540983606557377,True,154.0,6.902,1.936
dataset6_CLINIC_0002_data,grupo 3,9,7.3,4.925407409667969,3,ok,0.2540983606557377,False,154.0,6.902,1.936
dataset6_CLINIC_0002_data,grupo 3,10,7.0,1.3973398208618164,1,ok,0.5251798561151079,True,154.0,1.31,2.588
dataset6_CLINIC_0002_data,grupo 3,10,4.91,0.3523397445678711,1,ok,0.5251798561151079,True,154.0,1.31,2.588
dataset6_CLINIC_0002_data,grupo 3,10,7.3,1.547339916229248,1,ok,0.5251798561151079,False,154.0,1.31,2.588
dataset6_CLINIC_0002_data,grupo 3,11,7.0,0.0,0,ok,0.539568345323741,True,154.0,1.844,3.519
dataset6_CLINIC_0002_data,grupo 3,11,4.91,0.0,0,ok,0.539568345323741,True,154.0,1.844,3.519
dataset6_CLINIC_0002_data,grupo 3,11,7.3,0.0,0,ok,0.539568345323741,False,154.0,1.844,3.519
dataset6_CLINIC_0002_data,grupo 3,12,7.0,1.8688055276870728,1,ok,0.5179856115107914,True,154.0,2.718,1.513
dataset6_CLINIC_0002_data,grupo 3,12,4.91,0.8238054513931274,1,ok,0.5179856115107914,True,154.0,2.718,1.513
dataset6_CLINIC_0002_data,grupo 3,12,7.3,2.018805503845215,2,ok,0.5179856115107914,False,154.0,2.718,1.513
dataset6_CLINIC_0002_data,grupo 3,13,7.0,0.0,0,ok,0.60431654676259,True,154.0,0.534,0.016
dataset6_CLINIC_0002_data,grupo 3,13,4.91,0.0,0,ok,0.60431654676259,True,154.0,0.534,0.016
dataset6_CLINIC_0002_data,grupo 3,13,7.3,0.0,0,ok,0.60431654676259,False,154.0,0.534,0.016
dataset6_CLINIC_0002_data,grupo 3,14,7.0,0.0,0,ok,0.5827338129496403,True,154.0,0.515,0.567
dataset6_CLINIC_0002_data,grupo 3,14,4.91,0.0,0,ok,0.5827338129496403,True,154.0,0.515,0.567
dataset6_CLINIC_0002_data,grupo 3,14,7.3,0.0,0,ok,0.5827338129496403,False,154.0,0.515,0.567
dataset6_CLINIC_0002_data,grupo 3,15,7.0,0.6159007549285889,1,ok,0.6402877697841727,True,154.0,2.542,0.809
dataset6_CLINIC_0002_data,grupo 3,15,4.91,0.0,0,ok,0.6402877697841727,True,154.0,2.542,0.809
dataset6_CLINIC_0002_data,grupo 3,15,7.3,0.7659008502960205,1,ok,0.6402877697841727,False,154.0,2.542,0.809
dataset6_CLINIC_0002_data,grupo 3,16,7.0,0.0,0,ok,0.539568345323741,True,154.0,1.429,0.394
dataset6_CLINIC_0002_data,grupo 3,16,4.91,0.0,0,ok,0.539568345323741,True,154.0,1.429,0.394
dataset6_CLINIC_0002_data,grupo 3,16,7.3,0.0,0,ok,0.539568345323741,False,154.0,1.429,0.394
dataset6_CLINIC_0002_data,grupo 3,17,7.0,0.8114175796508789,1,ok,0.6330935251798561,True,154.0,1.301,0.739
dataset6_CLINIC_0002_data,grupo 3,17,4.91,0.0,0,ok,0.6330935251798561,True,154.0,1.301,0.739
dataset6_CLINIC_0002_data,grupo 3,17,7.3,0.9614176750183105,1,ok,0.6330935251798561,False,154.0,1.301,0.739
dataset6_CLINIC_0002_data,grupo 3,18,7.0,6.2183637619018555,3,ok,0.4,True,154.0,3.955,4.204
dataset6_CLINIC_0002_data,grupo 3,18,4.91,5.17336368560791,3,ok,0.4,True,154.0,3.955,4.204
dataset6_CLINIC_0002_data,grupo 3,18,7.3,6.368363380432129,3,ok,0.4,False,154.0,3.955,4.204
dataset6_CLINIC_0002_data,grupo 3,19,7.0,0.0,0,ok,0.5683453237410072,True,154.0,0.68,0.862
dataset6_CLINIC_0002_data,grupo 3,19,4.91,0.0,0,ok,0.5683453237410072,True,154.0,0.68,0.862
dataset6_CLINIC_0002_data,grupo 3,19,7.3,0.0,0,ok,0.5683453237410072,False,154.0,0.68,0.862
dataset6_CLINIC_0002_data,grupo 3,20,7.0,0.5529093742370605,1,ok,0.5251798561151079,True,154.0,2.257,2.618
dataset6_CLINIC_0002_data,grupo 3,20,4.91,0.0,0,ok,0.5251798561151079,True,154.0,2.257,2.618
dataset6_CLINIC_0002_data,grupo 3,20,7.3,0.7029094696044922,1,ok,0.5251798561151079,False,154.0,2.257,2.618
dataset6_CLINIC_0002_data,grupo 3,21,7.0,0.07102775573730469,1,ok,0.6330935251798561,True,154.0,2.915,1.906
dataset6_CLINIC_0002_data,grupo 3,21,4.91,0.0,0,ok,0.6330935251798561,True,154.0,2.915,1.906
dataset6_CLINIC_0002_data,grupo 3,21,7.3,0.22102785110473633,1,ok,0.6330935251798561,False,154.0,2.915,1.906
dataset6_CLINIC_0002_data,grupo 3,22,7.0,1.2346165180206299,1,ok,0.5827338129496403,True,154.0,4.123,1.501
dataset6_CLINIC_0002_data,grupo 3,22,4.91,0.18961644172668457,1,ok,0.5827338129496403,True,154.0,4.123,1.501
dataset6_CLINIC_0002_data,grupo 3,22,7.3,1.3846166133880615,1,ok,0.5827338129496403,False,154.0,4.123,1.501
dataset6_CLINIC_0002_data,grupo 3,23,7.0,0.0,0,ok,0.6474820143884892,True,154.0,2.582,3.041
dataset6_CLINIC_0002_data,grupo 3,23,4.91,0.0,0,ok,0.6474820143884892,True,154.0,2.582,3.041
dataset6_CLINIC_0002_data,grupo 3,23,7.3,0.0,0,ok,0.6474820143884892,False,154.0,2.582,3.041
dataset6_CLINIC_0002_data,grupo 3,24,7.0,0.8735430240631104,1,ok,0.4676258992805755,True,154.0,3.223,0.527
dataset6_CLINIC_0002_data,grupo 3,24,4.91,0.0,0,ok,0.4676258992805755,True,154.0,3.223,0.527
dataset6_CLINIC_0002_data,grupo 3,24,7.3,1.023543119430542,1,ok,0.4676258992805755,False,154.0,3.223,0.527
dataset6_CLINIC_0002_data,grupo 3,25,7.0,0.11519932746887207,1,ok,0.6187050359712231,True,154.0,0.999,0.295
dataset6_CLINIC_0002_data,grupo 3,25,4.91,0.0,0,ok,0.6187050359712231,True,154.0,0.999,0.295
dataset6_CLINIC_0002_data,grupo 3,25,7.3,0.2651994228363037,1,ok,0.6187050359712231,False,154.0,0.999,0.295
dataset6_CLINIC_0002_data,grupo 3,26,7.0,0.4917731285095215,1,ok,0.5035971223021583,True,154.0,2.3,2.076
dataset6_CLINIC_0002_data,grupo 3,26,4.91,0.0,0,ok,0.5035971223021583,True,154.0,2.3,2.076
dataset6_CLINIC_0002_data,grupo 3,26,7.3,0.6417732238769531,1,ok,0.5035971223021583,False,154.0,2.3,2.076
dataset6_CLINIC_0002_data,grupo 3,27,7.0,1.0169014930725098,1,ok,0.6258992805755396,True,154.0,4.186,1.285
dataset6_CLINIC_0002_data,grupo 3,27,4.91,0.0,0,ok,0.6258992805755396,True,154.0,4.186,1.285
dataset6_CLINIC_0002_data,grupo 3,27,7.3,1.1669015884399414,1,ok,0.6258992805755396,False,154.0,4.186,1.285
dataset6_CLINIC_0002_data,grupo 3,28,7.0,6.855776786804199,3,ok,0.40869565217391307,True,154.0,4.064,4.611
dataset6_CLINIC_0002_data,grupo 3,28,4.91,5.810776710510254,3,ok,0.40869565217391307,True,154.0,4.064,4.611
dataset6_CLINIC_0002_data,grupo 3,28,7.3,7.005777359008789,3,ok,0.40869565217391307,False,154.0,4.064,4.611
dataset6_CLINIC_0002_data,grupo 3,29,7.0,0.7129161357879639,1,ok,0.6258992805755396,True,154.0,2.522,1.986
dataset6_CLINIC_0002_data,grupo 3,29,4.91,0.0,0,ok,0.6258992805755396,True,154.0,2.522,1.986
dataset6_CLINIC_0002_data,grupo 3,29,7.3,0.8629162311553955,1,ok,0.6258992805755396,False,154.0,2.522,1.986
dataset6_CLINIC_0002_data,grupo 3,30,7.0,1.2066211700439453,1,ok,0.6546762589928058,True,154.0,1.933,1.229
dataset6_CLINIC_0002_data,grupo 3,30,4.91,0.16162109375,1,ok,0.6546762589928058,True,154.0,1.933,1.229
dataset6_CLINIC_0002_data,grupo 3,30,7.3,1.356621265411377,1,ok,0.6546762589928058,False,154.0,1.933,1.229
dataset6_CLINIC_0002_data,grupo 3,31,7.0,0.0,0,ok,0.539568345323741,True,154.0,2.615,3.801
dataset6_CLINIC_0002_data,grupo 3,31,4.91,0.0,0,ok,0.539568345323741,True,154.0,2.615,3.801
dataset6_CLINIC_0002_data,grupo 3,31,7.3,0.0,0,ok,0.539568345323741,False,154.0,2.615,3.801
dataset6_CLINIC_0002_data,grupo 3,32,7.0,0.44071173667907715,1,ok,0.4244604316546763,True,154.0,2.962,1.536
dataset6_CLINIC_0002_data,grupo 3,32,4.91,0.0,0,ok,0.4244604316546763,True,154.0,2.962,1.536
dataset6_CLINIC_0002_data,grupo 3,32,7.3,0.5907118320465088,1,ok,0.4244604316546763,False,154.0,2.962,1.536
dataset6_CLINIC_0002_data,grupo 3,33,7.0,0.2500030994415283,1,ok,0.5611510791366906,True,154.0,3.156,0.303
dataset6_CLINIC_0002_data,grupo 3,33,4.91,0.0,0,ok,0.5611510791366906,True,154.0,3.156,0.303
dataset6_CLINIC_0002_data,grupo 3,33,7.3,0.40000319480895996,1,ok,0.5611510791366906,False,154.0,3.156,0.303
dataset6_CLINIC_0002_data,grupo 3,34,7.0,0.0,0,ok,0.5611510791366906,True,154.0,1.572,3.62
dataset6_CLINIC_0002_data,grupo 3,34,4.91,0.0,0,ok,0.5611510791366906,True,154.0,1.572,3.62
dataset6_CLINIC_0002_data,grupo 3,34,7.3,0.0,0,ok,0.5611510791366906,False,154.0,1.572,3.62
dataset6_CLINIC_0002_data,grupo 3,35,7.0,0.6451621055603027,1,ok,0.5971223021582733,True,154.0,3.504,0.84
dataset6_CLINIC_0002_data,grupo 3,35,4.91,0.0,0,ok,0.5971223021582733,True,154.0,3.504,0.84
dataset6_CLINIC_0002_data,grupo 3,35,7.3,0.7951622009277344,1,ok,0.5971223021582733,False,154.0,3.504,0.84
dataset6_CLINIC_0002_data,grupo 3,36,7.0,0.0,0,ok,0.5755395683453237,True,154.0,0.502,1.741
dataset6_CLINIC_0002_data,grupo 3,36,4.91,0.0,0,ok,0.5755395683453237,True,154.0,0.502,1.741
dataset6_CLINIC_0002_data,grupo 3,36,7.3,0.0,0,ok,0.5755395683453237,False,154.0,0.502,1.741
dataset6_CLINIC_0002_data,grupo 3,37,7.0,0.0,0,ok,0.6402877697841727,True,154.0,1.128,0.862
dataset6_CLINIC_0002_data,grupo 3,37,4.91,0.0,0,ok,0.6402877697841727,True,154.0,1.128,0.862
dataset6_CLINIC_0002_data,grupo 3,37,7.3,0.0,0,ok,0.6402877697841727,False,154.0,1.128,0.862
dataset6_CLINIC_0002_data,grupo 3,38,7.0,0.0,0,ok,0.4676258992805755,True,154.0,1.999,0.289
dataset6_CLINIC_0002_data,grupo 3,38,4.91,0.0,0,ok,0.4676258992805755,True,154.0,1.999,0.289
dataset6_CLINIC_0002_data,grupo 3,38,7.3,0.0,0,ok,0.4676258992805755,False,154.0,1.999,0.289
dataset6_CLINIC_0002_data,grupo 3,39,7.0,0.0,0,ok,0.5323741007194245,True,154.0,0.023,0.632
dataset6_CLINIC_0002_data,grupo 3,39,4.91,0.0,0,ok,0.5323741007194245,True,154.0,0.023,0.632
dataset6_CLINIC_0002_data,grupo 3,39,7.3,0.0,0,ok,0.5323741007194245,False,154.0,0.023,0.632
dataset6_CLINIC_0002_data,grupo 3,40,7.0,1.0581259727478027,1,ok,0.5971223021582733,True,154.0,0.703,2.696
dataset6_CLINIC_0002_data,grupo 3,40,4.91,0.013125896453857422,1,ok,0.5971223021582733,True,154.0,0.703,2.696
dataset6_CLINIC_0002_data,grupo 3,40,7.3,1.2081260681152344,1,ok,0.5971223021582733,False,154.0,0.703,2.696
dataset6_CLINIC_0002_data,grupo 3,41,7.0,0.0,0,ok,0.4676258992805755,True,154.0,1.896,0.584
dataset6_CLINIC_0002_data,grupo 3,41,4.91,0.0,0,ok,0.4676258992805755,True,154.0,1.896,0.584
dataset6_CLINIC_0002_data,grupo 3,41,7.3,0.03800463676452637,1,ok,0.4676258992805755,False,154.0,1.896,0.584
dataset6_CLINIC_0002_data,grupo 3,42,7.0,0.0,0,ok,0.6187050359712231,True,154.0,2.135,0.864
dataset6_CLINIC_0002_data,grupo 3,42,4.91,0.0,0,ok,0.6187050359712231,True,154.0,2.135,0.864
dataset6_CLINIC_0002_data,grupo 3,42,7.3,0.0,0,ok,0.6187050359712231,False,154.0,2.135,0.864
dataset6_CLINIC_0002_data,grupo 3,43,7.0,0.0,0,ok,0.5899280575539568,True,154.0,0.631,0.614
dataset6_CLINIC_0002_data,grupo 3,43,4.91,0.0,0,ok,0.5899280575539568,True,154.0,0.631,0.614
dataset6_CLINIC_0002_data,grupo 3,43,7.3,0.0,0,ok,0.5899280575539568,False,154.0,0.631,0.614
dataset6_CLINIC_0002_data,grupo 3,44,7.0,0.0,0,ok,0.5251798561151079,True,154.0,1.79,2.011
dataset6_CLINIC_0002_data,grupo 3,44,4.91,0.0,0,ok,0.5251798561151079,True,154.0,1.79,2.011
dataset6_CLINIC_0002_data,grupo 3,44,7.3,0.0,0,ok,0.5251798561151079,False,154.0,1.79,2.011
dataset6_CLINIC_0002_data,grupo 3,45,7.0,0.5557596683502197,1,ok,0.539568345323741,True,154.0,2.371,0.128
dataset6_CLINIC_0002_data,grupo 3,45,4.91,0.0,0,ok,0.539568345323741,True,154.0,2.371,0.128
dataset6_CLINIC_0002_data,grupo 3,45,7.3,0.7057597637176514,1,ok,0.539568345323741,False,154.0,2.371,0.128
dataset6_CLINIC_0002_data,grupo 3,46,7.0,0.0,0,ok,0.6330935251798561,True,154.0,0.832,2.135
dataset6_CLINIC_0002_data,grupo 3,46,4.91,0.0,0,ok,0.6330935251798561,True,154.0,0.832,2.135
dataset6_CLINIC_0002_data,grupo 3,46,7.3,0.0,0,ok,0.6330935251798561,False,154.0,0.832,2.135
dataset6_CLINIC_0002_data,grupo 3,47,7.0,0.0,0,ok,0.6187050359712231,True,154.0,0.478,2.371
dataset6_CLINIC_0002_data,grupo 3,47,4.91,0.0,0,ok,0.6187050359712231,True,154.0,0.478,2.371
dataset6_CLINIC_0002_data,grupo 3,47,7.3,0.0,0,ok,0.6187050359712231,False,154.0,0.478,2.371
dataset6_CLINIC_0002_data,grupo 3,48,7.0,0.0,0,ok,0.5467625899280576,True,154.0,0.576,0.87
dataset6_CLINIC_0002_data,grupo 3,48,4.91,0.0,0,ok,0.5467625899280576,True,154.0,0.576,0.87
dataset6_CLINIC_0002_data,grupo 3,48,7.3,0.0,0,ok,0.5467625899280576,False,154.0,0.576,0.87
dataset6_CLINIC_0002_data,grupo 3,49,7.0,1.6285967826843262,1,ok,0.5251798561151079,True,154.0,0.221,3.024
dataset6_CLINIC_0002_data,grupo 3,49,4.91,0.5835967063903809,1,ok,0.5251798561151079,True,154.0,0.221,3.024
dataset6_CLINIC_0002_data,grupo 3,49,7.3,1.7785968780517578,1,ok,0.5251798561151079,False,154.0,0.221,3.024
