Caso,comp,clase,n_fragmentos,vol_mm3,L_mm,W2_mm,W3_mm,ux,uy,uz,cx_mm,cy_mm,cz_mm,frac_dentro_cuerpo,hu_p50,hu_max,d_eq_2500_mm,d_ext_2500_mm,d_ext_semimax_mm,hu_fondo,hu_umbral_semimax,dz_S1_mm,dy_S1_mm,candidato_IS,Error
dataset7_CLINIC_metal_0000_data,1,masivo,1,15910.0,189.0,45.3,22.3,0.422,-0.888,0.183,68.3,262.5,141.6,0.961,7426,19828,,,,,,,,no,
dataset7_CLINIC_metal_0000_data,2,masivo,1,18950.0,123.8,60.7,12.6,0.326,0.106,0.939,83.3,163.9,60.9,1.0,5898,8409,,,,,,,,no,
dataset7_CLINIC_metal_0000_data,3,otro,1,398.2,27.6,7.1,6.5,0.933,0.36,0.016,123.9,148.9,217.1,1.0,3361,8022,,,,,,,,no,
dataset7_CLINIC_metal_0000_data,4,otro,1,289.5,24.0,4.8,4.3,0.935,0.356,-0.005,186.2,172.7,213.9,1.0,2875,4398,,,,,,,,no,
dataset7_CLINIC_metal_0000_data,5,otro,1,14827.7,170.5,45.2,22.4,0.29,0.941,-0.175,303.3,295.3,144.1,0.965,6486,18154,,,,,,,,no,
dataset7_CLINIC_metal_0001_data,1,alargado,1,1773.5,82.9,6.2,5.9,0.991,-0.007,0.135,226.6,177.3,170.9,1.0,3456,9402,5.22,4.97,4.9,132.0,2735.0,-5.2,-12.7,si,
dataset7_CLINIC_metal_0001_data,2,otro,1,8447.7,69.5,49.7,18.4,0.644,-0.427,0.635,218.1,235.8,72.2,1.0,7224,19864,,,,,,,,no,
dataset7_CLINIC_metal_0002_data,1,otro,1,11666.4,240.2,99.6,33.2,0.995,-0.028,-0.099,238.0,264.1,158.6,0.974,4309,7274,,,,,,,,no,
dataset7_CLINIC_metal_0002_data,2,alargado,1,919.2,108.2,11.4,10.5,0.993,-0.095,-0.071,195.8,200.1,210.4,1.0,2771,5821,3.29,3.9,3.91,238.0,2584.0,-4.8,-8.6,si,
dataset7_CLINIC_metal_0003_data,1,otro,1,12144.0,195.1,53.7,45.9,0.188,-0.475,0.86,261.1,214.6,186.6,1.0,5999,18605,,,,,,,,no,
dataset7_CLINIC_metal_0003_data,2,otro,1,382.7,19.3,11.4,7.7,0.324,-0.747,-0.581,238.5,211.7,199.3,1.0,4600,14381,,,,,,,,no,
dataset7_CLINIC_metal_0003_data,3,alargado,1,441.6,102.2,9.2,5.1,0.204,-0.607,-0.768,244.3,199.2,166.8,1.0,3897,8921,2.35,4.11,3.85,-3.0,2902.0,-69.5,-4.5,no,
dataset7_CLINIC_metal_0003_data,4,alargado,1,407.8,47.2,10.0,5.2,0.105,0.329,-0.938,251.2,210.4,166.8,1.0,4490,14451,3.32,7.43,5.16,-62.0,5135.0,-69.5,6.7,no,
dataset7_CLINIC_metal_0003_data,5,otro,1,999.4,51.6,30.5,11.6,0.19,0.947,0.259,273.7,187.4,178.5,1.0,4187,17409,,,,,,,,no,
dataset7_CLINIC_metal_0003_data,6,otro,1,113.2,17.6,5.5,2.8,0.715,-0.697,-0.061,266.6,191.5,169.5,1.0,3597,8820,,,,,,,,no,
dataset7_CLINIC_metal_0003_data,7,alargado,1,950.4,59.8,6.6,5.2,0.489,0.667,0.562,279.4,182.5,196.4,1.0,6027,15056,4.5,4.62,2.95,244.0,6743.0,-39.9,-21.2,no,
dataset7_CLINIC_metal_0003_data,8,otro,1,435.8,29.5,5.9,5.1,0.308,0.951,0.029,268.7,238.5,127.8,1.0,4554,10153,,,,,,,,no,
dataset7_CLINIC_metal_0003_data,9,otro,1,7499.6,118.7,25.3,16.9,0.457,0.565,-0.687,324.3,217.7,239.5,1.0,6026,18451,,,,,,,,no,
dataset7_CLINIC_metal_0004_data,1,otro,1,5989.1,97.5,67.2,22.2,0.995,-0.027,-0.096,240.9,273.3,86.3,1.0,5620,18283,,,,,,,,no,
dataset7_CLINIC_metal_0004_data,2,alargado,1,323.6,42.7,4.4,4.5,0.997,-0.048,0.054,249.2,202.8,187.5,1.0,2787,4057,3.1,2.84,5.68,158.0,1795.0,-16.7,-15.3,si,
dataset7_CLINIC_metal_0004_data,3,alargado,1,458.2,47.6,6.8,6.4,0.997,-0.054,0.047,330.0,198.7,193.4,1.0,2887,6197,3.5,3.33,3.74,127.0,2416.0,-10.8,-19.4,no,
dataset7_CLINIC_metal_0005_data,1,otro,1,3901.1,66.6,29.8,10.0,0.491,0.865,-0.101,308.9,199.2,109.4,1.0,4730,15325,,,,,,,,no,
dataset7_CLINIC_metal_0005_data,2,otro,1,4581.9,75.6,30.1,18.6,0.617,0.613,0.493,319.4,205.9,150.8,1.0,5215,24359,,,,,,,,no,
dataset7_CLINIC_metal_0006_data,1,otro,1,7933.5,147.7,56.2,38.6,0.835,-0.227,0.501,257.3,297.1,109.3,1.0,6029,19227,,,,,,,,no,
dataset7_CLINIC_metal_0006_data,2,otro,1,5779.6,101.3,61.0,17.6,0.469,0.642,-0.607,298.4,251.2,172.6,1.0,5631,18670,,,,,,,,no,
dataset7_CLINIC_metal_0006_data,3,otro,1,3764.8,81.5,29.4,14.3,0.774,0.606,0.183,309.8,239.4,227.9,1.0,4900,15474,,,,,,,,no,
dataset7_CLINIC_metal_0006_data,4,otro,1,5719.2,93.5,39.5,22.9,0.378,-0.332,0.864,342.2,302.0,176.1,1.0,6536,18697,,,,,,,,no,
dataset7_CLINIC_metal_0007_data,1,alargado,1,1669.3,67.4,6.6,6.5,0.046,-0.381,0.923,67.4,234.0,195.2,1.0,4083,6659,5.62,5.77,5.6,55.0,2762.0,-20.4,65.4,no,
dataset7_CLINIC_metal_0007_data,2,alargado,1,2556.7,101.5,10.0,9.5,0.781,0.142,-0.608,126.8,212.7,112.5,1.0,3570,6755,5.66,5.68,5.39,237.0,2892.0,-103.1,44.1,no,
dataset7_CLINIC_metal_0007_data,3,otro,1,4473.7,97.1,44.2,13.3,0.901,0.423,0.099,276.5,170.7,223.0,1.0,4969,16126,,,,,,,,no,
dataset7_CLINIC_metal_0007_data,4,otro,1,7710.0,111.5,79.3,28.6,0.687,0.699,-0.199,269.6,187.1,162.0,1.0,5291,17265,,,,,,,,no,
dataset7_CLINIC_metal_0008_data,1,alargado,3,1091.6,102.0,11.3,11.1,0.998,0.015,0.059,231.3,181.5,167.1,1.0,3080,7539,3.69,4.56,4.26,152.0,3115.0,-10.7,-10.8,si,
dataset7_CLINIC_metal_0008_data,2,alargado,1,1347.7,87.2,11.2,10.8,0.996,0.051,0.076,222.2,163.3,152.9,1.0,3199,7596,4.44,4.92,4.45,120.0,3033.0,-24.9,-29.0,si,
dataset7_CLINIC_metal_0009_data,1,otro,1,11094.7,229.8,82.2,12.0,0.999,0.035,0.015,153.4,212.7,41.8,0.992,4528,7841,,,,,,,,no,
dataset7_CLINIC_metal_0009_data,2,otro,1,358.9,15.4,7.9,9.0,0.22,0.022,-0.975,67.7,143.5,80.1,1.0,3392,7274,,,,,,,,no,
dataset7_CLINIC_metal_0009_data,3,otro,1,387.5,16.4,12.5,5.4,0.759,0.219,-0.614,165.8,153.2,81.3,1.0,2836,4271,,,,,,,,no,
dataset7_CLINIC_metal_0010_data,1,otro,1,1114.5,25.5,14.2,7.5,0.799,0.593,0.099,176.5,260.4,88.5,1.0,3015,3584,,,,,,,,no,
dataset7_CLINIC_metal_0010_data,2,otro,1,94.6,10.7,5.6,3.5,0.825,0.056,-0.562,195.6,262.7,86.6,1.0,2775,3550,,,,,,,,no,
dataset7_CLINIC_metal_0010_data,3,otro,1,1088.7,24.7,13.2,9.1,0.928,-0.291,0.23,219.9,259.8,87.7,1.0,3042,3678,,,,,,,,no,
dataset7_CLINIC_metal_0011_data,1,masivo,1,15531.0,144.2,54.3,27.6,0.61,-0.79,-0.06,51.6,305.2,213.0,0.959,4880,15122,,,,,,,,no,
dataset7_CLINIC_metal_0011_data,2,otro,1,136.6,6.9,7.2,6.1,-0.307,-0.91,-0.28,51.2,348.2,217.6,0.874,2877,3869,,,,,,,,no,
dataset7_CLINIC_metal_0011_data,3,alargado,1,494.5,52.9,11.1,7.9,0.83,0.553,-0.072,74.8,359.9,202.5,0.998,2841,4424,3.45,7.7,10.66,-572.0,1620.0,-33.7,150.9,no,
dataset7_CLINIC_metal_0011_data,4,otro,1,52.5,7.1,5.2,2.0,0.792,0.611,0.006,85.9,382.4,237.2,0.747,3528,6144,,,,,,,,no,
dataset7_CLINIC_metal_0011_data,5,alargado,1,110.6,30.6,5.1,2.1,0.916,0.402,0.006,96.3,369.2,196.3,1.0,2841,3785,2.15,3.84,8.73,-910.0,1317.0,-39.9,160.2,no,
dataset7_CLINIC_metal_0011_data,6,otro,1,2587.7,29.9,15.5,8.0,0.994,0.108,-0.005,116.8,391.4,237.2,0.984,3767,9650,,,,,,,,no,
dataset7_CLINIC_metal_0011_data,7,alargado,1,204.1,36.0,4.5,2.6,0.581,-0.813,-0.036,117.7,239.3,200.8,1.0,2970,5548,2.69,3.92,4.55,66.0,2346.0,-35.4,30.3,no,
dataset7_CLINIC_metal_0011_data,8,otro,1,5729.6,96.5,16.1,13.6,0.995,0.084,-0.055,169.5,376.1,199.1,0.92,4089,16438,,,,,,,,no,
dataset7_CLINIC_metal_0011_data,9,otro,1,1521.2,25.0,11.0,10.0,-0.018,0.02,-1.0,195.9,397.8,221.0,0.979,6108,17309,,,,,,,,no,
dataset7_CLINIC_metal_0011_data,10,otro,1,1421.1,25.5,10.0,9.5,0.039,-0.051,0.998,215.7,399.0,220.3,0.979,6722,17171,,,,,,,,no,
dataset7_CLINIC_metal_0011_data,11,alargado,1,1470.3,94.3,8.2,3.6,0.423,0.903,0.079,326.9,279.8,200.4,0.955,3657,7523,4.45,6.27,5.58,-137.0,2935.0,-35.8,70.8,no,
dataset7_CLINIC_metal_0011_data,12,otro,1,5073.0,141.2,20.7,12.9,0.501,0.84,0.206,358.8,299.6,225.4,0.931,6048,17468,,,,,,,,no,
dataset7_CLINIC_metal_0011_data,13,otro,1,1528.9,26.3,14.1,8.8,0.993,-0.114,-0.001,338.8,372.0,196.1,0.966,4265,9965,,,,,,,,no,
dataset7_CLINIC_metal_0011_data,14,otro,1,7109.2,29.0,26.5,25.7,-0.782,0.109,0.613,365.5,341.2,198.9,0.943,5662,12967,,,,,,,,no,
dataset7_CLINIC_metal_0012_data,1,otro,1,14420.4,226.1,87.0,19.0,0.996,-0.079,-0.027,211.5,259.4,105.1,1.0,4411,15191,,,,,,,,no,
dataset7_CLINIC_metal_0012_data,2,otro,1,83.4,10.4,5.0,3.7,0.974,-0.083,0.213,214.3,172.9,176.8,1.0,2624,3118,,,,,,,,no,
dataset7_CLINIC_metal_0012_data,3,otro,1,3754.9,102.3,41.3,11.7,0.993,0.116,0.014,281.0,168.9,210.6,1.0,3881,12594,,,,,,,,no,
dataset7_CLINIC_metal_0012_data,4,otro,1,3107.4,69.4,27.5,11.7,0.699,0.385,-0.603,276.0,185.1,156.8,1.0,4912,14632,,,,,,,,no,
dataset7_CLINIC_metal_0012_data,5,otro,1,321.4,11.7,11.6,6.2,0.296,0.831,-0.471,294.1,165.6,176.1,1.0,3610,5937,,,,,,,,no,
dataset7_CLINIC_metal_0013_data,1,otro,1,5404.4,46.1,20.1,11.3,0.075,0.992,0.098,34.3,315.2,124.2,0.973,4637,17397,,,,,,,,no,
dataset7_CLINIC_metal_0013_data,2,otro,1,5390.6,46.1,20.2,11.6,0.356,-0.926,-0.128,46.5,300.0,262.4,0.974,4620,18059,,,,,,,,no,
dataset7_CLINIC_metal_0013_data,3,otro,1,6451.3,46.2,35.5,16.6,0.951,0.302,-0.065,57.5,298.3,143.3,0.954,4275,17376,,,,,,,,no,
dataset7_CLINIC_metal_0013_data,4,otro,1,9363.3,142.9,45.5,18.2,0.107,0.896,0.431,63.1,270.5,220.3,0.946,5890,18267,,,,,,,,no,
dataset7_CLINIC_metal_0013_data,5,alargado,2,973.0,69.4,6.4,4.3,0.243,-0.969,0.049,82.1,208.7,151.2,0.972,3359,10407,4.23,5.53,4.68,64.0,3670.0,-53.3,49.4,no,
dataset7_CLINIC_metal_0013_data,6,otro,1,3459.2,46.7,13.0,11.0,0.131,-0.124,0.984,239.2,376.1,255.1,0.954,9643,18835,,,,,,,,no,
dataset7_CLINIC_metal_0013_data,7,otro,1,8176.0,142.7,46.4,17.6,0.229,0.88,-0.416,318.4,273.2,100.4,0.936,8754,18337,,,,,,,,no,
dataset7_CLINIC_metal_0013_data,8,alargado,1,3087.4,118.5,7.6,4.8,0.683,0.676,0.279,342.9,211.8,190.8,0.907,8990,15405,5.76,6.37,4.77,-180.0,6803.0,-13.7,52.5,no,
dataset7_CLINIC_metal_0013_data,9,otro,1,4843.7,47.5,19.5,11.2,0.041,0.935,0.352,333.9,312.8,63.7,0.975,5396,18045,,,,,,,,no,
dataset7_CLINIC_metal_0013_data,10,otro,1,1537.7,21.2,14.4,10.8,0.272,-0.905,-0.327,376.9,252.3,221.3,0.953,8344,17352,,,,,,,,no,
dataset7_CLINIC_metal_0014_data,1,otro,1,10161.7,113.7,65.2,32.3,-0.133,-0.343,-0.93,320.0,200.2,129.8,1.0,4778,8596,,,,,,,,no,
dataset7_CLINIC_metal_0015_data,1,otro,1,13004.2,124.4,81.6,22.2,0.485,-0.614,0.623,247.4,205.9,142.7,1.0,6541,21417,,,,,,,,no,
dataset7_CLINIC_metal_0015_data,2,otro,1,6200.3,118.7,42.0,11.5,0.418,0.446,0.792,262.5,192.4,113.7,1.0,6331,20786,,,,,,,,no,
dataset7_CLINIC_metal_0016_data,1,otro,1,6018.0,162.2,29.4,10.7,0.774,-0.165,0.612,273.9,254.9,112.0,1.0,4806,8445,,,,,,,,no,
dataset7_CLINIC_metal_0016_data,2,otro,1,3290.4,57.3,57.8,32.2,0.247,-0.289,0.925,295.9,216.0,168.1,1.0,4190,8011,,,,,,,,no,
dataset7_CLINIC_metal_0016_data,3,otro,1,4014.1,112.5,30.6,12.0,0.479,0.68,-0.555,330.6,241.7,195.0,1.0,4263,7920,,,,,,,,no,
dataset7_CLINIC_metal_0016_data,4,alargado,1,701.2,79.3,4.5,4.1,0.659,0.615,0.434,327.0,269.4,133.6,1.0,4113,6994,3.35,3.34,2.77,216.0,3226.0,,,no,
dataset7_CLINIC_metal_0017_data,1,otro,1,10655.4,245.6,65.3,21.1,0.998,0.017,0.054,206.2,231.4,158.9,1.0,4472,8023,,,,,,,,no,
dataset7_CLINIC_metal_0017_data,2,otro,1,11513.8,144.4,67.2,30.0,0.998,0.031,0.05,180.6,119.9,195.1,0.997,5550,17863,,,,,,,,no,
dataset7_CLINIC_metal_0018_data,1,otro,1,5272.4,92.0,44.7,21.9,1.0,0.022,-0.01,191.1,221.3,95.6,1.0,6886,20146,,,,,,,,no,
dataset7_CLINIC_metal_0018_data,2,alargado,5,607.1,98.3,6.7,7.4,0.994,-0.078,0.074,217.8,163.3,183.7,1.0,2842,6767,2.8,4.07,4.46,226.0,2345.0,-16.9,-9.7,si,
dataset7_CLINIC_metal_0019_data,1,masivo,1,27343.2,154.8,140.1,79.1,0.45,-0.024,0.893,149.8,98.4,218.8,1.0,5813,9219,,,,,,,,no,
dataset7_CLINIC_metal_0020_data,1,masivo,1,27609.7,153.0,137.2,80.5,0.44,0.035,0.897,195.8,87.5,182.7,1.0,5485,9248,,,,,,,,no,
dataset7_CLINIC_metal_0021_data,1,otro,1,14420.4,226.1,87.0,19.0,0.996,-0.079,-0.027,211.5,259.4,105.1,1.0,4411,15191,,,,,,,,no,
dataset7_CLINIC_metal_0021_data,2,otro,1,83.4,10.4,5.0,3.7,0.974,-0.083,0.213,214.3,172.9,176.8,1.0,2624,3118,,,,,,,,no,
dataset7_CLINIC_metal_0021_data,3,otro,1,3754.9,102.3,41.3,11.7,0.993,0.116,0.014,281.0,168.9,210.6,1.0,3881,12594,,,,,,,,no,
dataset7_CLINIC_metal_0021_data,4,otro,1,3107.4,69.4,27.5,11.7,0.699,0.385,-0.603,276.0,185.1,156.8,1.0,4912,14632,,,,,,,,no,
dataset7_CLINIC_metal_0021_data,5,otro,1,321.4,11.7,11.6,6.2,0.296,0.831,-0.471,294.1,165.6,176.1,1.0,3610,5937,,,,,,,,no,
dataset7_CLINIC_metal_0022_data,1,otro,1,10354.9,227.5,72.7,13.1,0.995,-0.074,-0.072,233.1,256.3,146.9,0.996,3832,7786,,,,,,,,no,
dataset7_CLINIC_metal_0023_data,1,masivo,1,16840.0,189.0,45.1,23.6,0.299,-0.783,0.546,116.2,323.6,110.5,0.955,6550,17146,,,,,,,,no,
dataset7_CLINIC_metal_0023_data,2,otro,1,10619.0,46.0,23.0,21.8,0.004,-0.731,0.682,168.7,380.5,120.6,0.948,6441,15929,,,,,,,,no,
dataset7_CLINIC_metal_0023_data,3,otro,1,10894.4,45.8,23.7,22.6,0.107,0.653,-0.749,225.0,424.1,167.5,0.941,6846,16553,,,,,,,,no,
dataset7_CLINIC_metal_0023_data,4,otro,1,10504.2,46.1,22.6,22.1,0.025,0.571,-0.821,285.0,390.9,129.6,0.952,6823,15319,,,,,,,,no,
dataset7_CLINIC_metal_0023_data,5,masivo,1,16219.5,190.1,44.9,22.5,0.248,0.743,-0.622,357.1,328.8,132.3,0.95,6850,18782,,,,,,,,no,
dataset7_CLINIC_metal_0023_data,6,otro,1,53.0,28.7,1.6,1.4,0.739,-0.604,0.3,350.2,329.4,259.7,0.836,3005,3599,,,,,,,,no,
dataset7_CLINIC_metal_0023_data,7,otro,1,65.4,13.4,5.5,2.1,0.79,-0.557,-0.256,436.7,312.8,54.8,0.0,3614,7329,,,,,,,,no,
dataset7_CLINIC_metal_0024_data,1,otro,1,3581.9,137.4,33.5,11.5,0.761,-0.421,0.493,273.8,285.9,63.1,1.0,6060,21221,,,,,,,,no,
dataset7_CLINIC_metal_0024_data,2,otro,1,315.5,19.6,5.6,5.8,0.999,-0.04,-0.031,236.7,209.6,155.6,1.0,2842,4187,,,,,,,,no,
dataset7_CLINIC_metal_0024_data,3,alargado,1,1310.8,116.6,10.8,10.6,0.997,-0.044,0.067,300.2,237.2,177.6,1.0,3015,6857,3.78,4.01,3.71,161.0,2899.0,-6.5,-0.5,si,
dataset7_CLINIC_metal_0024_data,4,otro,1,455.0,22.0,11.4,11.1,0.975,0.208,-0.082,322.7,208.5,158.4,1.0,3682,6760,,,,,,,,no,
dataset7_CLINIC_metal_0025_data,1,otro,1,11856.4,114.1,69.6,39.7,0.233,-0.423,-0.875,158.0,212.8,112.2,1.0,5895,18822,,,,,,,,no,
dataset7_CLINIC_metal_0025_data,2,otro,1,6652.0,59.5,68.6,42.9,-0.376,0.484,-0.79,165.8,217.6,195.2,1.0,4452,8027,,,,,,,,no,
dataset7_CLINIC_metal_0025_data,3,alargado,1,558.9,36.2,5.7,5.1,0.537,0.624,-0.568,169.7,211.3,98.4,1.0,5793,14144,4.43,4.48,2.83,220.0,6362.0,-100.6,-2.3,no,
dataset7_CLINIC_metal_0026_data,1,otro,1,13030.6,113.6,68.6,39.8,0.296,-0.376,-0.878,198.6,237.2,91.4,1.0,6055,22724,,,,,,,,no,
dataset7_CLINIC_metal_0026_data,2,otro,1,7163.4,69.6,61.8,43.1,0.814,-0.507,0.285,206.8,243.1,172.6,1.0,4770,9530,,,,,,,,no,
dataset7_CLINIC_metal_0027_data,1,masivo,1,15132.2,174.7,102.8,44.4,0.551,0.406,-0.729,196.8,273.1,160.6,1.0,5682,18873,,,,,,,,no,
dataset7_CLINIC_metal_0027_data,2,otro,1,4659.8,70.4,45.2,16.8,0.486,0.371,-0.791,301.2,253.6,205.0,1.0,5936,15147,,,,,,,,no,
dataset7_CLINIC_metal_0027_data,3,otro,1,135.7,7.5,7.5,8.3,0.104,0.221,-0.97,329.3,246.2,217.4,1.0,3069,4918,,,,,,,,no,
dataset7_CLINIC_metal_0027_data,4,laminar,2,372.9,38.2,10.0,2.2,0.031,0.012,-0.999,448.9,182.2,71.3,0.0,3300,5806,,,,,,,,no,
dataset7_CLINIC_metal_0028_data,1,otro,1,11732.9,138.6,79.2,42.0,0.847,0.202,-0.491,155.8,233.1,127.7,1.0,6164,19090,,,,,,,,no,
dataset7_CLINIC_metal_0028_data,2,otro,1,4110.3,76.9,36.2,16.8,0.79,-0.255,-0.558,132.3,191.1,196.7,1.0,5563,17169,,,,,,,,no,
dataset7_CLINIC_metal_0028_data,3,alargado,3,166.9,45.3,5.2,3.6,0.966,-0.185,0.178,201.4,194.7,192.8,1.0,2730,3605,2.17,4.63,6.08,239.0,1678.0,-15.9,-10.6,si,
dataset7_CLINIC_metal_0028_data,4,otro,1,5324.3,70.3,44.9,48.5,0.544,0.355,-0.76,251.0,190.8,190.4,1.0,5705,16829,,,,,,,,no,
dataset7_CLINIC_metal_0029_data,1,otro,1,11800.2,194.9,56.0,44.6,0.308,-0.376,0.874,236.6,187.4,148.6,1.0,6130,20549,,,,,,,,no,
dataset7_CLINIC_metal_0029_data,2,otro,1,790.1,103.8,16.5,11.2,-0.041,0.594,0.803,221.8,176.8,148.9,1.0,4466,14972,,,,,,,,no,
dataset7_CLINIC_metal_0029_data,3,otro,1,960.9,52.1,29.6,11.5,0.235,0.962,0.137,249.0,160.1,143.4,1.0,4249,19244,,,,,,,,no,
dataset7_CLINIC_metal_0029_data,4,otro,1,410.5,29.8,5.7,5.7,0.327,0.939,-0.108,237.6,206.9,89.6,1.0,4997,11542,,,,,,,,no,
dataset7_CLINIC_metal_0029_data,5,otro,1,138.9,18.0,5.6,4.5,0.613,-0.777,-0.144,240.2,165.1,135.2,1.0,3806,10658,,,,,,,,no,
dataset7_CLINIC_metal_0029_data,6,alargado,1,870.9,59.8,6.3,5.4,0.585,0.696,0.417,257.3,157.3,160.6,1.0,6056,15264,4.31,4.46,2.88,278.0,6569.0,-43.2,-23.0,no,
dataset7_CLINIC_metal_0029_data,7,otro,1,7122.5,118.3,25.6,16.9,0.375,0.486,-0.79,308.4,194.2,193.2,1.0,6465,18925,,,,,,,,no,
dataset7_CLINIC_metal_0030_data,1,otro,1,9116.2,237.2,76.1,16.5,0.999,0.036,-0.02,190.7,211.0,120.6,1.0,4136,9001,,,,,,,,no,
dataset7_CLINIC_metal_0030_data,2,alargado,1,1650.4,72.6,6.5,6.3,0.651,0.678,-0.341,244.1,127.8,151.3,1.0,3975,7208,5.38,5.53,5.4,301.0,2829.0,-19.4,-43.7,no,
dataset7_CLINIC_metal_0030_data,3,otro,1,3294.7,64.7,20.1,9.8,0.79,0.563,-0.242,263.9,135.8,170.6,1.0,6169,21371,,,,,,,,no,
dataset7_CLINIC_metal_0031_data,1,otro,1,14061.3,176.9,64.6,73.1,0.522,-0.39,0.759,275.0,192.0,72.6,1.0,6053,19448,,,,,,,,no,
dataset7_CLINIC_metal_0031_data,2,otro,1,55.3,8.1,3.2,2.7,-0.113,0.019,-0.993,211.6,219.0,236.6,1.0,4325,12510,,,,,,,,no,
dataset7_CLINIC_metal_0031_data,3,otro,1,1643.6,31.6,24.6,10.4,-0.334,-0.767,-0.548,270.0,166.8,84.8,1.0,6133,16101,,,,,,,,no,
dataset7_CLINIC_metal_0031_data,4,alargado,1,920.6,64.3,6.0,5.1,0.086,0.603,0.793,276.4,164.7,51.5,1.0,6298,16387,4.27,4.03,2.66,213.0,7045.0,-44.7,-7.7,no,
dataset7_CLINIC_metal_0031_data,5,alargado,1,1102.6,79.7,5.4,5.3,0.403,-0.716,0.57,313.2,226.6,86.7,1.0,6707,17314,4.2,4.28,2.93,304.0,7739.0,-9.5,54.2,no,
dataset7_CLINIC_metal_0032_data,1,alargado,1,1085.6,69.2,7.2,5.2,0.9,-0.335,0.28,98.3,139.5,200.4,1.0,5849,17260,4.47,5.84,3.42,174.0,6615.0,15.9,-20.0,no,
dataset7_CLINIC_metal_0032_data,2,otro,1,13093.3,162.3,93.5,43.5,0.239,0.487,-0.84,126.2,170.7,124.5,1.0,6265,19918,,,,,,,,no,
dataset7_CLINIC_metal_0033_data,1,alargado,1,1255.8,107.3,6.8,6.7,0.992,-0.087,0.094,222.4,142.8,178.1,1.0,2988,6979,3.86,4.75,5.13,124.0,2221.0,-25.7,-33.0,si,
dataset7_CLINIC_metal_0033_data,2,alargado,1,2530.9,107.2,6.3,6.1,0.71,-0.276,0.647,281.0,214.1,127.0,1.0,4024,6933,5.48,5.62,5.48,142.0,2885.0,-76.8,38.3,no,
dataset7_CLINIC_metal_0034_data,1,masivo,1,15531.0,144.2,54.3,27.6,0.61,-0.79,-0.06,51.6,305.2,213.0,0.959,4880,15122,,,,,,,,no,
dataset7_CLINIC_metal_0034_data,2,otro,1,136.6,6.9,7.2,6.1,-0.307,-0.91,-0.28,51.2,348.2,217.6,0.874,2877,3869,,,,,,,,no,
dataset7_CLINIC_metal_0034_data,3,alargado,1,494.5,52.9,11.1,7.9,0.83,0.553,-0.072,74.8,359.9,202.5,0.998,2841,4424,3.45,7.7,10.66,-572.0,1620.0,-33.7,150.9,no,
dataset7_CLINIC_metal_0034_data,4,otro,1,52.5,7.1,5.2,2.0,0.792,0.611,0.006,85.9,382.4,237.2,0.747,3528,6144,,,,,,,,no,
dataset7_CLINIC_metal_0034_data,5,alargado,1,110.6,30.6,5.1,2.1,0.916,0.402,0.006,96.3,369.2,196.3,1.0,2841,3785,2.15,3.84,8.73,-910.0,1317.0,-39.9,160.2,no,
dataset7_CLINIC_metal_0034_data,6,otro,1,2587.7,29.9,15.5,8.0,0.994,0.108,-0.005,116.8,391.4,237.2,0.984,3767,9650,,,,,,,,no,
dataset7_CLINIC_metal_0034_data,7,alargado,1,204.1,36.0,4.5,2.6,0.581,-0.813,-0.036,117.7,239.3,200.8,1.0,2970,5548,2.69,3.92,4.55,66.0,2346.0,-35.4,30.3,no,
dataset7_CLINIC_metal_0034_data,8,otro,1,5729.6,96.5,16.1,13.6,0.995,0.084,-0.055,169.5,376.1,199.1,0.92,4089,16438,,,,,,,,no,
dataset7_CLINIC_metal_0034_data,9,otro,1,1521.2,25.0,11.0,10.0,-0.018,0.02,-1.0,195.9,397.8,221.0,0.979,6108,17309,,,,,,,,no,
dataset7_CLINIC_metal_0034_data,10,otro,1,1421.1,25.5,10.0,9.5,0.039,-0.051,0.998,215.7,399.0,220.3,0.979,6722,17171,,,,,,,,no,
dataset7_CLINIC_metal_0034_data,11,alargado,1,1470.3,94.3,8.2,3.6,0.423,0.903,0.079,326.9,279.8,200.4,0.955,3657,7523,4.45,6.27,5.58,-137.0,2935.0,-35.8,70.8,no,
dataset7_CLINIC_metal_0034_data,12,otro,1,5073.0,141.2,20.7,12.9,0.501,0.84,0.206,358.8,299.6,225.4,0.931,6048,17468,,,,,,,,no,
dataset7_CLINIC_metal_0034_data,13,otro,1,1528.9,26.3,14.1,8.8,0.993,-0.114,-0.001,338.8,372.0,196.1,0.966,4265,9965,,,,,,,,no,
dataset7_CLINIC_metal_0034_data,14,otro,1,7109.2,29.0,26.5,25.7,-0.782,0.109,0.613,365.5,341.2,198.9,0.943,5662,12967,,,,,,,,no,
dataset7_CLINIC_metal_0035_data,1,otro,1,68.4,13.1,3.5,2.7,0.378,0.712,0.592,213.6,173.9,194.6,1.0,4374,14785,,,,,,,,no,
dataset7_CLINIC_metal_0035_data,2,alargado,2,952.0,83.5,6.6,3.5,0.699,0.715,-0.013,302.1,174.7,52.2,1.0,2981,7416,3.81,5.61,4.78,124.0,2711.0,-154.0,33.4,no,
dataset7_CLINIC_metal_0035_data,3,otro,1,566.4,33.4,9.2,4.1,0.727,0.687,-0.026,291.9,172.4,31.4,1.0,3116,6615,,,,,,,,no,
dataset7_CLINIC_metal_0035_data,4,otro,1,70.6,13.5,6.6,2.2,0.757,-0.653,0.027,310.3,188.0,30.7,1.0,2599,2836,,,,,,,,no,
dataset7_CLINIC_metal_0036_data,1,otro,1,934.6,28.4,9.9,9.9,0.226,0.147,-0.963,99.5,171.1,258.5,0.0,6025,18002,,,,,,,,no,
dataset7_CLINIC_metal_0037_data,1,masivo,1,29753.4,184.1,72.1,44.8,0.032,-0.958,0.285,106.9,327.8,82.5,0.947,6011,20458,,,,,,,,no,
dataset7_CLINIC_metal_0037_data,2,otro,1,10750.8,45.4,22.0,21.2,0.205,-0.9,0.384,96.8,350.8,128.3,0.94,6470,16984,,,,,,,,no,
dataset7_CLINIC_metal_0037_data,3,otro,1,8711.0,46.2,22.4,21.6,-0.084,0.258,0.963,211.9,395.8,124.3,0.964,8205,19122,,,,,,,,no,
dataset7_CLINIC_metal_0037_data,4,otro,1,3479.5,66.6,29.0,9.8,0.424,0.9,-0.098,283.6,188.5,159.3,0.995,5303,17333,,,,,,,,no,
dataset7_CLINIC_metal_0037_data,5,otro,1,4111.0,75.9,30.1,18.2,0.543,0.671,0.505,292.0,196.1,200.7,1.0,5984,22999,,,,,,,,no,
dataset7_CLINIC_metal_0037_data,6,masivo,1,31909.2,179.6,67.7,44.8,0.034,0.927,-0.373,317.1,337.9,81.8,0.942,6116,18582,,,,,,,,no,
dataset7_CLINIC_metal_0037_data,7,otro,1,10271.2,43.2,22.1,21.4,0.07,0.893,-0.445,332.7,364.9,123.0,0.966,6299,14808,,,,,,,,no,
dataset7_CLINIC_metal_0038_data,1,otro,1,3883.3,66.3,29.4,9.8,0.345,0.933,-0.107,388.8,306.4,164.1,1.0,4164,13682,,,,,,,,no,
dataset7_CLINIC_metal_0038_data,2,otro,1,4562.5,76.1,30.2,18.3,0.545,0.694,0.471,401.1,313.5,204.9,1.0,4970,20692,,,,,,,,no,
dataset7_CLINIC_metal_0039_data,1,alargado,1,1547.8,76.9,10.7,10.8,0.985,-0.045,-0.164,281.9,195.5,154.8,1.0,3092,6593,5.06,4.93,4.65,175.0,2740.0,-35.9,-30.4,si,
dataset7_CLINIC_metal_0039_data,2,alargado,1,2639.2,97.1,9.9,9.8,0.819,-0.288,0.496,314.1,265.1,97.5,1.0,3838,6778,5.88,5.76,5.61,293.0,2777.0,-93.2,39.2,no,
dataset7_CLINIC_metal_0040_data,1,otro,1,407.3,18.2,11.4,10.6,0.997,-0.076,-0.004,153.7,167.8,197.1,1.0,3323,6249,,,,,,,,no,
dataset7_CLINIC_metal_0040_data,2,masivo,1,16961.2,133.7,99.5,29.6,0.773,-0.473,0.422,240.8,247.6,107.5,1.0,5924,20193,,,,,,,,no,
dataset7_CLINIC_metal_0040_data,3,alargado,2,196.1,33.4,5.7,5.6,0.994,0.044,-0.096,228.0,170.8,194.3,1.0,2719,3513,2.73,6.16,6.78,213.0,1730.0,-29.8,-24.0,si,
dataset7_CLINIC_metal_0040_data,4,otro,1,387.7,12.0,12.0,9.9,0.058,0.043,0.997,289.6,173.7,194.5,1.0,3795,6586,,,,,,,,no,
dataset7_CLINIC_metal_0041_data,1,alargado,1,2987.5,102.0,9.9,9.5,0.785,0.072,-0.616,251.2,352.2,98.5,1.0,3863,6954,6.11,6.03,5.72,302.0,2818.0,-92.4,62.9,no,
dataset7_CLINIC_metal_0041_data,2,otro,1,4465.9,95.9,44.7,13.9,0.935,0.315,0.161,388.6,293.4,204.3,1.0,4654,15074,,,,,,,,no,
dataset7_CLINIC_metal_0041_data,3,otro,1,8022.6,109.1,77.2,29.9,0.767,0.63,-0.12,385.2,311.9,143.9,1.0,5016,15704,,,,,,,,no,
dataset7_CLINIC_metal_0042_data,1,masivo,1,23234.5,163.3,45.7,25.1,0.154,0.984,-0.093,116.8,263.5,129.0,0.969,5262,18057,,,,,,,,no,
dataset7_CLINIC_metal_0042_data,2,alargado,3,556.8,65.8,7.1,7.8,0.981,-0.05,0.188,135.0,108.5,197.4,1.0,2772,4710,3.28,5.11,6.16,358.0,2001.0,-15.5,-5.0,si,
dataset7_CLINIC_metal_0042_data,3,otro,1,72.4,13.9,4.2,1.7,0.926,-0.369,-0.084,187.1,101.2,204.7,1.0,2712,3055,,,,,,,,no,
dataset7_CLINIC_metal_0042_data,4,otro,1,200.9,19.2,7.7,7.7,0.938,-0.345,0.042,247.7,78.5,197.9,1.0,2926,4999,,,,,,,,no,
dataset7_CLINIC_metal_0042_data,5,alargado,1,1145.3,80.8,8.2,4.0,0.265,0.964,-0.032,287.0,150.2,135.0,1.0,3073,6093,4.25,7.03,7.24,280.0,2386.0,-77.9,36.7,no,
dataset7_CLINIC_metal_0042_data,6,otro,1,9981.6,45.7,24.5,21.6,0.113,0.052,-0.992,287.4,228.5,140.7,0.96,5944,17701,,,,,,,,no,
dataset7_CLINIC_metal_0042_data,7,otro,1,10579.8,45.8,30.5,21.9,-0.101,-0.076,0.992,303.0,254.2,142.2,0.97,6194,18036,,,,,,,,no,
dataset7_CLINIC_metal_0042_data,8,otro,1,242.4,11.5,7.1,4.2,0.085,0.996,0.019,295.8,283.4,136.5,0.954,3922,9475,,,,,,,,no,
dataset7_CLINIC_metal_0042_data,9,laminar,1,100.0,45.3,13.2,2.3,0.594,0.344,-0.727,358.6,116.5,232.8,0.295,3038,6833,,,,,,,,no,
dataset7_CLINIC_metal_0043_data,1,otro,1,5404.4,46.1,20.1,11.3,0.075,0.992,0.098,34.3,315.2,124.2,0.973,4637,17397,,,,,,,,no,
dataset7_CLINIC_metal_0043_data,2,otro,1,5390.6,46.1,20.2,11.6,0.356,-0.926,-0.128,46.5,300.0,262.4,0.974,4620,18059,,,,,,,,no,
dataset7_CLINIC_metal_0043_data,3,otro,1,6451.3,46.2,35.5,16.6,0.951,0.302,-0.065,57.5,298.3,143.3,0.954,4275,17376,,,,,,,,no,
dataset7_CLINIC_metal_0043_data,4,otro,1,9363.3,142.9,45.5,18.2,0.107,0.896,0.431,63.1,270.5,220.3,0.946,5890,18267,,,,,,,,no,
dataset7_CLINIC_metal_0043_data,5,alargado,2,973.0,69.4,6.4,4.3,0.243,-0.969,0.049,82.1,208.7,151.2,0.972,3359,10407,4.23,5.53,4.68,64.0,3670.0,-53.3,49.4,no,
dataset7_CLINIC_metal_0043_data,6,otro,1,3459.2,46.7,13.0,11.0,0.131,-0.124,0.984,239.2,376.1,255.1,0.954,9643,18835,,,,,,,,no,
dataset7_CLINIC_metal_0043_data,7,otro,1,8176.0,142.7,46.4,17.6,0.229,0.88,-0.416,318.4,273.2,100.4,0.936,8754,18337,,,,,,,,no,
dataset7_CLINIC_metal_0043_data,8,alargado,1,3087.4,118.5,7.6,4.8,0.683,0.676,0.279,342.9,211.8,190.8,0.907,8990,15405,5.76,6.37,4.77,-180.0,6803.0,-13.7,52.5,no,
dataset7_CLINIC_metal_0043_data,9,otro,1,4843.7,47.5,19.5,11.2,0.041,0.935,0.352,333.9,312.8,63.7,0.975,5396,18045,,,,,,,,no,
dataset7_CLINIC_metal_0043_data,10,otro,1,1537.7,21.2,14.4,10.8,0.272,-0.905,-0.327,376.9,252.3,221.3,0.953,8344,17352,,,,,,,,no,
dataset7_CLINIC_metal_0044_data,1,otro,1,5569.2,46.0,19.5,11.8,0.13,0.987,0.094,72.9,334.9,114.5,0.97,4455,16386,,,,,,,,no,
dataset7_CLINIC_metal_0044_data,2,otro,1,5886.6,45.9,20.2,12.4,0.31,-0.941,-0.138,83.5,316.7,256.7,0.971,4356,17485,,,,,,,,no,
dataset7_CLINIC_metal_0044_data,3,otro,1,10405.2,141.3,45.8,17.0,0.237,-0.96,0.15,99.9,299.3,136.9,0.962,4223,14987,,,,,,,,no,
dataset7_CLINIC_metal_0044_data,4,otro,1,10552.2,142.1,45.4,18.4,0.145,0.896,0.42,99.7,288.4,215.1,0.947,5308,17488,,,,,,,,no,
dataset7_CLINIC_metal_0044_data,5,otro,1,4344.6,46.7,16.1,14.5,0.086,-0.1,0.991,277.5,390.6,250.1,0.961,7399,20136,,,,,,,,no,
dataset7_CLINIC_metal_0044_data,6,otro,1,9414.6,142.9,46.5,20.0,0.267,0.85,-0.454,362.5,282.2,101.1,0.915,6643,18119,,,,,,,,no,
dataset7_CLINIC_metal_0044_data,7,otro,1,9516.6,137.3,45.1,19.3,0.712,0.621,0.328,408.3,244.9,210.7,0.95,5825,16029,,,,,,,,no,
dataset7_CLINIC_metal_0044_data,8,otro,1,5697.6,47.2,20.1,11.4,0.055,0.951,0.303,380.3,318.4,64.2,0.971,4624,17665,,,,,,,,no,
dataset7_CLINIC_metal_0045_data,1,alargado,2,1052.8,96.8,11.1,11.1,0.938,0.338,-0.077,157.9,180.3,40.1,1.0,2914,5956,3.72,4.26,4.02,206.0,2592.0,-16.4,-6.8,si,
dataset7_CLINIC_metal_0045_data,2,alargado,1,222.8,54.8,11.7,2.6,0.837,-0.273,0.474,284.6,331.1,222.0,0.661,3296,8078,2.28,11.58,11.4,-865.0,2724.0,165.5,144.0,no,
dataset7_CLINIC_metal_0046_data,1,otro,1,1325.5,32.4,12.3,8.8,0.414,0.302,-0.859,96.2,232.4,180.1,0.836,8359,24340,,,,,,,,no,
dataset7_CLINIC_metal_0046_data,2,otro,1,1384.1,37.4,10.8,9.3,0.797,0.058,0.601,210.6,81.4,85.3,0.904,7149,20367,,,,,,,,no,
dataset7_CLINIC_metal_0047_data,1,masivo,1,26923.0,167.4,73.6,29.3,0.007,0.985,-0.17,90.7,253.1,150.7,0.95,7208,19772,,,,,,,,no,
dataset7_CLINIC_metal_0047_data,2,otro,1,11817.1,45.3,23.7,22.5,0.04,0.994,0.101,133.5,283.2,110.1,0.963,5393,18622,,,,,,,,no,
dataset7_CLINIC_metal_0047_data,3,alargado,1,307.1,36.4,5.6,5.0,0.998,0.066,0.007,172.5,134.3,198.0,1.0,2893,5012,3.28,4.16,5.61,249.0,2092.0,-13.6,-16.3,si,
dataset7_CLINIC_metal_0047_data,4,alargado,2,926.2,87.4,11.3,11.4,0.991,0.103,0.084,216.9,118.4,188.4,1.0,3083,7531,3.67,4.37,3.76,167.0,3120.0,-23.2,-32.2,si,
dataset7_CLINIC_metal_0047_data,5,otro,1,11154.6,45.4,23.0,22.2,0.037,0.986,0.165,218.5,271.8,179.3,0.966,5874,17467,,,,,,,,no,
dataset7_CLINIC_metal_0047_data,6,otro,1,510.4,43.2,11.8,11.2,0.996,0.082,-0.028,258.4,140.3,203.7,1.0,3535,7500,,,,,,,,no,
dataset7_CLINIC_metal_0047_data,7,masivo,1,15914.7,170.0,45.0,31.0,-0.112,-0.925,0.363,280.8,253.6,112.3,0.939,7498,19895,,,,,,,,no,
dataset7_CLINIC_metal_0047_data,8,otro,1,148.1,16.4,4.8,4.2,0.202,0.978,0.048,276.9,204.0,149.9,1.0,2803,3733,,,,,,,,no,
dataset7_CLINIC_metal_0047_data,9,otro,1,9421.0,45.7,23.2,22.7,0.055,-0.095,0.994,298.6,254.8,155.8,0.957,8516,19841,,,,,,,,no,
dataset7_CLINIC_metal_0047_data,10,otro,1,397.4,27.4,6.3,4.1,0.271,0.962,0.0,302.4,307.6,151.7,0.954,3588,13570,,,,,,,,no,
dataset7_CLINIC_metal_0047_data,11,otro,1,189.7,16.3,5.6,4.9,0.958,0.104,-0.267,311.7,269.8,91.9,0.868,2608,2852,,,,,,,,no,
dataset7_CLINIC_metal_0048_data,1,alargado,1,1405.3,102.4,11.3,10.4,0.996,0.024,0.084,234.3,149.3,118.6,1.0,3103,8194,4.18,4.75,4.19,134.0,3102.0,-8.0,-14.8,si,
dataset7_CLINIC_metal_0048_data,2,alargado,1,1355.2,87.3,11.2,11.0,0.993,0.061,0.101,227.1,129.6,106.4,1.0,3255,8051,4.45,4.97,4.38,112.0,3123.0,-20.2,-34.5,si,
dataset7_CLINIC_metal_0048_data,3,otro,1,69.4,9.7,3.2,3.3,0.017,0.068,-0.998,208.5,202.2,245.4,1.0,4621,20547,,,,,,,,no,
dataset7_CLINIC_metal_0049_data,1,otro,1,14782.5,169.9,45.5,22.4,0.444,-0.81,0.382,97.7,340.1,111.7,0.959,7129,17140,,,,,,,,no,
dataset7_CLINIC_metal_0049_data,2,alargado,1,1462.6,97.7,5.9,6.4,0.995,-0.071,-0.075,208.8,199.8,180.7,1.0,2994,6077,4.37,4.47,5.08,147.0,2132.0,-28.7,-33.2,si,
dataset7_CLINIC_metal_0049_data,3,otro,1,10879.0,45.2,22.0,21.8,-0.01,-0.105,0.994,277.2,431.4,120.4,0.938,5890,17174,,,,,,,,no,
dataset7_CLINIC_metal_0049_data,4,masivo,1,15203.4,170.0,45.2,23.2,0.608,0.661,-0.44,392.1,315.6,114.1,0.947,7564,18319,,,,,,,,no,
dataset7_CLINIC_metal_0050_data,1,alargado,1,1540.0,72.5,6.7,5.9,0.941,0.271,-0.204,155.7,139.6,187.5,1.0,3247,7067,5.2,5.2,5.57,209.0,2258.0,-10.7,-13.2,si,
dataset7_CLINIC_metal_0050_data,2,alargado,1,1346.5,62.7,6.6,5.8,0.978,0.014,-0.206,155.5,121.5,173.7,1.0,3278,6288,5.23,5.14,5.66,177.0,2179.0,-24.5,-31.3,si,
dataset7_CLINIC_metal_0050_data,3,otro,1,6329.7,67.9,53.5,13.4,-0.06,0.805,0.591,185.8,211.3,82.4,1.0,5345,16268,,,,,,,,no,
dataset7_CLINIC_metal_0051_data,1,otro,1,12196.5,227.0,78.0,19.7,0.996,-0.009,0.084,209.8,266.9,129.8,0.992,4952,8522,,,,,,,,no,
dataset7_CLINIC_metal_0051_data,2,alargado,1,2065.5,88.0,6.4,5.8,0.963,0.17,0.208,177.5,193.0,164.3,1.0,3934,9565,5.47,5.33,4.8,282.0,3505.0,-15.5,-13.4,si,
dataset7_CLINIC_metal_0051_data,3,otro,1,283.1,21.1,18.9,3.0,0.94,-0.312,-0.139,210.6,213.4,112.6,1.0,4137,12157,,,,,,,,no,
dataset7_CLINIC_metal_0052_data,1,otro,1,10545.3,167.9,83.7,46.0,1.0,0.0,-0.002,252.0,250.6,134.9,1.0,5973,21442,,,,,,,,no,
dataset7_CLINIC_metal_0053_data,1,otro,1,9980.6,167.4,84.3,45.9,0.983,0.174,-0.05,207.6,189.6,98.1,1.0,5700,20024,,,,,,,,no,
dataset7_CLINIC_metal_0054_data,1,otro,1,9944.0,166.6,84.1,45.5,1.0,-0.015,-0.012,194.7,227.3,155.3,1.0,5950,20802,,,,,,,,no,
dataset7_CLINIC_metal_0054_data,2,masivo,1,15258.2,144.9,41.0,13.4,0.11,-0.091,0.99,314.4,196.8,82.9,1.0,5736,8358,,,,,,,,no,
dataset7_CLINIC_metal_0055_data,1,otro,1,4071.7,78.1,17.0,14.8,0.562,-0.705,0.433,155.7,288.6,212.3,1.0,6221,17268,,,,,,,,no,
dataset7_CLINIC_metal_0055_data,2,otro,1,6240.9,147.4,33.6,16.6,0.69,-0.19,-0.698,197.1,319.3,103.2,1.0,6561,18415,,,,,,,,no,
dataset7_CLINIC_metal_0055_data,3,otro,1,6913.9,100.5,47.5,22.8,-0.208,0.627,-0.751,185.6,270.6,171.2,1.0,5326,16813,,,,,,,,no,
dataset7_CLINIC_metal_0055_data,4,otro,1,144.2,7.5,8.0,8.0,-0.137,-0.164,-0.977,184.4,242.3,163.5,1.0,3095,5808,,,,,,,,no,
dataset7_CLINIC_metal_0055_data,5,otro,1,602.4,31.9,11.2,5.9,0.96,0.193,0.204,242.8,255.9,183.6,1.0,2850,4709,,,,,,,,no,
dataset7_CLINIC_metal_0055_data,6,otro,1,105.2,11.0,5.2,4.3,0.983,-0.118,0.137,254.2,234.3,162.8,1.0,2697,3671,,,,,,,,no,
dataset7_CLINIC_metal_0055_data,7,alargado,1,2064.0,92.9,6.4,6.1,0.729,-0.15,0.668,341.6,286.4,91.1,1.0,3744,7226,5.32,5.04,4.82,214.0,2745.0,-104.4,22.3,no,
dataset7_CLINIC_metal_0056_data,1,otro,1,5614.4,104.6,29.7,26.6,0.837,-0.513,0.192,86.9,180.1,216.7,1.0,5204,15610,,,,,,,,no,
dataset7_CLINIC_metal_0056_data,2,otro,1,4394.9,90.7,51.4,11.8,0.829,-0.467,0.309,123.9,176.7,180.3,1.0,5368,15449,,,,,,,,no,
dataset7_CLINIC_metal_0056_data,3,otro,1,5699.3,79.6,34.6,20.3,0.976,0.085,-0.202,197.7,247.5,97.5,1.0,5453,17790,,,,,,,,no,
dataset7_CLINIC_metal_0057_data,1,masivo,1,15775.6,157.6,113.7,55.8,0.259,-0.417,0.871,276.2,214.7,107.1,1.0,5877,18224,,,,,,,,no,
dataset7_CLINIC_metal_0057_data,2,alargado,1,744.7,50.7,5.3,5.2,0.395,-0.813,0.428,344.0,247.4,173.5,1.0,6354,16834,4.33,4.38,3.01,305.0,7495.0,-13.3,44.4,no,
dataset7_CLINIC_metal_0058_data,1,masivo,1,24339.5,136.3,64.0,15.8,0.186,-0.02,0.982,56.8,184.6,74.9,1.0,4728,7678,,,,,,,,no,
dataset7_CLINIC_metal_0058_data,2,alargado,1,2460.8,107.0,6.7,6.0,0.635,0.397,-0.662,121.1,211.2,137.6,1.0,3351,5848,5.41,5.67,5.64,272.0,2513.0,-114.3,66.5,no,
dataset7_CLINIC_metal_0058_data,3,otro,1,608.1,33.9,14.8,7.8,0.987,0.142,-0.075,113.7,170.1,211.6,1.0,2845,6277,,,,,,,,no,
dataset7_CLINIC_metal_0058_data,4,alargado,1,527.5,58.0,5.3,5.2,0.984,0.167,0.056,176.1,181.8,220.8,1.0,2788,4059,3.4,5.13,6.04,446.0,1998.0,-31.1,37.1,no,
dataset7_CLINIC_metal_0058_data,5,alargado,1,335.2,35.1,5.6,5.3,0.984,0.175,0.019,183.0,180.6,214.1,1.0,2794,4054,3.48,4.29,5.86,545.0,1981.0,-37.8,35.9,no,
dataset7_CLINIC_metal_0058_data,6,alargado,1,1802.8,77.8,6.7,6.2,0.708,-0.293,0.643,221.1,237.8,109.4,1.0,3366,6034,5.43,5.6,5.63,212.0,2493.0,-142.5,93.1,no,
dataset7_CLINIC_metal_0058_data,7,otro,1,236.1,20.3,4.1,4.0,0.126,-0.783,-0.609,319.7,166.3,265.4,0.996,5862,22732,,,,,,,,no,
dataset7_CLINIC_metal_0059_data,1,masivo,1,20799.9,77.0,54.6,15.8,0.068,0.018,-0.998,94.3,221.4,41.6,1.0,5562,8229,,,,,,,,no,
dataset7_CLINIC_metal_0059_data,2,otro,1,9398.6,94.0,62.6,34.9,-0.593,0.762,-0.26,164.6,179.6,167.1,1.0,5637,9194,,,,,,,,no,
dataset7_CLINIC_metal_0060_data,1,masivo,1,25076.0,111.3,58.8,15.2,0.152,0.022,-0.988,82.6,168.4,64.3,1.0,5710,8226,,,,,,,,no,
dataset7_CLINIC_metal_0060_data,2,otro,1,4532.4,96.8,39.6,12.8,0.688,-0.674,0.268,102.5,168.1,218.5,1.0,5789,19752,,,,,,,,no,
dataset7_CLINIC_metal_0060_data,3,masivo,1,15338.8,157.1,123.2,40.9,0.801,0.125,-0.586,171.4,189.3,128.3,1.0,6299,21054,,,,,,,,no,
dataset7_CLINIC_metal_0061_data,1,otro,1,80.7,12.6,4.4,2.3,0.055,0.137,0.989,1.5,238.3,148.6,0.0,4495,7862,,,,,,,,no,
dataset7_CLINIC_metal_0061_data,2,otro,1,907.0,17.3,16.9,9.3,-0.889,-0.354,-0.29,181.4,325.6,222.0,0.0,6061,17129,,,,,,,,no,
dataset7_CLINIC_metal_0061_data,3,otro,1,552.0,20.8,8.2,7.3,0.067,-0.088,-0.994,184.1,322.6,190.9,0.0,6879,16699,,,,,,,,no,
dataset7_CLINIC_metal_0061_data,4,otro,1,340.7,16.7,11.0,2.5,0.438,-0.421,-0.794,400.1,253.2,143.7,0.0,4974,9764,,,,,,,,no,
dataset7_CLINIC_metal_0062_data,1,alargado,1,2136.3,87.5,6.4,6.2,0.732,0.106,-0.673,127.9,191.5,106.4,1.0,3931,6410,5.57,5.75,5.52,258.0,2828.0,-100.1,48.3,no,
dataset7_CLINIC_metal_0062_data,2,otro,1,541.9,17.1,15.2,6.1,0.649,-0.406,-0.643,185.4,136.4,199.2,1.0,2885,4666,,,,,,,,no,
dataset7_CLINIC_metal_0062_data,3,otro,1,267.6,20.7,20.8,2.3,0.851,0.331,0.407,196.0,162.8,145.3,1.0,3945,9849,,,,,,,,no,
dataset7_CLINIC_metal_0062_data,4,alargado,1,1555.5,62.7,6.8,6.6,0.747,-0.403,0.529,214.6,195.9,79.8,1.0,3984,6853,5.62,5.64,5.38,182.0,2918.0,-126.7,52.7,no,
dataset7_CLINIC_metal_0062_data,5,otro,1,424.5,15.1,14.4,8.2,0.32,-0.457,-0.83,252.5,126.9,196.3,1.0,3311,6734,,,,,,,,no,
dataset7_CLINIC_metal_0063_data,1,otro,1,4734.5,89.4,26.8,16.0,0.829,-0.19,0.526,89.6,194.6,114.4,1.0,6771,20994,,,,,,,,no,
dataset7_CLINIC_metal_0063_data,2,otro,1,10787.5,105.4,70.1,34.9,0.305,0.475,-0.825,111.8,211.5,42.2,1.0,5889,21233,,,,,,,,no,
dataset7_CLINIC_metal_0063_data,3,otro,1,56.8,7.6,3.3,2.7,0.022,0.165,0.986,218.6,265.2,188.6,1.0,4272,12724,,,,,,,,no,
dataset7_CLINIC_metal_0064_data,1,otro,1,325.4,21.3,18.2,2.8,0.519,0.744,0.422,159.1,148.1,143.4,1.0,4614,14389,,,,,,,,no,
dataset7_CLINIC_metal_0065_data,1,otro,1,14709.6,158.4,45.4,22.0,0.221,-0.915,0.338,120.3,366.9,121.3,0.965,7262,17648,,,,,,,,no,
dataset7_CLINIC_metal_0065_data,2,otro,1,208.6,22.3,6.8,7.6,0.982,-0.17,0.078,139.2,235.6,174.0,1.0,2990,5873,,,,,,,,no,
dataset7_CLINIC_metal_0065_data,3,alargado,3,110.4,32.8,5.5,4.9,0.952,-0.282,0.121,208.2,222.4,171.5,1.0,2755,3621,2.07,5.26,7.5,197.0,1696.0,-35.6,-25.2,si,
dataset7_CLINIC_metal_0065_data,4,otro,1,10524.3,46.1,21.9,22.1,0.075,0.575,-0.815,242.9,387.0,115.5,0.966,7577,18460,,,,,,,,no,
dataset7_CLINIC_metal_0065_data,5,otro,1,271.7,29.4,7.3,8.1,0.987,-0.158,0.028,275.1,211.2,167.3,1.0,3060,6486,,,,,,,,no,
dataset7_CLINIC_metal_0065_data,6,otro,1,12541.3,162.4,44.7,22.3,0.546,0.813,-0.203,352.4,327.7,132.0,0.939,7106,18816,,,,,,,,no,
dataset7_CLINIC_metal_0066_data,1,masivo,1,15677.7,187.4,44.8,22.6,0.304,-0.892,0.334,89.8,287.2,118.5,0.957,7722,18174,,,,,,,,no,
dataset7_CLINIC_metal_0066_data,2,otro,1,148.9,7.4,7.3,8.3,0.052,0.067,-0.996,114.0,155.1,172.3,1.0,3190,6123,,,,,,,,no,
dataset7_CLINIC_metal_0066_data,3,otro,1,10321.4,46.1,21.8,21.8,0.041,0.576,-0.816,211.5,315.9,117.5,0.973,8069,19684,,,,,,,,no,
dataset7_CLINIC_metal_0066_data,4,otro,1,154.6,7.4,7.7,8.6,-0.214,0.025,0.977,261.4,144.2,172.0,1.0,3206,6029,,,,,,,,no,
dataset7_CLINIC_metal_0066_data,5,masivo,1,15065.8,182.9,44.9,23.0,0.475,0.862,-0.177,328.4,272.7,137.2,0.941,6641,18897,,,,,,,,no,
dataset7_CLINIC_metal_0067_data,1,otro,2,53.0,19.5,4.2,2.1,0.117,-0.054,-0.992,45.0,100.1,186.4,0.0,3095,4753,,,,,,,,no,
dataset7_CLINIC_metal_0067_data,2,alargado,1,2492.1,107.9,6.4,6.0,0.756,0.296,-0.583,171.8,218.1,97.5,1.0,3910,7120,5.42,5.62,5.3,319.0,2970.0,-138.5,37.4,no,
dataset7_CLINIC_metal_0067_data,3,otro,1,11346.0,140.6,55.2,51.3,0.188,-0.524,0.83,267.6,173.1,141.4,1.0,6549,23519,,,,,,,,no,
dataset7_CLINIC_metal_0067_data,4,otro,1,6215.0,99.0,33.7,19.7,0.859,0.509,0.053,300.8,159.7,213.2,1.0,5132,19834,,,,,,,,no,
dataset7_CLINIC_metal_0068_data,1,otro,1,2309.2,34.5,13.4,11.4,0.036,-0.019,-0.999,139.1,194.7,258.4,0.0,8523,19380,,,,,,,,no,
dataset7_CLINIC_metal_0069_data,1,otro,1,7667.0,143.5,49.5,26.2,0.787,-0.353,0.507,245.7,241.1,106.4,1.0,5846,20399,,,,,,,,no,
dataset7_CLINIC_metal_0069_data,2,otro,1,3398.5,71.5,46.9,9.8,0.833,0.479,-0.279,278.1,197.5,182.5,1.0,5667,17232,,,,,,,,no,
dataset7_CLINIC_metal_0069_data,3,otro,1,3146.3,58.8,34.7,9.1,0.746,0.061,0.664,275.8,187.3,224.0,1.0,6362,19298,,,,,,,,no,
dataset7_CLINIC_metal_0070_data,1,otro,1,5918.7,77.3,33.5,20.4,0.995,0.055,0.084,222.7,241.9,101.6,1.0,5579,19662,,,,,,,,no,
dataset7_CLINIC_metal_0070_data,2,otro,1,337.8,24.7,5.8,5.3,0.997,0.072,0.021,232.5,177.0,212.2,1.0,2925,4731,,,,,,,,no,
dataset7_CLINIC_metal_0070_data,3,alargado,1,460.2,36.4,6.4,5.7,0.998,0.07,0.006,300.9,182.2,217.2,1.0,3063,6843,4.01,4.82,3.84,381.0,2856.0,-2.6,0.2,no,
dataset7_CLINIC_metal_0071_data,1,masivo,1,32352.1,186.8,59.4,15.6,0.21,0.006,-0.978,101.6,221.5,116.9,1.0,5748,8250,,,,,,,,no,
dataset7_CLINIC_metal_0071_data,2,otro,1,6254.5,94.8,30.8,26.5,0.622,-0.752,0.221,158.3,172.0,264.1,1.0,5403,8814,,,,,,,,no,
dataset7_CLINIC_metal_0071_data,3,otro,1,140.4,11.7,4.9,4.2,0.045,0.941,-0.337,179.0,224.2,277.6,1.0,5437,8418,,,,,,,,no,
dataset7_CLINIC_metal_0072_data,1,otro,1,427.7,18.7,13.9,6.9,0.038,-0.744,-0.667,221.9,189.1,180.6,1.0,5138,17269,,,,,,,,no,
dataset7_CLINIC_metal_0072_data,2,alargado,1,524.6,101.5,8.8,5.4,0.12,-0.599,-0.791,224.5,178.2,146.7,1.0,4549,13416,2.57,6.24,5.78,-14.0,4085.0,-72.2,-0.2,no,
dataset7_CLINIC_metal_0072_data,3,otro,1,616.7,46.9,27.7,16.7,0.276,-0.587,0.761,231.1,187.7,146.2,1.0,4839,17405,,,,,,,,no,
dataset7_CLINIC_metal_0072_data,4,otro,1,61.9,7.0,5.4,2.8,0.793,-0.592,0.141,232.0,164.1,150.7,1.0,3943,8887,,,,,,,,no,
dataset7_CLINIC_metal_0072_data,5,otro,1,310.2,23.9,11.0,6.4,0.755,-0.224,0.616,247.2,154.8,152.5,1.0,5014,21192,,,,,,,,no,
dataset7_CLINIC_metal_0073_data,1,laminar,1,1580.5,33.3,22.7,3.8,0.126,0.901,-0.414,65.8,262.2,188.5,0.0,8412,24254,,,,,,,,no,
dataset7_CLINIC_metal_0073_data,2,otro,1,218.1,8.9,9.0,4.0,-0.155,-0.88,0.45,72.2,260.7,185.0,0.0,5905,10944,,,,,,,,no,
dataset7_CLINIC_metal_0073_data,3,otro,1,215.1,9.4,8.8,4.1,0.139,0.314,0.939,78.8,199.9,189.3,0.67,6217,11812,,,,,,,,no,
dataset7_CLINIC_metal_0073_data,4,otro,1,1810.0,91.2,16.3,8.3,0.668,0.106,-0.736,135.2,329.0,129.3,0.661,7106,22481,,,,,,,,no,
dataset7_CLINIC_metal_0073_data,5,otro,1,118.3,11.3,5.0,3.6,0.403,0.911,-0.092,105.9,320.7,278.6,0.0,9119,24330,,,,,,,,no,
dataset7_CLINIC_metal_0073_data,6,otro,1,585.1,18.6,7.5,5.6,0.387,0.871,-0.302,111.3,300.3,271.6,0.0,7389,20430,,,,,,,,no,
dataset7_CLINIC_metal_0073_data,7,otro,1,169.4,7.7,6.3,6.0,0.911,-0.32,0.261,355.5,180.9,244.8,0.667,7850,20317,,,,,,,,no,
dataset7_CLINIC_metal_0073_data,8,otro,1,211.5,9.6,9.2,3.9,0.14,0.099,-0.985,392.7,176.8,148.7,0.764,5746,10550,,,,,,,,no,
dataset7_CLINIC_metal_0073_data,9,otro,1,211.5,9.0,8.5,4.2,0.135,0.109,-0.985,405.0,240.8,153.4,0.0,5374,9082,,,,,,,,no,
dataset7_CLINIC_metal_0073_data,10,otro,1,330.4,9.5,8.8,7.8,0.596,-0.456,0.661,407.6,233.4,187.3,0.0,6525,17136,,,,,,,,no,
dataset7_CLINIC_metal_0073_data,11,laminar,1,1386.5,32.1,15.3,5.5,0.444,0.844,-0.301,413.4,215.0,212.4,0.0,7688,24970,,,,,,,,no,
dataset7_CLINIC_metal_0073_data,12,otro,1,616.4,16.1,15.9,8.6,0.375,0.454,0.808,416.7,275.9,98.9,0.0,3841,7602,,,,,,,,no,
dataset7_CLINIC_metal_0073_data,13,laminar,1,1291.6,34.0,26.6,5.2,0.859,-0.156,0.488,426.5,237.0,91.9,0.825,4949,18747,,,,,,,,no,
dataset7_CLINIC_metal_0073_data,14,otro,1,686.0,15.9,15.7,9.1,0.887,-0.432,0.164,420.8,253.1,99.5,0.809,3466,6961,,,,,,,,no,
dataset7_CLINIC_metal_0073_data,15,otro,1,135.2,12.8,10.4,3.7,0.027,0.027,-0.999,436.6,267.9,94.1,0.0,3704,7344,,,,,,,,no,
dataset7_CLINIC_metal_0073_data,16,otro,1,246.3,12.8,14.3,4.2,-0.06,0.974,0.221,440.1,242.0,111.3,0.883,3480,6743,,,,,,,,no,
dataset7_CLINIC_metal_0074_data,1,otro,1,1325.5,32.4,12.3,8.8,0.414,0.302,-0.859,96.2,232.4,180.1,0.836,8359,24340,,,,,,,,no,
dataset7_CLINIC_metal_0074_data,2,otro,1,1384.1,37.4,10.8,9.3,0.797,0.058,0.601,210.6,81.4,85.3,0.904,7149,20367,,,,,,,,no,
dataset7_CLINIC_metal_0059u0071_union,1,masivo,1,32352.1,186.8,59.4,15.6,0.21,0.006,-0.978,101.6,221.5,116.9,1.0,5748,8250,,,,,,,,no,
dataset7_CLINIC_metal_0059u0071_union,2,otro,1,9398.6,94.0,62.6,34.9,-0.593,0.762,-0.26,164.6,179.6,274.3,1.0,5637,9194,,,,,,,,no,
