Caso,Grupo,motivo,D_TS_6mm,D_TS_3mm,lamina_corredor_6mm,lamina_corredor_3mm,lamina_mascaras,veredicto,nota
dataset6_CLINIC_0024_data,grupo 3,recorte: |D(6 mm) - D(3 mm)| >= 1 mm,12.2,14.0,experiments/objetivo2/outputs/e9ts/laminas/dataset6_CLINIC_0024_data.png,experiments/objetivo2/outputs/e9ts_3mm/laminas/dataset6_CLINIC_0024_data.png,experiments/objetivo2/outputs/ts_total_qc/laminas/dataset6_CLINIC_0024_data_planos.png,,
dataset6_CLINIC_0014_data,grupo 3,recorte: |D(6 mm) - D(3 mm)| >= 1 mm,8.4,9.9,experiments/objetivo2/outputs/e9ts/laminas/dataset6_CLINIC_0014_data.png,experiments/objetivo2/outputs/e9ts_3mm/laminas/dataset6_CLINIC_0014_data.png,experiments/objetivo2/outputs/ts_total_qc/laminas/dataset6_CLINIC_0014_data_planos.png,,
dataset6_CLINIC_0096_data,grupo 3,recorte: |D(6 mm) - D(3 mm)| >= 1 mm,6.3,7.8,experiments/objetivo2/outputs/e9ts/laminas/dataset6_CLINIC_0096_data.png,experiments/objetivo2/outputs/e9ts_3mm/laminas/dataset6_CLINIC_0096_data.png,experiments/objetivo2/outputs/ts_total_qc/laminas/dataset6_CLINIC_0096_data_planos.png,,
dataset6_CLINIC_0045_data,grupo 3,recorte: |D(6 mm) - D(3 mm)| >= 1 mm,7.9,9.3,experiments/objetivo2/outputs/e9ts/laminas/dataset6_CLINIC_0045_data.png,experiments/objetivo2/outputs/e9ts_3mm/laminas/dataset6_CLINIC_0045_data.png,experiments/objetivo2/outputs/ts_total_qc/laminas/dataset6_CLINIC_0045_data_planos.png,,
dataset6_CLINIC_0100_data,grupo 3,recorte: |D(6 mm) - D(3 mm)| >= 1 mm,13.3,14.6,experiments/objetivo2/outputs/e9ts/laminas/dataset6_CLINIC_0100_data.png,experiments/objetivo2/outputs/e9ts_3mm/laminas/dataset6_CLINIC_0100_data.png,experiments/objetivo2/outputs/ts_total_qc/laminas/dataset6_CLINIC_0100_data_planos.png,,
dataset6_CLINIC_0023_data,grupo 3,recorte: |D(6 mm) - D(3 mm)| >= 1 mm,13.6,14.8,experiments/objetivo2/outputs/e9ts/laminas/dataset6_CLINIC_0023_data.png,experiments/objetivo2/outputs/e9ts_3mm/laminas/dataset6_CLINIC_0023_data.png,experiments/objetivo2/outputs/ts_total_qc/laminas/dataset6_CLINIC_0023_data_planos.png,,
dataset6_CLINIC_0058_data,grupo 3,recorte: |D(6 mm) - D(3 mm)| >= 1 mm,7.9,9.0,experiments/objetivo2/outputs/e9ts/laminas/dataset6_CLINIC_0058_data.png,experiments/objetivo2/outputs/e9ts_3mm/laminas/dataset6_CLINIC_0058_data.png,experiments/objetivo2/outputs/ts_total_qc/laminas/dataset6_CLINIC_0058_data_planos.png,,
dataset6_CLINIC_0001_data,grupo 2,recorte: |D(6 mm) - D(3 mm)| >= 1 mm,5.7,4.7,experiments/objetivo2/outputs/e9ts/laminas/dataset6_CLINIC_0001_data.png,experiments/objetivo2/outputs/e9ts_3mm/laminas/dataset6_CLINIC_0001_data.png,experiments/objetivo2/outputs/ts_total_qc/laminas/dataset6_CLINIC_0001_data_planos.png,,
dataset6_CLINIC_0092_data,grupo 3,recorte: |D(6 mm) - D(3 mm)| >= 1 mm,13.7,12.7,experiments/objetivo2/outputs/e9ts/laminas/dataset6_CLINIC_0092_data.png,experiments/objetivo2/outputs/e9ts_3mm/laminas/dataset6_CLINIC_0092_data.png,experiments/objetivo2/outputs/ts_total_qc/laminas/dataset6_CLINIC_0092_data_planos.png,,
dataset6_CLINIC_0076_data,grupo 2,recorte: |D(6 mm) - D(3 mm)| >= 1 mm,9.7,8.6,experiments/objetivo2/outputs/e9ts/laminas/dataset6_CLINIC_0076_data.png,experiments/objetivo2/outputs/e9ts_3mm/laminas/dataset6_CLINIC_0076_data.png,experiments/objetivo2/outputs/ts_total_qc/laminas/dataset6_CLINIC_0076_data_planos.png,,
dataset6_CLINIC_0101_data,grupo 3,recorte: |D(6 mm) - D(3 mm)| >= 1 mm,10.6,9.5,experiments/objetivo2/outputs/e9ts/laminas/dataset6_CLINIC_0101_data.png,experiments/objetivo2/outputs/e9ts_3mm/laminas/dataset6_CLINIC_0101_data.png,experiments/objetivo2/outputs/ts_total_qc/laminas/dataset6_CLINIC_0101_data_planos.png,,
dataset6_CLINIC_0012_data,grupo 3,recorte: |D(6 mm) - D(3 mm)| >= 1 mm,9.6,8.4,experiments/objetivo2/outputs/e9ts/laminas/dataset6_CLINIC_0012_data.png,experiments/objetivo2/outputs/e9ts_3mm/laminas/dataset6_CLINIC_0012_data.png,experiments/objetivo2/outputs/ts_total_qc/laminas/dataset6_CLINIC_0012_data_planos.png,,
dataset6_CLINIC_0030_data,grupo 3,recorte: |D(6 mm) - D(3 mm)| >= 1 mm,8.8,7.5,experiments/objetivo2/outputs/e9ts/laminas/dataset6_CLINIC_0030_data.png,experiments/objetivo2/outputs/e9ts_3mm/laminas/dataset6_CLINIC_0030_data.png,experiments/objetivo2/outputs/ts_total_qc/laminas/dataset6_CLINIC_0030_data_planos.png,,
dataset6_CLINIC_0064_data,grupo 3,recorte: |D(6 mm) - D(3 mm)| >= 1 mm,9.4,7.9,experiments/objetivo2/outputs/e9ts/laminas/dataset6_CLINIC_0064_data.png,experiments/objetivo2/outputs/e9ts_3mm/laminas/dataset6_CLINIC_0064_data.png,experiments/objetivo2/outputs/ts_total_qc/laminas/dataset6_CLINIC_0064_data_planos.png,,
dataset6_CLINIC_0022_data,grupo 3,E10b: caja desplazada > 10 mm tras la limpieza (F = 0.001),4.7,4.7,experiments/objetivo2/outputs/e9ts/laminas/dataset6_CLINIC_0022_data.png,experiments/objetivo2/outputs/e9ts_3mm/laminas/dataset6_CLINIC_0022_data.png,experiments/objetivo2/outputs/ts_total_qc/laminas/dataset6_CLINIC_0022_data_planos.png,,
dataset6_CLINIC_0043_data,grupo 3,E10b: caja desplazada > 10 mm tras la limpieza (F = 0.001),11.7,11.7,experiments/objetivo2/outputs/e9ts/laminas/dataset6_CLINIC_0043_data.png,experiments/objetivo2/outputs/e9ts_3mm/laminas/dataset6_CLINIC_0043_data.png,experiments/objetivo2/outputs/ts_total_qc/laminas/dataset6_CLINIC_0043_data_planos.png,,
