Caso,Grupo,motivo,D_TS_6mm,D_TS_3mm,lamina_corredor_6mm,lamina_corredor_3mm,lamina_mascaras,revisor,veredicto,nota
dataset6_CLINIC_0024_data,grupo 3,recorte: |D(6 mm) - D(3 mm)| >= 1 mm,12.2,14.0,outputs/e9ts/laminas/dataset6_CLINIC_0024_data.png,outputs/e9ts_3mm/laminas/dataset6_CLINIC_0024_data.png,outputs/ts_total_qc/laminas/dataset6_CLINIC_0024_data_planos.png,agente,ok,Láminas de corredor: ambos cilindros proyectados se mantienen dentro del hueso; máscaras fila 3: diferencias finas de borde sin corte recto ni pérdida de ala visible.
dataset6_CLINIC_0014_data,grupo 3,recorte: |D(6 mm) - D(3 mm)| >= 1 mm,8.4,9.9,outputs/e9ts/laminas/dataset6_CLINIC_0014_data.png,outputs/e9ts_3mm/laminas/dataset6_CLINIC_0014_data.png,outputs/ts_total_qc/laminas/dataset6_CLINIC_0014_data_planos.png,agente,ok,Láminas de corredor: ambos cilindros proyectados siguen el hueso; máscaras fila 3: cambios periféricos alternantes sin truncamiento lineal ni fuga visible.
dataset6_CLINIC_0096_data,grupo 3,recorte: |D(6 mm) - D(3 mm)| >= 1 mm,6.3,7.8,outputs/e9ts/laminas/dataset6_CLINIC_0096_data.png,outputs/e9ts_3mm/laminas/dataset6_CLINIC_0096_data.png,outputs/ts_total_qc/laminas/dataset6_CLINIC_0096_data_planos.png,agente,ok,Láminas de corredor: ambos cilindros proyectados quedan contenidos en el hueso; máscaras fila 3: diferencias pequeñas de contorno sin parte ausente visible.
dataset6_CLINIC_0045_data,grupo 3,recorte: |D(6 mm) - D(3 mm)| >= 1 mm,7.9,9.3,outputs/e9ts/laminas/dataset6_CLINIC_0045_data.png,outputs/e9ts_3mm/laminas/dataset6_CLINIC_0045_data.png,outputs/ts_total_qc/laminas/dataset6_CLINIC_0045_data_planos.png,agente,ok,Láminas de corredor: ambos cilindros proyectados permanecen dentro del hueso pese al cambio de ángulo; máscaras fila 3: diferencias de borde sin corte recto visible.
dataset6_CLINIC_0100_data,grupo 3,recorte: |D(6 mm) - D(3 mm)| >= 1 mm,13.3,14.6,outputs/e9ts/laminas/dataset6_CLINIC_0100_data.png,outputs/e9ts_3mm/laminas/dataset6_CLINIC_0100_data.png,outputs/ts_total_qc/laminas/dataset6_CLINIC_0100_data_planos.png,agente,ok,Láminas de corredor: ambos cilindros proyectados están contenidos en hueso; máscaras fila 3: variación periférica dispersa sin fuga ni pérdida de ala visible.
dataset6_CLINIC_0023_data,grupo 3,recorte: |D(6 mm) - D(3 mm)| >= 1 mm,13.6,14.8,outputs/e9ts/laminas/dataset6_CLINIC_0023_data.png,outputs/e9ts_3mm/laminas/dataset6_CLINIC_0023_data.png,outputs/ts_total_qc/laminas/dataset6_CLINIC_0023_data_planos.png,agente,ok,Láminas de corredor: ambos cilindros proyectados se mantienen en hueso aunque cambia el ángulo; máscaras fila 3: predominan diferencias periféricas sin truncamiento visible.
dataset6_CLINIC_0058_data,grupo 3,recorte: |D(6 mm) - D(3 mm)| >= 1 mm,7.9,9.0,outputs/e9ts/laminas/dataset6_CLINIC_0058_data.png,outputs/e9ts_3mm/laminas/dataset6_CLINIC_0058_data.png,outputs/ts_total_qc/laminas/dataset6_CLINIC_0058_data_planos.png,agente,ok,Láminas de corredor: el ángulo cambia entre recortes pero ambos cilindros proyectados quedan dentro del hueso; máscaras fila 3: diferencias de borde sin fallo de recorte visible.
dataset6_CLINIC_0001_data,grupo 2,recorte: |D(6 mm) - D(3 mm)| >= 1 mm,5.7,4.7,outputs/e9ts/laminas/dataset6_CLINIC_0001_data.png,outputs/e9ts_3mm/laminas/dataset6_CLINIC_0001_data.png,outputs/ts_total_qc/laminas/dataset6_CLINIC_0001_data_planos.png,agente,ok,Láminas de corredor: ambos cilindros proyectados siguen un trayecto óseo; máscaras fila 3: diferencias finas de borde sin corte recto ni fuga visible.
dataset6_CLINIC_0092_data,grupo 3,recorte: |D(6 mm) - D(3 mm)| >= 1 mm,13.7,12.7,outputs/e9ts/laminas/dataset6_CLINIC_0092_data.png,outputs/e9ts_3mm/laminas/dataset6_CLINIC_0092_data.png,outputs/ts_total_qc/laminas/dataset6_CLINIC_0092_data_planos.png,agente,ok,Laminas de corredor: ambos cilindros proyectados quedan dentro del hueso; mascaras fila 3: diferencias finas y dispersas de borde sin corte recto ni parte ausente visible.
dataset6_CLINIC_0076_data,grupo 2,recorte: |D(6 mm) - D(3 mm)| >= 1 mm,9.7,8.6,outputs/e9ts/laminas/dataset6_CLINIC_0076_data.png,outputs/e9ts_3mm/laminas/dataset6_CLINIC_0076_data.png,outputs/ts_total_qc/laminas/dataset6_CLINIC_0076_data_planos.png,agente,fallo_3mm,Lamina de mascaras fila 3 coronal: una region amplia del sacro central-superior aparece solo en azul (6 mm); los cilindros proyectados se mantienen dentro del hueso.
dataset6_CLINIC_0101_data,grupo 3,recorte: |D(6 mm) - D(3 mm)| >= 1 mm,10.6,9.5,outputs/e9ts/laminas/dataset6_CLINIC_0101_data.png,outputs/e9ts_3mm/laminas/dataset6_CLINIC_0101_data.png,outputs/ts_total_qc/laminas/dataset6_CLINIC_0101_data_planos.png,agente,ok,Laminas de corredor: ambos cilindros proyectados siguen el hueso; mascaras fila 3: variacion periferica sin truncamiento lineal ni perdida de ala visible.
dataset6_CLINIC_0012_data,grupo 3,recorte: |D(6 mm) - D(3 mm)| >= 1 mm,9.6,8.4,outputs/e9ts/laminas/dataset6_CLINIC_0012_data.png,outputs/e9ts_3mm/laminas/dataset6_CLINIC_0012_data.png,outputs/ts_total_qc/laminas/dataset6_CLINIC_0012_data_planos.png,agente,ok,Laminas de corredor: ambos cilindros proyectados permanecen contenidos en hueso; mascaras fila 3: diferencias pequenas de contorno sin fallo de recorte visible.
dataset6_CLINIC_0030_data,grupo 3,recorte: |D(6 mm) - D(3 mm)| >= 1 mm,8.8,7.5,outputs/e9ts/laminas/dataset6_CLINIC_0030_data.png,outputs/e9ts_3mm/laminas/dataset6_CLINIC_0030_data.png,outputs/ts_total_qc/laminas/dataset6_CLINIC_0030_data_planos.png,agente,ok,Laminas de corredor: ambos cilindros proyectados quedan dentro del hueso pese al cambio de nivel; mascaras fila 3: diferencias de borde sin parte ausente visible.
dataset6_CLINIC_0064_data,grupo 3,recorte: |D(6 mm) - D(3 mm)| >= 1 mm,9.4,7.9,outputs/e9ts/laminas/dataset6_CLINIC_0064_data.png,outputs/e9ts_3mm/laminas/dataset6_CLINIC_0064_data.png,outputs/ts_total_qc/laminas/dataset6_CLINIC_0064_data_planos.png,agente,ok,Laminas de corredor: ambos cilindros proyectados se mantienen en hueso aunque cambia el angulo; mascaras fila 3: diferencias finas de borde sin truncamiento visible.
dataset6_CLINIC_0022_data,grupo 3,E10b: caja desplazada > 10 mm tras la limpieza (F = 0.001),4.7,4.7,outputs/e9ts/laminas/dataset6_CLINIC_0022_data.png,outputs/e9ts_3mm/laminas/dataset6_CLINIC_0022_data.png,outputs/ts_total_qc/laminas/dataset6_CLINIC_0022_data_planos.png,agente,fallo_3mm,Lamina de mascaras fila 3 axial: una region central amplia aparece solo en azul (6 mm); no se atribuye causa al fragmento separado. Los corredores coinciden y quedan contenidos.
dataset6_CLINIC_0043_data,grupo 3,E10b: caja desplazada > 10 mm tras la limpieza (F = 0.001),11.7,11.7,outputs/e9ts/laminas/dataset6_CLINIC_0043_data.png,outputs/e9ts_3mm/laminas/dataset6_CLINIC_0043_data.png,outputs/ts_total_qc/laminas/dataset6_CLINIC_0043_data_planos.png,agente,ok,Laminas de corredor: los cilindros proyectados coinciden y quedan dentro del hueso; mascaras fila 3: diferencias dispersas de borde y estructuras separadas similares en ambos recortes.
