Caso,Archivo,forma_archivo,corte_sagital,corte_coronal,corte_axial,corte_sagital_1,corte_coronal_1,corte_axial_1,voxel_ijk_0,voxel_ijk_1,eje_archivo_sagital,eje_archivo_coronal,eje_archivo_axial,mundo_RAS_mm,mundo_LPS_mm,HU_voxel,HU_mediana_3x3x3,corte_axial_linea_ala,corte_axial_linea_ala_1,nota
dataset7_CLINIC_metal_0000_data,data/dataset7/dataset7_CLINIC_metal_0000_data.nii.gz,512 512 350,267.0,287.0,278.0,268.0,288.0,279.0,267 287 278,268 288 279,0.0,1.0,2.0,52.0 -23.3 1872.7,-52.0 23.3 1872.7,245.0,253.0,275.0,276.0,
dataset7_CLINIC_metal_0001_data,data/dataset7/dataset7_CLINIC_metal_0001_data.nii.gz,512 512 319,252.0,254.0,220.0,253.0,255.0,221.0,252 254 220,253 255 221,0.0,1.0,2.0,-7.4 1.2 -1381.4,7.4 -1.2 -1381.4,251.0,265.0,228.0,229.0,
dataset7_CLINIC_metal_0002_data,data/dataset7/dataset7_CLINIC_metal_0002_data.nii.gz,512 512 350,262.0,289.0,269.0,263.0,290.0,270.0,262 289 269,263 290 270,0.0,1.0,2.0,-15.8 -31.3 1526.1,15.8 31.3 1526.1,513.0,494.0,313.0,314.0,
dataset7_CLINIC_metal_0003_data,data/dataset7/dataset7_CLINIC_metal_0003_data.nii.gz,512 512 350,254.0,272.0,295.0,255.0,273.0,296.0,254 272 295,255 273 296,0.0,1.0,2.0,-37.7 -14.0 1708.9,37.7 14.0 1708.9,44.0,44.0,297.0,298.0,
dataset7_CLINIC_metal_0004_data,data/dataset7/dataset7_CLINIC_metal_0004_data.nii.gz,512 512 350,255.0,280.0,255.0,256.0,281.0,256.0,255 280 255,256 281 256,0.0,1.0,2.0,-24.9 -23.2 1643.5,24.9 23.2 1643.5,126.0,131.0,276.0,277.0,
dataset7_CLINIC_metal_0005_data,data/dataset7/dataset7_CLINIC_metal_0005_data.nii.gz,512 512 260,246.0,258.0,176.0,247.0,259.0,177.0,246 258 176,247 259 177,0.0,1.0,2.0,9.0 -2.3 1384.8,-9.0 2.3 1384.8,186.0,186.0,216.0,217.0,
dataset7_CLINIC_metal_0006_data,data/dataset7/dataset7_CLINIC_metal_0006_data.nii.gz,512 512 332,257.0,245.0,252.0,258.0,246.0,253.0,257 245 252,258 246 253,0.0,1.0,2.0,31.8 9.9 -1557.7,-31.8 -9.9 -1557.7,203.0,203.0,,,
dataset7_CLINIC_metal_0007_data,data/dataset7/dataset7_CLINIC_metal_0007_data.nii.gz,512 512 350,239.0,283.0,269.0,240.0,284.0,270.0,239 283 269,240 284 270,0.0,1.0,2.0,4.6 -20.2 1681.9,-4.6 20.2 1681.9,292.0,319.0,266.0,267.0,
dataset7_CLINIC_metal_0008_data,data/dataset7/dataset7_CLINIC_metal_0008_data.nii.gz,512 512 301,253.0,251.0,222.0,254.0,252.0,223.0,253 251 222,254 252 223,0.0,1.0,2.0,-2.7 3.5 1378.1,2.7 -3.5 1378.1,335.0,324.0,232.0,233.0,
dataset7_CLINIC_metal_0009_data,data/dataset7/dataset7_CLINIC_metal_0009_data.nii.gz,512 512 232,258.0,253.0,114.0,259.0,254.0,115.0,258 253 114,259 254 115,0.0,1.0,2.0,10.3 1.6 1629.9,-10.3 -1.6 1629.9,377.0,373.0,132.0,133.0,
dataset7_CLINIC_metal_0010_data,data/dataset7/dataset7_CLINIC_metal_0010_data.nii.gz,512 512 350,248.0,232.0,308.0,249.0,233.0,309.0,248 232 308,249 233 309,0.0,1.0,2.0,-15.9 17.4 1657.6,15.9 -17.4 1657.6,189.0,183.0,272.0,273.0,
dataset7_CLINIC_metal_0011_data,data/dataset7/dataset7_CLINIC_metal_0011_data.nii.gz,512 512 351,260.0,259.0,295.0,261.0,260.0,296.0,260 259 295,261 260 296,0.0,1.0,2.0,16.4 -2.3 -1501.7,-16.4 2.3 -1501.7,118.0,126.0,255.0,256.0,
dataset7_CLINIC_metal_0012_data,data/dataset7/dataset7_CLINIC_metal_0012_data.nii.gz,512 512 350,265.0,285.0,263.0,266.0,286.0,264.0,265 285 263,266 286 264,0.0,1.0,2.0,-18.8 -25.4 1447.8,18.8 25.4 1447.8,284.0,236.0,273.0,274.0,
dataset7_CLINIC_metal_0013_data,data/dataset7/dataset7_CLINIC_metal_0013_data.nii.gz,512 512 350,267.0,297.0,256.0,268.0,298.0,257.0,267 297 256,268 298 257,0.0,1.0,2.0,10.2 -31.0 232.4,-10.2 31.0 232.4,367.0,349.0,269.0,270.0,
dataset7_CLINIC_metal_0014_data,data/dataset7/dataset7_CLINIC_metal_0014_data.nii.gz,512 512 350,231.0,269.0,305.0,232.0,270.0,306.0,231 269 305,232 270 306,0.0,1.0,2.0,22.1 -12.0 1727.1,-22.1 12.0 1727.1,106.0,92.0,282.0,283.0,
dataset7_CLINIC_metal_0015_data,data/dataset7/dataset7_CLINIC_metal_0015_data.nii.gz,512 512 251,242.0,336.0,212.0,243.0,337.0,213.0,242 336 212,243 337 213,0.0,1.0,2.0,7.6 -62.9 -1479.9,-7.6 62.9 -1479.9,218.0,259.0,,,
dataset7_CLINIC_metal_0016_data,data/dataset7/dataset7_CLINIC_metal_0016_data.nii.gz,,,,,,,,,,,,,,,,,,,sin punto de S1 en R1 (no hay cruz roja)
dataset7_CLINIC_metal_0017_data,data/dataset7/dataset7_CLINIC_metal_0017_data.nii.gz,512 512 350,265.0,276.0,286.0,266.0,277.0,287.0,265 276 286,266 277 287,0.0,1.0,2.0,13.3 -15.9 1657.3,-13.3 15.9 1657.3,283.0,313.0,282.0,283.0,
dataset7_CLINIC_metal_0018_data,data/dataset7/dataset7_CLINIC_metal_0018_data.nii.gz,512 512 332,259.0,278.0,251.0,260.0,279.0,252.0,259 278 251,260 279 252,0.0,1.0,2.0,-0.1 -16.5 1676.0,0.1 16.5 1676.0,466.0,442.0,258.0,259.0,
dataset7_CLINIC_metal_0019_data,data/dataset7/dataset7_CLINIC_metal_0019_data.nii.gz,512 512 350,266.0,366.0,257.0,267.0,367.0,258.0,266 366 257,267 367 258,0.0,1.0,2.0,-38.5 -69.5 1881.8,38.5 69.5 1881.8,491.0,491.0,264.0,265.0,
dataset7_CLINIC_metal_0020_data,data/dataset7/dataset7_CLINIC_metal_0020_data.nii.gz,512 512 350,242.0,383.0,216.0,243.0,384.0,217.0,242 383 216,243 384 217,0.0,1.0,2.0,39.3 -94.3 -1391.8,-39.3 94.3 -1391.8,285.0,318.0,,,
dataset7_CLINIC_metal_0022_data,data/dataset7/dataset7_CLINIC_metal_0022_data.nii.gz,,,,,,,,,,,,,,,,,,,sin punto de S1 en R1 (no hay cruz roja)
dataset7_CLINIC_metal_0023_data,data/dataset7/dataset7_CLINIC_metal_0023_data.nii.gz,,,,,,,,,,,,,,,,,,,sin punto de S1 en R1 (no hay cruz roja)
dataset7_CLINIC_metal_0024_data,data/dataset7/dataset7_CLINIC_metal_0024_data.nii.gz,512 512 276,255.0,267.0,230.0,256.0,268.0,231.0,255 267 230,256 268 231,0.0,1.0,2.0,-4.7 -10.6 1695.0,4.7 10.6 1695.0,96.0,96.0,224.0,225.0,
dataset7_CLINIC_metal_0025_data,data/dataset7/dataset7_CLINIC_metal_0025_data.nii.gz,512 512 350,242.0,259.0,249.0,243.0,260.0,250.0,242 259 249,243 260 250,0.0,1.0,2.0,-25.5 -2.7 1975.9,25.5 2.7 1975.9,405.0,408.0,258.0,259.0,
dataset7_CLINIC_metal_0026_data,data/dataset7/dataset7_CLINIC_metal_0026_data.nii.gz,512 512 314,264.0,242.0,247.0,265.0,243.0,248.0,264 242 247,265 243 248,0.0,1.0,2.0,4.5 14.5 1424.3,-4.5 -14.5 1424.3,85.0,88.0,255.0,256.0,
dataset7_CLINIC_metal_0027_data,data/dataset7/dataset7_CLINIC_metal_0027_data.nii.gz,512 512 350,261.0,246.0,289.0,262.0,247.0,290.0,261 246 289,262 247 290,0.0,1.0,2.0,9.3 9.6 -1659.3,-9.3 -9.6 -1659.3,558.0,558.0,278.0,279.0,
dataset7_CLINIC_metal_0028_data,data/dataset7/dataset7_CLINIC_metal_0028_data.nii.gz,512 512 344,245.0,234.0,261.0,246.0,235.0,262.0,245 234 261,246 235 262,0.0,1.0,2.0,-6.9 15.9 -1438.6,6.9 -15.9 -1438.6,647.0,600.0,262.0,263.0,
dataset7_CLINIC_metal_0029_data,data/dataset7/dataset7_CLINIC_metal_0029_data.nii.gz,512 512 350,257.0,280.0,255.0,258.0,281.0,256.0,257 280 255,258 281 256,0.0,1.0,2.0,-6.1 -19.2 1536.2,6.1 19.2 1536.2,333.0,317.0,266.0,267.0,
dataset7_CLINIC_metal_0030_data,data/dataset7/dataset7_CLINIC_metal_0030_data.nii.gz,512 512 350,246.0,280.0,213.0,247.0,281.0,214.0,246 280 213,247 281 214,0.0,1.0,2.0,11.1 -18.0 1336.0,-11.1 18.0 1336.0,103.0,107.0,218.0,219.0,
dataset7_CLINIC_metal_0031_data,data/dataset7/dataset7_CLINIC_metal_0031_data.nii.gz,512 512 350,258.0,291.0,120.0,259.0,292.0,121.0,258 291 120,259 292 121,0.0,1.0,2.0,1.0 -27.8 1490.4,-1.0 27.8 1490.4,179.0,179.0,139.0,140.0,
dataset7_CLINIC_metal_0032_data,data/dataset7/dataset7_CLINIC_metal_0032_data.nii.gz,512 512 294,252.0,295.0,231.0,253.0,296.0,232.0,252 295 231,253 296 232,0.0,1.0,2.0,30.9 -29.2 1935.4,-30.9 29.2 1935.4,603.0,600.0,226.0,227.0,
dataset7_CLINIC_metal_0033_data,data/dataset7/dataset7_CLINIC_metal_0033_data.nii.gz,512 512 332,260.0,299.0,255.0,261.0,300.0,256.0,260 299 255,261 300 256,0.0,1.0,2.0,-35.8 -36.0 1626.2,35.8 36.0 1626.2,565.0,566.0,,,
dataset7_CLINIC_metal_0035_data,data/dataset7/dataset7_CLINIC_metal_0035_data.nii.gz,512 512 350,257.0,320.0,258.0,258.0,321.0,259.0,257 320 258,258 321 259,0.0,1.0,2.0,4.5 -47.5 1671.8,-4.5 47.5 1671.8,11.0,0.0,263.0,264.0,
dataset7_CLINIC_metal_0037_data,data/dataset7/dataset7_CLINIC_metal_0037_data.nii.gz,512 512 350,246.0,247.0,238.0,247.0,248.0,239.0,246 247 238,247 248 239,0.0,1.0,2.0,39.3 7.2 1419.5,-39.3 -7.2 1419.5,253.0,253.0,,,
dataset7_CLINIC_metal_0038_data,data/dataset7/dataset7_CLINIC_metal_0038_data.nii.gz,512 512 350,245.0,229.0,289.0,246.0,230.0,290.0,245 229 289,246 230 290,0.0,1.0,2.0,53.0 32.6 1548.7,-53.0 -32.6 1548.7,201.0,201.0,287.0,288.0,
dataset7_CLINIC_metal_0039_data,data/dataset7/dataset7_CLINIC_metal_0039_data.nii.gz,512 512 344,263.0,280.0,238.0,264.0,281.0,239.0,263 280 238,264 281 239,0.0,1.0,2.0,-15.0 -23.8 -1316.0,15.0 23.8 -1316.0,610.0,544.0,248.0,249.0,
dataset7_CLINIC_metal_0040_data,data/dataset7/dataset7_CLINIC_metal_0040_data.nii.gz,512 512 350,265.0,296.0,280.0,266.0,297.0,281.0,265 296 280,266 297 281,0.0,1.0,2.0,-6.6 -36.6 -1350.1,6.6 36.6 -1350.1,482.0,523.0,,,
dataset7_CLINIC_metal_0041_data,data/dataset7/dataset7_CLINIC_metal_0041_data.nii.gz,512 512 338,263.0,282.0,239.0,264.0,283.0,240.0,263 282 239,264 283 240,0.0,1.0,2.0,-0.6 -33.4 1496.1,0.6 33.4 1496.1,324.0,299.0,247.0,248.0,
dataset7_CLINIC_metal_0042_data,data/dataset7/dataset7_CLINIC_metal_0042_data.nii.gz,512 512 344,266.0,361.0,266.0,267.0,362.0,267.0,266 361 266,267 362 267,0.0,1.0,2.0,-51.9 -80.0 1916.9,51.9 80.0 1916.9,658.0,630.0,276.0,277.0,
dataset7_CLINIC_metal_0044_data,data/dataset7/dataset7_CLINIC_metal_0044_data.nii.gz,512 512 350,256.0,306.0,256.0,257.0,307.0,257.0,256 306 256,257 307 257,0.0,1.0,2.0,-13.1 -43.7 1608.0,13.1 43.7 1608.0,214.0,214.0,264.0,265.0,
dataset7_CLINIC_metal_0045_data,data/dataset7/dataset7_CLINIC_metal_0045_data.nii.gz,512 512 350,259.0,271.0,71.0,260.0,272.0,72.0,259 271 71,260 272 72,0.0,1.0,2.0,-20.3 -12.0 -1616.2,20.3 12.0 -1616.2,319.0,319.0,78.0,79.0,
dataset7_CLINIC_metal_0046_data,data/dataset7/dataset7_CLINIC_metal_0046_data.nii.gz,512 512 350,256.0,316.0,213.0,257.0,317.0,214.0,256 316 213,257 317 214,0.0,1.0,2.0,5.2 -45.3 -328.8,-5.2 45.3 -328.8,-10.0,-10.0,221.0,222.0,
dataset7_CLINIC_metal_0047_data,data/dataset7/dataset7_CLINIC_metal_0047_data.nii.gz,512 512 350,260.0,307.0,264.0,261.0,308.0,265.0,260 307 264,261 308 265,0.0,1.0,2.0,16.2 -38.1 1450.7,-16.2 38.1 1450.7,540.0,531.0,278.0,279.0,
dataset7_CLINIC_metal_0048_data,data/dataset7/dataset7_CLINIC_metal_0048_data.nii.gz,512 512 350,251.0,290.0,158.0,252.0,291.0,159.0,251 290 158,252 291 159,0.0,1.0,2.0,6.6 -25.4 1407.4,-6.6 25.4 1407.4,644.0,542.0,176.0,177.0,
dataset7_CLINIC_metal_0049_data,data/dataset7/dataset7_CLINIC_metal_0049_data.nii.gz,512 512 333,255.0,257.0,262.0,256.0,258.0,263.0,255 257 262,256 258 263,0.0,1.0,2.0,-22.9 -1.3 -1499.5,22.9 1.3 -1499.5,149.0,149.0,273.0,274.0,
dataset7_CLINIC_metal_0050_data,data/dataset7/dataset7_CLINIC_metal_0050_data.nii.gz,512 512 350,259.0,313.0,248.0,260.0,314.0,249.0,259 313 248,260 314 249,0.0,1.0,2.0,16.0 -44.1 -1299.2,-16.0 44.1 -1299.2,525.0,525.0,251.0,252.0,
dataset7_CLINIC_metal_0051_data,data/dataset7/dataset7_CLINIC_metal_0051_data.nii.gz,512 512 350,257.0,256.0,225.0,258.0,257.0,226.0,257 256 225,258 257 226,0.0,1.0,2.0,-13.7 -0.2 -1515.6,13.7 0.2 -1515.6,683.0,666.0,239.0,240.0,
dataset7_CLINIC_metal_0052_data,data/dataset7/dataset7_CLINIC_metal_0052_data.nii.gz,512 512 350,255.0,274.0,293.0,256.0,275.0,294.0,255 274 293,256 275 294,0.0,1.0,2.0,-9.6 -17.4 1575.0,9.6 17.4 1575.0,518.0,464.0,303.0,304.0,
dataset7_CLINIC_metal_0053_data,data/dataset7/dataset7_CLINIC_metal_0053_data.nii.gz,,,,,,,,,,,,,,,,,,,sin punto de S1 en R1 (no hay cruz roja)
dataset7_CLINIC_metal_0054_data,data/dataset7/dataset7_CLINIC_metal_0054_data.nii.gz,512 512 350,268.0,250.0,315.0,269.0,251.0,316.0,268 250 315,269 251 316,0.0,1.0,2.0,-13.5 4.5 -1404.0,13.5 -4.5 -1404.0,457.0,423.0,322.0,323.0,
dataset7_CLINIC_metal_0055_data,data/dataset7/dataset7_CLINIC_metal_0055_data.nii.gz,512 512 338,251.0,238.0,244.0,252.0,239.0,245.0,251 238 244,252 239 245,0.0,1.0,2.0,-6.4 16.9 1692.6,6.4 -16.9 1692.6,314.0,325.0,251.0,252.0,
dataset7_CLINIC_metal_0056_data,data/dataset7/dataset7_CLINIC_metal_0056_data.nii.gz,512 512 338,260.0,280.0,245.0,261.0,281.0,246.0,260 280 245,261 281 246,0.0,1.0,2.0,14.3 -18.1 -1664.1,-14.3 18.1 -1664.1,561.0,538.0,257.0,258.0,
dataset7_CLINIC_metal_0057_data,data/dataset7/dataset7_CLINIC_metal_0057_data.nii.gz,512 512 319,252.0,266.0,233.0,253.0,267.0,234.0,252 266 233,253 267 234,0.0,1.0,2.0,-60.4 -8.5 1878.0,60.4 8.5 1878.0,422.0,422.0,240.0,241.0,
dataset7_CLINIC_metal_0058_data,data/dataset7/dataset7_CLINIC_metal_0058_data.nii.gz,512 512 350,267.0,315.0,315.0,268.0,316.0,316.0,267 315 315,268 316 316,0.0,1.0,2.0,14.9 -44.0 1937.0,-14.9 44.0 1937.0,200.0,200.0,298.0,299.0,
dataset7_CLINIC_metal_0059u0071_union,data/derivados/dataset7_CLINIC_metal_0059u0071_union.nii.gz,512 512 422,259.0,251.0,326.0,260.0,252.0,327.0,259 251 326,260 252 327,0.0,1.0,2.0,-12.4 3.7 1511.8,12.4 -3.7 1511.8,325.0,303.0,362.0,363.0,
dataset7_CLINIC_metal_0060_data,data/dataset7/dataset7_CLINIC_metal_0060_data.nii.gz,512 512 338,268.0,295.0,245.0,269.0,296.0,246.0,268 295 245,269 296 246,0.0,1.0,2.0,-21.9 -29.2 1642.9,21.9 29.2 1642.9,317.0,336.0,,,
dataset7_CLINIC_metal_0062_data,data/dataset7/dataset7_CLINIC_metal_0062_data.nii.gz,512 512 313,257.0,317.0,258.0,258.0,318.0,259.0,257 317 258,258 318 259,0.0,1.0,2.0,-26.5 -45.5 1730.3,26.5 45.5 1730.3,441.0,469.0,265.0,266.0,
dataset7_CLINIC_metal_0063_data,data/dataset7/dataset7_CLINIC_metal_0063_data.nii.gz,512 512 350,264.0,248.0,120.0,265.0,249.0,121.0,264 248 120,265 249 121,0.0,1.0,2.0,60.7 5.9 1673.1,-60.7 -5.9 1673.1,544.0,478.0,120.0,121.0,
dataset7_CLINIC_metal_0066_data,data/dataset7/dataset7_CLINIC_metal_0066_data.nii.gz,512 512 344,259.0,286.0,258.0,260.0,287.0,259.0,259 286 258,260 287 259,0.0,1.0,2.0,2.3 -23.3 1528.5,-2.3 23.3 1528.5,379.0,373.0,252.0,253.0,
dataset7_CLINIC_metal_0067_data,data/dataset7/dataset7_CLINIC_metal_0067_data.nii.gz,512 512 338,243.0,294.0,295.0,244.0,295.0,296.0,243 294 295,244 295 296,0.0,1.0,2.0,3.7 -31.8 1439.9,-3.7 31.8 1439.9,199.0,199.0,271.0,272.0,
dataset7_CLINIC_metal_0069_data,data/dataset7/dataset7_CLINIC_metal_0069_data.nii.gz,512 512 350,255.0,271.0,258.0,256.0,272.0,259.0,255 271 258,256 272 259,0.0,1.0,2.0,0.6 -12.6 1623.3,-0.6 12.6 1623.3,557.0,514.0,267.0,268.0,
dataset7_CLINIC_metal_0070_data,data/dataset7/dataset7_CLINIC_metal_0070_data.nii.gz,512 512 350,249.0,303.0,275.0,250.0,304.0,276.0,249 303 275,250 304 276,0.0,1.0,2.0,32.2 -41.6 1824.9,-32.2 41.6 1824.9,294.0,264.0,287.0,288.0,
dataset7_CLINIC_metal_0072_data,data/dataset7/dataset7_CLINIC_metal_0072_data.nii.gz,512 512 350,266.0,293.0,273.0,267.0,294.0,274.0,266 293 273,267 294 274,0.0,1.0,2.0,-14.0 -30.3 -1439.7,14.0 30.3 -1439.7,127.0,144.0,283.0,284.0,
dataset7_CLINIC_metal_0073_data,data/dataset7/dataset7_CLINIC_metal_0073_data.nii.gz,512 512 350,232.0,244.0,229.0,233.0,245.0,230.0,232 244 229,233 245 230,0.0,1.0,2.0,27.6 10.4 -1671.1,-27.6 -10.4 -1671.1,297.0,336.0,242.0,243.0,
