Caso,Dataset,rejilla_mm,n_metal,x_mid,ancho_crestas_mm,z_cresta_mm,z_s1_sagital_mm,z_s1_ala_mm,s1_discrepancia_mm,s1_bajo_cresta_mm,S1_hallado,S1_x_mm,S1_y_mm,S1_z_mm,S1_n_vox,S1_oscuro,S1_brillante,S1_hueso,S1_dist_metal_mm,S1_fov_margen_mm,S1_fov_ok,cresta_der_hallado,cresta_der_x_mm,cresta_der_y_mm,cresta_der_z_mm,cresta_der_n_vox,cresta_der_oscuro,cresta_der_brillante,cresta_der_hueso,cresta_der_dist_metal_mm,cresta_der_fov_margen_mm,cresta_der_fov_ok,cresta_izq_hallado,cresta_izq_x_mm,cresta_izq_y_mm,cresta_izq_z_mm,cresta_izq_n_vox,cresta_izq_oscuro,cresta_izq_brillante,cresta_izq_hueso,cresta_izq_dist_metal_mm,cresta_izq_fov_margen_mm,cresta_izq_fov_ok,eips_der_hallado,eips_der_x_mm,eips_der_y_mm,eips_der_z_mm,eips_der_n_vox,eips_der_oscuro,eips_der_brillante,eips_der_hueso,eips_der_dist_metal_mm,eips_der_fov_margen_mm,eips_der_fov_ok,eips_izq_hallado,eips_izq_x_mm,eips_izq_y_mm,eips_izq_z_mm,eips_izq_n_vox,eips_izq_oscuro,eips_izq_brillante,eips_izq_hueso,eips_izq_dist_metal_mm,eips_izq_fov_margen_mm,eips_izq_fov_ok,Error,auditoria_S1,auditoria_S1_clinico,cohorte,S1_estado,cresta_der_estado,cresta_izq_estado,eips_der_estado,eips_izq_estado,marco_computable,marco_legible,s1_discordante
dataset6_CLINIC_0001_data,dataset6,1.56/1.56/1.60,247,205.3,167.0,206.5,177.6,192.1,14.6,29.0,si,205.3,131.8,177.6,14832.0,0.0,0.0,0.13801,157.9,102.1,si,si,289.7,162.3,213.4,14783,0.0,0.0,0.30028,213.5,66.2,si,si,122.7,144.9,200.3,14820,0.0,0.0,0.28475,118.1,79.3,si,si,235.6,117.4,153.8,14823,0.0,0.0,0.11253,186.5,117.4,si,si,155.8,109.9,161.0,14830,0.00034,0.0,0.30486,150.5,109.9,si,,,,otro,limpio,limpio,limpio,limpio,limpio,True,True,True
dataset6_CLINIC_0002_data,dataset6,1.56/1.56/1.60,0,198.8,144.9,211.6,193.4,178.0,-15.4,18.2,si,198.8,167.6,193.4,14820.0,0.0,0.0,0.43185,,52.2,si,si,269.1,145.7,215.2,14763,0.0,0.0,0.2702,,30.4,si,si,124.2,150.2,208.5,14834,0.0,0.0,0.26459,,37.1,si,si,244.5,93.9,173.8,14820,0.0,0.0,0.2,,71.7,si,si,162.3,98.5,161.1,14828,0.0,0.0,0.1135,,84.5,si,,,,calibracion,limpio,limpio,limpio,limpio,limpio,True,True,True
dataset6_CLINIC_0003_data,dataset6,1.56/1.56/1.60,0,216.2,182.3,231.9,191.8,195.9,4.0,40.1,si,216.2,178.7,191.8,14824.0,0.0,0.0,0.6992,,88.5,si,si,306.4,174.5,231.7,14776,0.0,0.0,0.29473,,48.6,si,si,124.1,165.0,233.1,14755,0.0,0.0,0.29665,,47.3,si,si,258.3,125.2,182.7,14781,0.0,0.0,0.3357,,97.6,si,si,183.1,127.1,178.0,14776,0.0,0.0,0.32038,,102.3,si,,,,calibracion,limpio,limpio,limpio,limpio,limpio,True,True,False
dataset6_CLINIC_0004_data,dataset6,1.54/1.54/1.60,0,208.7,179.1,215.6,186.2,186.0,-0.2,29.4,si,208.7,122.3,186.2,15180.0,0.0,0.0,0.34144,,93.8,si,si,299.3,133.2,218.6,15199,0.0,0.0,0.29535,,61.4,si,si,120.2,130.7,213.6,15186,0.0,0.0,0.2688,,66.4,si,si,252.7,83.4,164.1,15188,0.0,0.0,0.23282,,83.4,si,si,168.4,80.4,166.7,15206,0.0,0.0,0.31757,,80.4,si,,,,calibracion,limpio,limpio,limpio,limpio,limpio,True,True,False
dataset6_CLINIC_0005_data,dataset6,1.56/1.56/1.60,10979,166.0,150.9,209.2,205.4,190.8,-14.6,3.8,si,166.0,228.5,205.4,14832.0,0.0,0.0,0.15392,93.0,57.8,si,si,246.9,202.3,211.7,14831,0.0,0.0,0.19924,78.7,51.5,si,si,96.0,212.1,207.0,14823,0.0,0.0,0.17918,116.7,56.2,si,si,205.1,158.2,171.9,14808,0.0,0.0,0.09387,49.3,91.3,si,si,121.2,167.2,168.9,14846,0.0,0.0,0.10097,62.1,94.3,si,,,,otro,limpio,limpio,limpio,limpio,limpio,True,True,True
dataset6_CLINIC_0006_data,dataset6,1.95/1.95/1.60,0,250.3,165.6,234.0,,208.4,,,no,,,,,,,,,,,si,334.0,224.4,224.6,9498,0.0,0.0,0.19257,,36.2,si,si,168.4,263.3,244.3,9506,0.0,0.0,0.17926,,16.5,si,si,290.8,180.1,185.7,9492,0.00358,0.0,0.15023,,75.1,si,si,207.2,189.8,166.5,9496,0.0,0.0,0.18387,,94.3,si,,,,calibracion,no hallado,limpio,limpio,limpio,limpio,False,False,False
dataset6_CLINIC_0007_data,dataset6,1.62/1.62/1.60,7633,213.1,201.7,246.5,235.8,193.7,-42.1,10.7,si,213.1,217.2,235.8,13744.0,0.0,0.0,0.48137,126.7,43.8,si,si,321.6,198.7,254.8,13730,7e-05,0.0,0.31537,203.8,24.8,si,si,119.9,180.9,239.0,13740,0.0,0.0,0.3329,60.1,40.6,si,si,259.8,143.1,211.3,13765,0.0,0.0,0.26989,132.2,68.3,si,si,174.5,131.8,200.5,13730,0.0,0.0,0.26708,59.7,79.2,si,,,,otro,limpio,limpio,limpio,limpio,limpio,True,True,True
dataset6_CLINIC_0008_data,dataset6,1.92/1.92/1.60,107,260.0,149.0,235.9,194.7,199.1,4.4,41.2,si,260.0,248.4,194.7,9740.0,0.0,0.0,0.73285,139.6,85.7,si,si,335.2,234.5,224.9,9796,0.0,0.0,0.33065,102.6,55.5,si,si,186.2,218.6,247.3,9775,0.0,0.0,0.31847,192.7,33.0,si,si,291.3,190.1,164.5,9794,0.0,0.0,0.15244,181.8,115.8,si,si,212.0,180.6,213.8,9780,0.0,0.0,0.23221,205.4,66.6,si,,,,otro,limpio,limpio,limpio,limpio,limpio,True,True,False
dataset6_CLINIC_0009_data,dataset6,1.63/1.63/1.60,0,222.4,171.9,258.8,,243.6,,,no,,,,,,,,,,,si,304.9,185.7,274.5,10892,0.0,0.0,0.29563,,5.5,si,si,133.0,165.2,243.8,13616,0.0,0.0,0.22033,,36.2,si,si,256.5,127.5,218.2,13570,0.0,0.0,0.21194,,61.9,si,si,182.0,121.2,205.5,13606,0.0,0.0,0.21094,,74.5,si,,,,calibracion,no hallado,limpio,limpio,limpio,limpio,False,False,False
dataset6_CLINIC_0010_data,dataset6,1.81/1.81/1.60,0,239.1,176.8,278.4,257.6,264.1,6.5,20.9,si,239.1,194.8,257.6,11060.0,0.0,0.0,0.58011,,22.1,si,si,327.2,180.9,278.4,6112,0.0,0.0,0.34702,,1.2,no,si,150.4,187.6,278.4,6092,0.0,0.0,0.27249,,1.2,no,si,285.6,132.2,236.7,11077,0.0,0.0,0.2358,,42.9,si,si,183.9,137.9,242.0,10974,0.01795,0.0,0.19938,,37.6,si,,,,calibracion,limpio,fuera de FOV,fuera de FOV,limpio,limpio,False,False,False
dataset6_CLINIC_0011_data,dataset6,1.58/1.58/1.60,0,196.1,186.1,278.8,,,,,no,,,,,,,,,,,si,296.8,181.4,278.8,7999,0.0,0.0,0.30741,,1.2,no,si,110.7,218.7,278.8,7989,0.0,0.0,0.25723,,1.2,no,si,226.4,131.0,248.2,14528,0.0,0.0,0.25737,,31.8,si,si,168.5,138.4,213.6,14514,7e-05,0.0,0.3004,,66.4,si,,,,calibracion,no hallado,fuera de FOV,fuera de FOV,limpio,limpio,False,False,False
dataset6_CLINIC_0012_data,dataset6,1.95/1.95/1.60,0,256.2,150.7,226.5,198.3,203.3,5.1,28.2,si,256.2,198.6,198.3,9492.0,0.0,0.0,0.39128,,51.8,si,si,328.6,198.7,222.9,9492,0.0,0.0,0.2815,,27.2,si,si,177.9,206.5,230.7,9509,0.0,0.0,0.24987,,19.4,si,si,288.2,150.3,161.1,9510,0.0,0.0,0.12608,,89.0,si,si,220.0,156.5,180.9,9537,0.0,0.0,0.121,,69.2,si,,,,calibracion,limpio,limpio,limpio,limpio,limpio,True,True,False
dataset6_CLINIC_0013_data,dataset6,1.95/1.95/1.60,0,248.4,152.6,240.4,210.9,213.2,2.3,29.5,si,248.4,268.9,210.9,9492.0,0.0,0.0,0.55836,,49.9,si,si,321.8,252.9,240.9,9481,0.0,0.0,0.26959,,19.9,si,si,169.3,248.8,240.6,9496,0.0,0.0,0.27222,,20.2,si,si,282.7,203.5,193.2,9516,0.0,0.0,0.2231,,67.7,si,si,211.7,199.6,193.4,9498,0.0,0.0,0.24352,,67.4,si,,,,calibracion,limpio,limpio,limpio,limpio,limpio,True,True,False
dataset6_CLINIC_0014_data,dataset6,1.56/1.56/1.60,0,172.4,149.8,230.0,207.2,206.8,-0.3,22.9,si,172.4,211.5,207.2,14724.0,0.0,0.0,0.68446,,72.9,si,si,248.1,198.1,228.0,14784,0.0,0.0,0.30492,,52.0,si,si,98.3,205.9,232.4,14812,0.0,0.0,0.28038,,47.6,si,si,209.9,161.5,188.8,14732,0.0,0.0,0.27885,,91.2,si,si,140.0,161.2,178.3,14811,0.0,0.0,0.10958,,101.7,si,,,,calibracion,limpio,limpio,limpio,limpio,limpio,True,True,False
dataset6_CLINIC_0015_data,dataset6,1.95/1.95/1.60,0,230.8,175.7,233.7,193.6,224.1,30.5,40.1,si,230.8,216.2,193.6,9548.0,0.0,0.0,0.18632,,56.5,si,si,319.2,213.2,229.3,9500,0.0,0.0,0.34884,,20.8,si,si,143.5,230.9,238.8,9445,0.0,0.0,0.34039,,11.2,si,si,263.8,172.0,180.3,9514,0.0,0.0,0.21537,,69.8,si,si,196.2,180.0,162.3,9513,0.0,0.0,0.19847,,87.7,si,,,,calibracion,limpio,limpio,limpio,limpio,limpio,True,True,True
dataset6_CLINIC_0016_data,dataset6,1.56/1.56/1.60,0,194.3,170.7,231.9,206.9,200.7,-6.3,25.0,si,194.3,192.8,206.9,14792.0,0.0,0.0,0.6081,,73.4,si,si,283.2,173.5,230.0,14784,0.0,0.0,0.32522,,50.3,si,si,112.6,177.6,234.5,14778,0.0,0.0,0.27981,,45.9,si,si,251.0,130.2,193.0,14748,0.0,0.0,0.26261,,87.4,si,si,151.4,134.9,192.2,14722,0.0,0.0,0.26246,,88.1,si,,,,calibracion,limpio,limpio,limpio,limpio,limpio,True,True,False
dataset6_CLINIC_0017_data,dataset6,1.89/1.89/1.60,515,255.9,172.3,220.1,180.0,184.2,4.1,40.1,si,255.9,242.6,180.0,10128.0,0.0,0.0,0.67891,64.2,99.6,si,si,332.7,229.5,210.1,10116,0.0001,0.0,0.30249,120.1,69.6,si,si,160.4,247.8,230.9,10117,0.0,0.0,0.22882,148.7,48.7,si,si,294.9,187.4,161.1,10127,0.0,0.0,0.23502,81.5,118.5,si,si,219.4,178.7,141.8,10140,0.0,0.0,0.27219,77.4,137.8,si,,,,otro,limpio,limpio,limpio,limpio,limpio,True,True,False
dataset6_CLINIC_0018_data,dataset6,1.95/1.95/1.60,0,242.5,176.0,272.7,234.0,239.1,5.1,38.7,si,242.5,227.9,234.0,9464.0,0.0,0.0,0.66779,,67.2,si,si,330.8,214.5,260.3,9481,0.0,0.0,0.34258,,40.9,si,si,154.7,225.0,286.1,9478,0.0,0.0,0.34786,,15.1,si,si,276.7,162.5,205.2,7708,0.06837,0.0,0.33212,,95.9,si,si,194.5,165.9,224.7,8132,0.06431,0.0,0.34198,,76.5,si,,,,calibracion,limpio,limpio,limpio,limpio,limpio,True,True,False
dataset6_CLINIC_0019_data,dataset6,1.56/1.56/1.60,1251,206.6,162.9,268.4,282.9,243.6,-39.3,-14.5,si,206.6,175.4,282.9,14836.0,0.0,0.0,0.22209,197.6,23.5,si,si,288.7,211.6,271.3,14800,0.0,0.0,0.22865,119.7,35.1,si,si,125.8,201.0,266.5,14811,0.0,0.0,0.196,241.8,39.9,si,si,258.2,162.7,244.6,14818,0.0,0.0,0.14665,167.2,61.8,si,si,154.2,158.2,244.5,14822,0.0,0.0,0.1263,237.8,61.9,si,,,,otro,limpio,limpio,limpio,limpio,limpio,True,True,True
dataset6_CLINIC_0020_data,dataset6,1.56/1.56/1.60,0,197.5,174.3,230.3,193.1,199.1,5.9,37.2,si,197.5,178.7,193.1,14768.0,0.0,0.0,0.58647,,87.2,si,si,285.7,180.7,236.3,14764,0.0,0.0,0.27459,,44.1,si,si,111.4,169.6,225.0,14761,0.0,0.0,0.33812,,55.3,si,si,231.4,118.8,156.0,14801,0.0,0.0,0.20708,,118.8,si,si,161.7,121.7,154.9,14795,0.0,0.0,0.20182,,121.7,si,,,,calibracion,limpio,limpio,limpio,limpio,limpio,True,True,False
dataset6_CLINIC_0021_data,dataset6,1.45/1.45/1.60,0,185.7,167.1,251.6,227.9,229.2,1.3,23.7,si,185.7,177.0,227.9,17252.0,0.0,0.0,0.66595,,52.1,si,si,266.6,155.7,253.6,17260,0.0,0.0,0.36472,,26.4,si,si,99.6,163.7,250.1,17251,0.0,0.0,0.32897,,29.9,si,si,229.4,111.5,210.0,17281,0.0,0.0,0.33314,,70.1,si,si,134.9,114.3,206.2,17261,0.0,0.0,0.32391,,73.8,si,,,,calibracion,limpio,limpio,limpio,limpio,limpio,True,True,False
dataset6_CLINIC_0022_data,dataset6,1.56/1.56/1.60,0,230.3,188.2,234.8,212.9,187.6,-25.3,21.9,si,230.3,203.7,212.9,14724.0,0.0,0.0,0.59563,,67.2,si,si,324.9,195.4,240.8,14783,0.0,0.0,0.28993,,39.2,si,si,136.6,188.2,229.5,14786,0.0,0.0,0.27607,,50.5,si,si,272.2,139.6,184.9,14770,0.0,0.0,0.30149,,95.1,si,si,192.3,138.0,176.7,14772,0.0,0.0,0.30023,,103.3,si,,,,calibracion,limpio,limpio,limpio,limpio,limpio,True,True,True
dataset6_CLINIC_0023_data,dataset6,1.91/1.91/1.60,0,265.4,167.4,260.7,213.4,242.3,28.9,47.3,si,265.4,246.4,213.4,9924.0,0.0,0.0,0.52338,,67.0,si,si,348.1,236.3,268.3,9958,0.0,0.0,0.30729,,12.1,si,si,180.6,225.0,253.7,9953,0.0,0.0,0.297,,26.7,si,si,310.1,172.0,198.9,9938,0.0,0.0,0.07657,,81.5,si,si,230.1,171.8,201.2,9936,0.0,0.0,0.29338,,79.2,si,,,,calibracion,limpio,limpio,limpio,limpio,limpio,True,True,True
dataset6_CLINIC_0024_data,dataset6,1.72/1.72/1.60,0,219.4,168.1,241.2,213.7,216.4,2.7,27.5,si,219.4,228.0,213.7,12204.0,0.0,0.0,0.51016,,71.9,si,si,302.6,219.9,231.6,12151,0.0,0.0,0.2943,,54.0,si,si,134.5,205.4,252.1,12174,0.0,0.0,0.32085,,33.5,si,si,263.8,159.0,181.7,12154,0.0,0.0,0.2549,,103.9,si,si,186.7,152.1,196.8,12170,0.0,0.0,0.25744,,88.8,si,,,,calibracion,limpio,limpio,limpio,limpio,limpio,True,True,False
dataset6_CLINIC_0025_data,dataset6,1.66/1.66/1.60,0,215.1,173.6,241.2,188.0,202.0,14.0,53.2,si,215.1,204.3,188.0,13044.0,0.0,0.0,0.6314,,92.0,si,si,301.3,211.3,245.9,13083,0.0,0.0,0.30971,,34.1,si,si,127.7,183.6,237.7,13046,0.0,0.0,0.3352,,42.3,si,si,251.4,142.8,159.9,13067,0.0,0.0,0.10798,,120.1,si,si,183.5,140.0,187.1,13066,0.0,0.0,0.27943,,92.9,si,,,,calibracion,limpio,limpio,limpio,limpio,limpio,True,True,True
dataset6_CLINIC_0026_data,dataset6,1.70/1.70/1.60,0,231.6,173.8,252.1,213.0,214.5,1.5,39.1,si,231.6,216.3,213.0,12548.0,0.0,0.0,0.5169,,66.6,si,si,320.4,195.4,248.6,12531,0.0,0.0,0.30069,,31.0,si,si,146.6,211.5,256.7,12537,0.00112,0.0,0.30127,,23.0,si,si,263.5,144.9,201.7,12402,0.01306,0.0,0.29882,,78.0,si,si,188.7,150.0,209.9,11773,0.03355,0.0,0.26646,,69.7,si,,,,calibracion,limpio,limpio,limpio,limpio,limpio,True,True,False
dataset6_CLINIC_0027_data,dataset6,1.69/1.69/1.60,0,243.2,165.6,229.7,197.8,169.8,-28.0,31.9,si,243.2,189.3,197.8,12780.0,0.0,0.0,0.56377,,81.9,si,si,326.1,181.6,236.0,12748,0.0,0.0,0.37018,,43.7,si,si,160.5,175.0,224.7,12755,0.0,0.0,0.3724,,54.9,si,si,291.5,128.6,182.6,12758,0.0,0.0,0.24283,,97.0,si,si,197.2,126.9,174.2,12744,0.0,0.0,0.24176,,105.5,si,,,,calibracion,limpio,limpio,limpio,limpio,limpio,True,True,True
dataset6_CLINIC_0028_data,dataset6,1.72/1.72/1.60,491,218.4,187.8,279.2,,239.1,,,no,,,,,,,,,,,si,314.7,210.8,279.2,6763,0.0,0.0,0.21603,187.4,1.2,no,si,126.9,219.2,279.2,6754,0.0,0.0,0.45691,338.8,1.2,no,si,258.4,160.0,234.9,12285,0.0,0.0,0.23044,202.2,45.5,si,si,171.5,161.7,222.5,12284,0.0,0.0,0.24886,264.9,57.8,si,,,,otro,no hallado,fuera de FOV,fuera de FOV,limpio,limpio,False,False,False
dataset6_CLINIC_0029_data,dataset6,1.56/1.56/1.60,0,186.5,167.0,245.7,,224.1,,,no,,,,,,,,,,,si,270.3,158.9,238.8,14807,0.0,0.0,0.29202,,40.9,si,si,103.4,159.1,253.3,14794,0.0,0.0,0.26382,,26.3,si,si,228.8,112.9,200.0,14831,0.0,0.0,0.27429,,79.6,si,si,151.6,109.6,210.7,14821,0.0,0.0,0.24445,,68.9,si,,,,calibracion,no hallado,limpio,limpio,limpio,limpio,False,False,False
dataset6_CLINIC_0030_data,dataset6,1.82/1.82/1.60,0,226.4,152.6,223.9,186.1,195.9,9.8,37.8,si,226.4,190.9,186.1,10892.0,0.0,0.0,0.22025,,94.3,si,si,300.4,195.7,225.1,10881,0.0,0.0,0.29547,,55.2,si,si,147.8,205.0,223.5,10858,0.0,0.0,0.28992,,56.9,si,si,265.4,148.0,178.6,9792,0.08415,0.0,0.29381,,101.8,si,si,181.9,153.5,175.6,10904,0.0,0.0,0.21249,,104.7,si,,,,calibracion,limpio,limpio,limpio,limpio,limpio,True,True,False
dataset6_CLINIC_0031_data,dataset6,1.67/1.67/1.60,180,204.2,158.5,245.5,207.4,213.5,6.0,38.1,si,204.2,239.2,207.4,12944.0,0.0,0.0,0.57687,167.7,72.9,si,si,285.2,219.3,238.2,12958,0.0,0.0,0.26671,247.7,42.1,si,si,126.7,224.2,254.0,12932,0.0,0.0,0.25394,105.7,26.4,si,si,236.2,168.4,170.4,12957,0.0,0.0,0.19673,236.4,109.9,si,si,173.6,170.1,171.0,12984,0.0,0.0,0.28135,189.2,109.3,si,,,,otro,limpio,limpio,limpio,limpio,limpio,True,True,False
dataset6_CLINIC_0032_data,dataset6,1.38/1.38/1.60,0,163.7,177.0,230.8,230.1,190.8,-39.3,0.7,si,163.7,86.8,230.1,18900.0,0.0,0.0,0.27153,,49.9,si,si,255.2,108.7,238.9,18918,0.0,0.0,0.25225,,41.1,si,si,78.3,119.9,223.2,18875,0.0,0.0,0.25468,,56.9,si,si,209.2,72.3,197.3,18888,0.0,0.0,0.24878,,72.3,si,si,116.8,74.7,193.2,18927,0.0,0.0,0.25181,,74.7,si,,,,calibracion,limpio,limpio,limpio,limpio,limpio,True,True,True
dataset6_CLINIC_0033_data,dataset6,1.77/1.77/1.60,0,226.4,182.4,261.2,231.2,235.6,4.4,30.0,si,226.4,204.4,231.2,11616.0,0.0,0.0,0.51834,,48.8,si,si,317.1,168.8,276.0,8308,0.0,0.0,0.47147,,4.0,no,si,134.6,191.0,247.4,11586,0.0,0.0,0.29078,,32.6,si,si,256.5,125.8,217.3,11590,0.0,0.0,0.24797,,62.7,si,si,178.0,138.2,203.8,11582,0.0,0.0,0.26783,,76.2,si,,,,calibracion,limpio,fuera de FOV,limpio,limpio,limpio,False,False,False
dataset6_CLINIC_0034_data,dataset6,1.62/1.62/1.60,0,200.8,172.7,237.2,,,,,no,,,,,,,,,,,si,292.7,140.5,238.9,13856,0.00043,0.0,0.31423,,41.0,si,si,119.9,153.5,235.8,13871,0.0013,0.0,0.30798,,44.1,si,si,240.1,82.7,187.6,13864,0.00505,0.0,0.25844,,82.7,si,si,163.6,90.7,186.1,13861,0.00231,0.0,0.2665,,90.7,si,,,,calibracion,no hallado,limpio,limpio,limpio,limpio,False,False,False
dataset6_CLINIC_0035_data,dataset6,1.56/1.56/1.60,0,203.7,155.9,211.1,176.4,184.6,8.2,34.7,si,203.7,163.0,176.4,14796.0,0.0,0.0,0.67876,,103.9,si,si,279.2,160.6,212.5,14776,0.0,0.0,0.32607,,67.9,si,si,123.3,159.4,210.7,14760,0.0,0.0,0.29173,,69.6,si,si,247.0,116.1,171.9,14794,0.0,0.0,0.22029,,108.4,si,si,159.9,109.8,156.6,14790,0.0,0.0,0.15822,,109.8,si,,,,calibracion,limpio,limpio,limpio,limpio,limpio,True,True,False
dataset6_CLINIC_0036_data,dataset6,1.37/1.37/1.60,22,161.7,178.1,227.6,199.1,190.8,-8.3,28.5,si,161.7,182.9,199.1,19360.0,0.0,0.0,0.67763,191.6,80.9,si,si,251.5,166.0,234.5,19342,0.0,0.0,0.27763,150.8,45.5,si,si,73.4,183.6,221.6,19333,0.0,0.0,0.28557,280.5,58.4,si,si,202.6,117.6,180.8,18334,0.02847,0.0,0.3091,170.9,99.2,si,si,108.8,132.7,170.7,19396,0.00103,0.0,0.28398,241.5,108.8,si,,,,otro,limpio,limpio,limpio,limpio,limpio,True,True,False
dataset6_CLINIC_0037_data,dataset6,1.69/1.69/1.60,3324,211.9,151.8,221.2,211.3,194.0,-17.3,9.9,si,211.9,195.0,211.3,12608.0,0.0,0.0,0.42933,127.3,43.9,si,si,286.6,160.5,226.5,12637,0.0,0.0,0.30601,163.9,28.7,si,si,134.8,172.2,216.6,12640,0.0,0.0,0.29169,124.6,38.6,si,si,258.0,122.2,188.9,12651,0.00158,0.0,0.27184,195.7,66.3,si,si,167.7,133.7,174.8,12626,0.0,0.0,0.23998,136.1,80.4,si,,,,otro,limpio,limpio,limpio,limpio,limpio,True,True,True
dataset6_CLINIC_0038_data,dataset6,1.79/1.79/1.60,0,228.0,169.9,245.7,214.4,219.3,5.0,31.3,si,228.0,236.1,214.4,11264.0,0.0,0.0,0.62864,,50.1,si,si,312.0,225.8,245.3,11272,0.0,0.0,0.24556,,19.2,si,si,142.1,229.0,246.6,11267,0.0,0.0,0.22987,,17.8,si,si,273.2,176.1,201.3,11290,0.0,0.0,0.21506,,63.2,si,si,180.3,177.6,203.9,11293,0.0,0.0,0.24245,,60.6,si,,,,otro,limpio,limpio,limpio,limpio,limpio,True,True,False
dataset6_CLINIC_0039_data,dataset6,1.13/1.13/1.60,11770,286.8,169.5,262.0,228.3,238.8,10.4,33.6,si,286.8,313.3,228.3,7132.0,0.0,0.0,0.73556,226.3,82.0,si,si,374.4,300.7,252.0,7076,0.0,0.0,0.39429,146.7,58.4,si,si,204.9,297.4,273.1,7092,0.0,0.0,0.41497,303.6,37.3,si,si,323.8,266.1,206.6,7099,0.0,0.0,0.36442,199.1,103.8,si,si,252.7,254.7,218.4,7091,0.0,0.0,0.32732,269.3,92.0,si,,,,calibracion,limpio,limpio,limpio,limpio,limpio,True,True,True
dataset6_CLINIC_0040_data,dataset6,1.56/1.56/1.60,116,206.8,169.6,240.1,,211.3,,,no,,,,,,,,,,,si,290.4,164.8,235.7,14804,0.0,0.0,0.24088,231.0,43.9,si,si,120.8,171.4,245.2,14805,0.0,0.0,0.24053,63.6,34.4,si,si,248.3,114.5,188.5,14757,0.0,0.0,0.23169,200.7,91.1,si,si,162.4,115.9,196.9,14822,0.0,0.0,0.24032,119.6,82.7,si,,,,otro,no hallado,limpio,limpio,limpio,limpio,False,False,False
dataset6_CLINIC_0041_data,dataset6,1.50/1.50/1.60,256,182.9,163.8,210.8,166.5,173.2,6.7,44.3,si,182.9,207.6,166.5,16220.0,0.0,0.0,0.66597,180.4,113.5,si,si,263.7,198.2,211.8,16171,0.0,0.0,0.27846,224.9,68.2,si,si,99.9,206.0,210.4,16186,0.0,0.0,0.27629,140.0,69.6,si,si,214.3,151.1,139.2,16141,0.0,0.0,0.16666,250.3,139.2,si,si,147.9,151.1,134.0,16158,0.0,0.0,0.23895,228.1,134.0,si,,,,otro,limpio,limpio,limpio,limpio,limpio,True,True,False
dataset6_CLINIC_0042_data,dataset6,1.56/1.56/1.60,0,206.8,147.7,217.5,197.2,189.4,-7.7,20.3,si,206.8,224.0,197.2,14760.0,0.0,0.0,0.61233,,83.2,si,si,274.3,234.2,217.0,14759,0.0,0.0,0.3341,,63.4,si,si,126.6,213.4,219.1,14783,0.0,0.0,0.37841,,61.3,si,si,237.1,174.7,159.2,14768,0.0,0.0,0.13746,,121.2,si,si,160.5,169.1,174.2,14784,0.0,0.0,0.33415,,106.2,si,,,,calibracion,limpio,limpio,limpio,limpio,limpio,True,True,False
dataset6_CLINIC_0043_data,dataset6,1.95/1.95/1.60,0,242.5,162.1,248.7,221.9,223.1,1.2,26.8,si,242.5,261.1,221.9,9452.0,0.0,0.0,0.61289,,73.6,si,si,325.6,234.6,240.9,9492,0.0,0.0,0.32743,,54.7,si,si,163.5,250.1,257.1,9478,0.0,0.0,0.31399,,38.4,si,si,285.2,184.0,196.7,9482,0.0,0.0,0.33136,,98.9,si,si,211.1,183.0,187.6,9488,0.0,0.0,0.17865,,108.0,si,,,,calibracion,limpio,limpio,limpio,limpio,limpio,True,True,False
dataset6_CLINIC_0044_data,dataset6,1.48/1.48/1.60,0,219.4,164.2,224.4,195.1,202.0,6.9,29.3,si,219.4,158.0,195.1,16544.0,0.0,0.0,0.66356,,84.9,si,si,301.8,145.1,228.1,16510,0.0,0.0,0.28988,,51.9,si,si,137.6,153.4,221.5,16530,0.0,0.0,0.28893,,58.5,si,si,261.8,100.9,183.6,16325,0.01605,0.0,0.39798,,96.4,si,si,179.1,109.8,173.0,16556,0.0,0.0,0.20579,,107.0,si,,,,calibracion,limpio,limpio,limpio,limpio,limpio,True,True,False
dataset6_CLINIC_0045_data,dataset6,1.32/1.32/1.60,0,184.4,155.2,242.0,194.8,216.4,21.6,47.2,si,184.4,159.2,194.8,20672.0,0.0,0.0,0.63879,,85.2,si,si,259.4,148.8,253.3,20626,0.0,0.0,0.29191,,26.7,si,si,104.2,146.1,231.1,20621,0.0,0.0,0.29407,,48.9,si,si,219.5,85.8,160.7,20553,0.00973,0.0,0.15711,,85.8,si,si,151.2,93.0,184.5,20023,0.02317,0.0,0.3035,,93.0,si,,,,calibracion,limpio,limpio,limpio,limpio,limpio,True,True,True
dataset6_CLINIC_0046_data,dataset6,1.95/1.95/1.60,0,244.5,184.5,249.3,226.2,206.8,-19.4,23.1,si,244.5,247.4,226.2,9508.0,0.0,0.0,0.43711,,39.4,si,si,340.9,210.2,245.6,9478,0.0,0.0,0.2682,,20.0,si,si,156.4,229.9,255.3,9294,0.0,0.0,0.28739,,10.4,si,si,288.5,154.7,193.1,8631,0.05295,0.0,0.27679,,72.6,si,si,198.6,164.0,197.8,9503,0.0,0.0,0.25697,,67.9,si,,,,calibracion,limpio,limpio,limpio,limpio,limpio,True,True,True
dataset6_CLINIC_0047_data,dataset6,1.73/1.73/1.60,0,232.5,167.8,220.1,200.4,193.7,-6.7,19.7,si,232.5,232.5,200.4,12112.0,0.0,0.0,0.58058,,79.2,si,si,308.3,208.2,227.8,12074,0.0,0.0,0.34139,,51.8,si,si,140.5,204.1,213.3,12070,0.0,0.0,0.2913,,66.3,si,si,273.7,161.5,194.3,12072,0.0,0.0,0.18,,85.4,si,si,183.5,168.4,180.0,12076,0.0,0.0,0.23178,,99.6,si,,,,calibracion,limpio,limpio,limpio,limpio,limpio,True,True,False
dataset6_CLINIC_0048_data,dataset6,1.72/1.72/1.60,1589,233.8,147.2,252.1,214.2,,,37.9,si,233.8,208.1,214.2,12320.0,0.0,0.0,0.63596,138.1,65.4,si,si,309.7,195.2,247.1,12309,0.0,0.0,0.30896,205.2,32.5,si,si,162.5,199.1,258.1,12297,0.0,0.0,0.31138,61.9,21.5,si,si,265.9,142.1,175.8,12301,0.0,0.0,0.24819,180.3,103.8,si,si,201.2,138.6,176.7,12305,0.0,0.0,0.27168,126.1,102.9,si,,,,otro,limpio,limpio,limpio,limpio,limpio,True,True,False
dataset6_CLINIC_0049_data,dataset6,1.95/1.95/1.60,0,246.4,169.3,229.5,189.9,195.9,6.0,39.6,si,246.4,257.2,189.9,9452.0,0.0,0.0,0.56136,,51.2,si,si,327.6,234.3,231.4,9146,0.0,0.0,0.17986,,9.7,si,si,158.3,232.6,228.2,9472,0.0,0.0,0.28653,,12.9,si,si,277.4,185.9,177.5,9490,0.0,0.0,0.27745,,63.6,si,si,213.4,185.9,179.1,9508,0.0,0.0,0.25715,,62.0,si,,,,calibracion,limpio,limpio,limpio,limpio,limpio,True,True,False
dataset6_CLINIC_0050_data,dataset6,1.81/1.81/1.60,0,248.1,173.7,244.1,195.9,209.7,13.8,48.2,si,248.1,249.1,195.9,11048.0,0.0,0.0,0.68546,,83.7,si,si,333.1,245.2,245.2,11080,0.0,0.0,0.2778,,34.4,si,si,159.4,236.0,243.5,11088,0.0,0.0,0.25072,,36.1,si,si,290.4,192.1,202.2,11088,0.0,0.0,0.22953,,77.5,si,si,213.1,189.9,185.5,11060,0.0,0.0,0.11094,,94.2,si,,,,calibracion,limpio,limpio,limpio,limpio,limpio,True,True,True
dataset6_CLINIC_0051_data,dataset6,1.68/1.68/1.60,0,206.8,182.9,258.0,215.5,226.0,10.5,42.5,si,206.8,166.5,215.5,12840.0,0.0,0.0,0.66456,,70.1,si,si,294.8,162.0,263.4,12852,0.00101,0.0,0.26509,,22.2,si,si,112.0,172.9,253.6,12853,0.0,0.0,0.28375,,32.0,si,si,246.1,112.6,209.2,12390,0.02663,0.0,0.33688,,76.4,si,si,171.0,115.9,188.0,12839,0.0,0.0,0.1314,,97.6,si,,,,calibracion,limpio,limpio,limpio,limpio,limpio,True,True,True
dataset6_CLINIC_0052_data,dataset6,1.56/1.56/1.60,59,200.4,153.4,219.6,189.8,194.0,4.2,29.8,si,200.4,202.0,189.8,14844.0,0.0,0.0,0.64929,265.3,83.0,si,si,276.0,191.7,226.6,14823,0.0,0.0,0.28159,261.9,46.2,si,si,122.6,197.6,213.6,14859,0.0,0.0,0.27842,334.1,59.2,si,si,236.8,147.0,169.9,14828,0.0,0.0,0.05793,260.9,102.9,si,si,163.1,151.4,161.6,14816,0.0,0.0,0.07337,296.7,111.2,si,,,,otro,limpio,limpio,limpio,limpio,limpio,True,True,False
dataset6_CLINIC_0053_data,dataset6,1.75/1.75/1.60,961,218.7,210.5,238.0,209.8,182.8,-27.0,28.1,si,218.7,218.7,209.8,11860.0,0.0,0.0,0.44806,163.5,60.5,si,si,325.5,191.8,234.5,11856,0.0,0.0,0.30997,130.3,35.9,si,si,115.1,197.4,242.0,11871,0.0,0.0,0.28271,167.3,28.4,si,si,270.1,136.6,179.5,11894,0.0016,0.0,0.28628,177.8,90.9,si,si,158.4,150.6,201.5,11882,0.0,0.0,0.28522,180.1,68.9,si,,,,otro,limpio,limpio,limpio,limpio,limpio,True,True,True
dataset6_CLINIC_0054_data,dataset6,1.56/1.56/1.60,1940,197.5,137.4,236.1,227.7,,,8.4,si,197.5,189.6,227.7,14736.0,0.0,0.0,0.66219,170.1,51.9,si,si,265.1,153.7,232.7,14822,0.0,0.0,0.40939,103.0,46.9,si,si,127.7,178.3,240.4,14819,0.0,0.0,0.365,113.2,39.3,si,si,223.9,112.0,190.3,14805,0.0,0.0,0.15941,166.9,89.3,si,si,171.0,105.2,190.6,14822,0.00013,0.0,0.23715,171.2,89.0,si,,,,otro,limpio,limpio,limpio,limpio,limpio,True,True,False
dataset6_CLINIC_0055_data,dataset6,1.95/1.95/1.60,0,240.6,170.9,263.3,235.2,240.1,4.9,28.1,si,240.6,233.8,235.2,9508.0,0.0,0.0,0.50957,,44.4,si,si,324.8,211.0,258.3,9510,0.0,0.0,0.33586,,21.4,si,si,153.9,235.5,269.4,9297,0.0,0.0,0.33247,,10.3,si,si,286.9,174.2,219.6,9510,0.0,0.0,0.27087,,60.0,si,si,196.9,185.5,214.9,9504,0.0,0.0,0.13552,,64.7,si,,,,calibracion,limpio,limpio,limpio,limpio,limpio,True,True,False
dataset6_CLINIC_0056_data,dataset6,1.56/1.56/1.60,546,181.8,142.5,239.3,207.4,219.3,11.9,31.9,si,181.8,169.3,207.4,14820.0,0.0,0.0,0.65209,46.5,72.2,si,si,250.3,161.8,235.6,14841,0.0,0.0,0.21434,107.0,44.0,si,si,107.8,168.1,243.3,14798,7e-05,0.0,0.20658,99.5,36.4,si,si,221.1,117.7,199.3,14838,0.0,0.0,0.19544,79.2,80.4,si,si,136.4,119.3,201.1,14830,0.0,0.0,0.18739,70.8,78.5,si,,,,otro,limpio,limpio,limpio,limpio,limpio,True,True,True
dataset6_CLINIC_0057_data,dataset6,1.56/1.56/1.60,0,203.7,166.9,206.3,235.6,168.6,-67.0,-29.4,si,203.7,152.1,235.6,14760.0,0.0,0.0,0.23631,,44.7,si,si,287.7,166.6,200.9,14789,0.0,0.0,0.27987,,79.4,si,si,120.8,171.0,212.3,14720,0.0,0.0,0.29368,,68.1,si,si,272.5,149.0,195.9,14824,0.0,0.0,0.18693,,84.5,si,si,151.4,142.5,196.3,14767,0.0,0.0,0.22882,,84.1,si,,,,calibracion,limpio,limpio,limpio,limpio,limpio,True,True,True
dataset6_CLINIC_0058_data,dataset6,1.81/1.81/1.60,7,231.9,162.8,240.4,200.8,206.8,6.0,39.6,si,231.9,249.1,200.8,11116.0,0.0,0.0,0.60948,117.3,79.2,si,si,314.0,238.7,243.8,11074,0.0,0.0,0.31976,144.0,36.2,si,si,151.2,236.1,237.4,11052,0.0,0.0,0.3374,160.9,42.6,si,si,273.1,181.1,188.8,11073,0.0,0.0,0.29351,54.8,91.2,si,si,189.7,184.9,187.3,11070,0.0,0.0,0.26116,82.4,92.7,si,,,,calibracion,limpio,limpio,limpio,limpio,limpio,True,True,False
dataset6_CLINIC_0059_data,dataset6,1.56/1.56/1.60,0,200.6,163.7,229.7,192.8,187.4,-5.4,36.9,si,200.6,186.5,192.8,14804.0,0.00034,0.0,0.70292,,86.9,si,si,283.9,164.7,225.9,14822,0.0,0.0,0.23162,,53.8,si,si,120.1,168.6,234.0,14795,0.0,0.0,0.22433,,45.6,si,si,233.2,123.4,168.9,13966,0.03136,0.0,0.19626,,110.7,si,si,168.2,126.7,171.9,14382,0.02114,0.0,0.20206,,107.8,si,,,,calibracion,limpio,limpio,limpio,limpio,limpio,True,True,False
dataset6_CLINIC_0060_data,dataset6,1.54/1.54/1.60,0,198.9,150.1,191.6,162.4,,,29.3,si,198.9,182.0,162.4,15288.0,0.0,0.0,0.48201,,117.7,si,si,274.6,204.1,197.7,15280,0.0,0.0,0.31944,,82.4,si,si,124.5,187.2,186.4,15266,0.0,0.0,0.32825,,93.6,si,si,226.3,156.8,127.6,15275,0.0,0.0,0.22815,,127.6,si,si,154.4,146.6,142.4,15252,0.0,0.0,0.27452,,137.6,si,,,,calibracion,limpio,limpio,limpio,limpio,limpio,True,True,False
dataset6_CLINIC_0061_data,dataset6,1.81/1.81/1.60,0,232.0,172.7,239.6,199.4,213.2,13.8,40.2,si,232.0,211.2,199.4,11032.0,0.0,0.0,0.65102,,80.6,si,si,326.6,197.8,229.6,11055,0.0,0.0,0.27282,,50.4,si,si,153.9,205.7,250.5,11064,0.0,0.0,0.28588,,29.5,si,si,277.9,154.2,175.8,11058,0.0,0.0,0.24073,,104.2,si,si,189.3,152.0,189.0,11058,0.0,0.0,0.25746,,91.0,si,,,,calibracion,limpio,limpio,limpio,limpio,limpio,True,True,True
dataset6_CLINIC_0062_data,dataset6,1.95/1.95/1.60,0,246.4,153.1,242.5,,214.5,,,no,,,,,,,,,,,si,325.3,240.7,242.2,8621,0.0,0.0,0.34961,,7.9,si,si,172.3,236.2,243.7,7988,0.0,0.0,0.36768,,6.3,si,si,289.6,178.1,190.8,9505,0.0,0.0,0.25597,,59.3,si,si,209.9,176.2,190.0,9524,0.0,0.0,0.25273,,60.1,si,,,,calibracion,no hallado,limpio,limpio,limpio,limpio,False,False,False
dataset6_CLINIC_0063_data,dataset6,1.95/1.95/1.60,0,252.3,173.8,230.5,194.4,200.1,5.8,36.1,si,252.3,237.7,194.4,9548.0,0.0,0.0,0.64705,,53.3,si,si,336.0,230.5,234.3,9513,0.0,0.0,0.3512,,13.4,si,si,162.2,223.9,227.7,9499,0.0,0.0,0.32298,,20.0,si,si,295.2,172.3,190.3,9522,0.0,0.0,0.2825,,57.3,si,si,205.6,170.3,186.1,9490,0.0,0.0,0.28145,,61.5,si,,,,calibracion,limpio,limpio,limpio,limpio,limpio,True,True,False
dataset6_CLINIC_0064_data,dataset6,1.57/1.57/1.60,0,213.9,160.7,222.5,186.0,190.5,4.5,36.5,si,213.9,170.0,186.0,14724.0,0.0,0.0,0.64276,,93.6,si,si,292.4,174.7,218.0,14713,0.0,0.0,0.26596,,61.6,si,si,131.7,159.3,227.7,14703,0.02102,0.0,0.27729,,51.9,si,si,260.1,113.4,176.2,12648,0.05345,0.0,0.37682,,103.5,si,si,175.3,104.0,182.0,12575,0.05209,0.0,0.34672,,97.6,si,,,,calibracion,limpio,limpio,limpio,limpio,limpio,True,True,False
dataset6_CLINIC_0065_data,dataset6,1.95/1.95/1.60,0,232.8,155.9,248.1,,212.9,,,no,,,,,,,,,,,si,310.8,227.9,243.7,9467,0.0,0.0,0.26661,,23.9,si,si,154.9,230.9,252.9,9515,0.0,0.0,0.2598,,14.7,si,si,268.8,168.2,195.2,9521,0.0,0.0,0.18664,,72.4,si,si,199.5,168.4,185.5,9514,0.0,0.0,0.1729,,82.1,si,,,,calibracion,no hallado,limpio,limpio,limpio,limpio,False,False,False
dataset6_CLINIC_0066_data,dataset6,1.76/1.76/1.60,5,233.0,172.8,248.7,209.6,218.3,8.7,39.1,si,233.0,221.6,209.6,11620.0,0.0,0.0,0.5494,183.5,70.7,si,si,318.9,219.6,241.2,11637,0.0,0.0,0.3201,92.1,39.2,si,si,146.2,196.7,257.5,11645,0.02628,0.0,0.26329,258.8,22.9,si,si,285.5,157.3,190.5,9331,0.07459,0.0,0.34744,161.4,89.8,si,si,203.8,150.0,199.2,11134,0.03242,0.0,0.32738,226.8,81.2,si,,,,calibracion,limpio,limpio,limpio,limpio,limpio,True,True,False
dataset6_CLINIC_0067_data,dataset6,1.69/1.69/1.60,474,220.4,142.7,219.1,186.7,192.6,6.0,32.4,si,220.4,205.2,186.7,12568.0,0.0,0.0,0.68635,44.9,48.8,si,si,293.4,200.3,216.9,12627,0.0,0.0,0.35487,98.0,18.6,si,si,150.7,192.9,221.7,12625,0.0,0.0,0.35731,103.0,13.8,si,si,265.8,152.3,170.8,12628,0.0,0.0,0.2907,84.5,64.7,si,si,181.2,145.7,176.4,12620,0.0,0.0,0.31054,90.5,59.1,si,,,,otro,limpio,limpio,limpio,limpio,limpio,True,True,False
dataset6_CLINIC_0068_data,dataset6,1.95/1.95/1.60,1,250.3,165.6,235.3,235.7,211.3,-24.4,-0.4,si,250.3,229.8,235.7,9476.0,0.0,0.0,0.3931,323.8,34.3,si,si,332.0,244.3,235.8,9519,0.0,0.0,0.31337,380.9,34.2,si,si,166.4,232.0,235.7,9499,0.0,0.0,0.28898,275.1,34.3,si,si,298.6,193.2,199.1,9522,0.0,0.0,0.32924,342.8,71.0,si,si,206.5,185.9,199.0,9498,0.0,0.0,0.29648,281.2,71.0,si,,,,otro,limpio,limpio,limpio,limpio,limpio,True,True,True
dataset6_CLINIC_0069_data,dataset6,1.88/1.88/1.60,11097,253.7,178.8,243.3,236.0,211.3,-24.6,7.3,si,253.7,240.6,236.0,10284.0,0.0,0.0,0.41375,151.0,43.7,si,si,343.5,206.2,243.5,10287,0.0001,0.0,0.28181,81.8,36.1,si,si,164.7,207.6,243.7,10296,0.0,0.0,0.28089,94.0,36.0,si,si,294.8,157.9,200.0,10307,0.0,0.0,0.29223,159.2,79.6,si,si,215.4,159.5,199.6,10291,0.0,0.0,0.28569,171.5,80.0,si,,,,otro,limpio,limpio,limpio,limpio,limpio,True,True,True
dataset6_CLINIC_0070_data,dataset6,1.28/1.28/1.60,993,157.8,133.4,222.0,217.5,202.0,-15.5,4.5,si,157.8,171.2,217.5,22108.0,0.0,0.0,0.6537,70.9,32.9,si,si,224.4,130.3,227.6,22086,0.0,0.0,0.31554,100.4,22.8,si,si,91.0,161.5,216.8,22082,0.0,0.0,0.32674,92.9,33.6,si,si,192.5,88.5,192.0,22066,0.0,0.0,0.31741,79.3,58.4,si,si,130.1,101.1,178.4,22062,0.0,0.0,0.1421,59.1,72.0,si,,,,otro,limpio,limpio,limpio,limpio,limpio,True,True,True
dataset6_CLINIC_0071_data,dataset6,1.56/1.56/1.60,249,219.1,172.9,237.7,253.0,201.7,-51.3,-15.3,si,219.1,169.1,253.0,14860.0,0.02833,0.0,0.41198,160.3,26.6,si,si,301.6,162.3,238.5,14868,0.0,0.0,0.23662,233.5,41.1,si,si,128.7,150.8,236.9,14851,0.0,0.0,0.255,127.4,42.7,si,si,263.6,113.9,215.3,14888,0.0,0.0,0.17786,235.5,64.3,si,si,170.0,115.6,215.1,14845,0.0,0.0,0.19636,179.5,64.6,si,,,,otro,contaminado,limpio,limpio,limpio,limpio,True,False,True
dataset6_CLINIC_0072_data,dataset6,1.56/1.56/1.60,481,194.1,159.2,217.2,175.8,192.4,16.6,41.4,si,194.1,230.1,175.8,14844.0,0.0,0.0,0.41236,74.6,66.6,si,si,274.0,246.0,214.8,14838,0.0,0.0,0.25846,110.3,27.6,si,si,114.9,251.6,219.8,14863,0.0,0.0,0.29362,127.2,22.6,si,si,223.8,190.5,138.8,14836,0.0,0.0,0.20315,85.4,103.6,si,si,163.2,197.3,141.4,14836,0.0,0.0,0.21953,81.8,101.0,si,,,,otro,limpio,limpio,limpio,limpio,limpio,True,True,True
dataset6_CLINIC_0073_data,dataset6,1.94/1.94/1.60,0,244.7,180.8,270.3,228.0,242.3,14.3,42.4,si,244.7,229.2,228.0,9652.0,0.0,0.0,0.57636,,52.4,si,si,331.7,211.3,263.3,9626,0.0,0.0,0.31779,,17.1,si,si,150.9,206.9,277.9,6005,0.0,0.0,0.51424,,2.4,no,si,285.6,163.0,215.7,9616,0.0,0.0,0.32373,,64.7,si,si,208.7,157.5,224.5,9611,0.0,0.0,0.31058,,55.9,si,,,,calibracion,limpio,limpio,fuera de FOV,limpio,limpio,False,False,True
dataset6_CLINIC_0074_data,dataset6,1.78/1.78/1.60,1,203.1,169.1,240.4,200.2,210.0,9.8,40.2,si,203.1,193.3,200.2,11404.0,0.0,0.0,0.53639,75.6,79.8,si,si,287.9,183.3,234.0,11474,0.0,0.0,0.33136,152.2,46.0,si,si,118.8,178.6,247.0,11464,0.0,0.0,0.31254,135.1,33.0,si,si,250.7,123.1,188.6,9340,0.05653,0.0,0.38158,134.5,91.4,si,si,161.6,122.8,190.3,8312,0.06485,0.0,0.42517,116.6,89.7,si,,,,calibracion,limpio,limpio,limpio,limpio,limpio,True,True,False
dataset6_CLINIC_0075_data,dataset6,1.56/1.56/1.60,1249,209.8,186.6,251.6,212.6,219.6,7.0,39.0,si,209.8,191.0,212.6,14844.0,0.0,0.0,0.71753,84.7,87.4,si,si,301.8,195.1,255.3,14813,0.0,0.0,0.31182,114.1,44.7,si,si,115.2,182.1,248.9,14804,0.0,0.0,0.29148,114.4,51.1,si,si,264.6,145.3,207.5,14836,0.0,0.0,0.32414,77.3,92.5,si,si,163.0,136.0,200.8,14808,0.0,0.0,0.36102,77.2,99.2,si,,,,otro,limpio,limpio,limpio,limpio,limpio,True,True,False
dataset6_CLINIC_0076_data,dataset6,1.72/1.72/1.60,1591,213.2,164.3,234.8,192.7,198.8,6.1,42.1,si,213.2,214.9,192.7,12312.0,0.0,0.0,0.68673,206.9,87.3,si,si,294.7,197.8,237.5,12292,0.0,0.0,0.34803,286.2,42.5,si,si,130.4,205.6,232.6,12289,0.0,0.0,0.36268,224.9,47.4,si,si,247.8,149.3,185.2,12166,0.01143,0.0,0.3467,247.4,94.8,si,si,164.9,152.9,179.9,12280,0.00293,0.0,0.28493,214.4,100.1,si,,,,otro,limpio,limpio,limpio,limpio,limpio,True,True,False
dataset6_CLINIC_0077_data,dataset6,1.81/1.81/1.60,151,181.3,151.0,244.4,215.5,229.2,13.7,28.9,si,181.3,223.7,215.5,11052.0,0.0,0.0,0.70838,236.5,64.5,si,si,260.5,212.9,236.0,11065,0.0,0.0,0.29995,155.4,44.0,si,si,109.5,217.4,253.8,11075,0.0,0.0,0.18944,304.3,26.2,si,si,223.7,165.0,194.0,11048,0.0,0.0,0.18266,193.0,86.0,si,si,136.0,166.8,200.3,11050,0.0,0.0,0.19204,277.7,79.7,si,,,,calibracion,limpio,limpio,limpio,limpio,limpio,True,True,True
dataset6_CLINIC_0078_data,dataset6,1.56/1.56/1.60,35,219.4,196.3,221.7,183.9,187.4,3.5,37.8,si,219.4,149.0,183.9,14808.0,0.0,0.0,0.19942,196.1,95.8,si,si,317.4,160.1,227.4,14828,0.0,0.0,0.31245,224.7,52.3,si,si,121.1,152.4,216.9,14804,0.0,0.0,0.31782,257.9,62.7,si,si,278.6,112.7,186.7,14827,0.0,0.0,0.32117,218.1,92.9,si,si,176.4,113.0,174.7,14832,0.0,0.0,0.3359,227.0,105.0,si,,,,otro,limpio,limpio,limpio,limpio,limpio,True,True,False
dataset6_CLINIC_0079_data,dataset6,1.56/1.56/1.60,0,195.9,167.2,277.2,249.4,253.2,3.8,27.8,si,195.9,194.3,249.4,14780.0,0.0,0.0,0.62253,,30.6,si,si,285.7,195.9,276.0,10570,0.0,0.0,0.40908,,4.0,no,si,118.5,177.9,278.8,8142,0.0,0.0,0.60341,,1.2,no,si,243.2,144.1,227.7,14803,0.0,0.0,0.1399,,52.3,si,si,167.8,131.8,241.3,14802,0.0,0.0,0.232,,38.7,si,,,,calibracion,limpio,fuera de FOV,fuera de FOV,limpio,limpio,False,False,False
dataset6_CLINIC_0080_data,dataset6,1.56/1.56/1.60,418,191.2,174.6,243.3,,214.5,,,no,,,,,,,,,,,si,281.3,178.4,245.2,14805,0.0,0.0,0.3563,138.5,34.4,si,si,106.7,182.1,241.7,14840,0.0,0.0,0.30633,126.6,37.9,si,si,236.0,141.2,204.9,14826,0.0,0.0,0.32072,122.8,74.8,si,si,143.3,134.9,199.7,14798,0.0,0.0,0.32579,123.2,79.9,si,,,,otro,no hallado,limpio,limpio,limpio,limpio,False,False,False
dataset6_CLINIC_0081_data,dataset6,1.72/1.72/1.60,0,210.8,205.8,230.0,183.6,194.0,10.4,46.4,si,210.8,210.8,183.6,12228.0,0.0,0.0,0.71762,,71.6,si,si,299.8,197.4,229.5,12177,0.0,0.0,0.31469,,25.7,si,si,94.0,214.3,232.1,12173,0.0,0.0,0.23109,,23.1,si,si,250.0,152.1,181.4,12186,0.0,0.0,0.29624,,73.9,si,si,166.3,152.0,195.6,12190,0.0,0.0,0.29754,,59.6,si,,,,calibracion,limpio,limpio,limpio,limpio,limpio,True,True,True
dataset6_CLINIC_0082_data,dataset6,1.95/1.95/1.60,0,236.7,178.6,272.0,223.0,233.7,10.7,49.0,si,236.7,235.7,223.0,9492.0,0.0,0.0,0.5926,,87.0,si,si,324.2,232.3,274.0,9518,0.0,0.0,0.28987,,36.0,si,si,145.6,238.6,270.9,9518,0.0,0.0,0.29208,,39.1,si,si,281.6,177.7,213.6,9521,0.0,0.0,0.24241,,96.4,si,si,190.3,178.1,212.9,9524,0.0,0.0,0.1932,,97.1,si,,,,calibracion,limpio,limpio,limpio,limpio,limpio,True,True,True
dataset6_CLINIC_0083_data,dataset6,1.47/1.47/1.60,0,182.9,152.9,228.7,198.7,200.7,2.0,30.0,si,182.9,140.9,198.7,16744.0,0.0,0.0,0.71249,,62.5,si,si,256.3,137.1,216.7,16683,0.0,0.0,0.28538,,44.5,si,si,103.4,143.5,241.1,16649,0.0,0.0,0.30921,,20.0,si,si,225.0,96.0,186.0,16666,0.0,0.0,0.26293,,75.1,si,si,139.5,98.8,208.6,16680,0.0,0.0,0.28381,,52.5,si,,,,calibracion,limpio,limpio,limpio,limpio,limpio,True,True,False
dataset6_CLINIC_0084_data,dataset6,1.77/1.77/1.60,327,230.5,156.6,230.5,190.1,206.5,16.5,40.4,si,230.5,178.3,190.1,11564.0,0.0,0.0,0.57385,155.9,89.6,si,si,307.5,157.3,234.4,11569,0.0,0.0,0.2785,225.0,45.2,si,si,150.9,161.7,227.6,11544,0.0,0.0,0.27157,203.1,52.0,si,si,269.6,108.2,186.6,11566,0.0,0.0,0.24408,210.2,93.1,si,si,184.1,106.3,174.4,11573,0.0,0.0,0.13428,197.1,105.2,si,,,,otro,limpio,limpio,limpio,limpio,limpio,True,True,True
dataset6_CLINIC_0085_data,dataset6,1.75/1.75/1.60,0,225.7,149.4,248.7,235.8,218.3,-17.5,12.9,si,225.7,206.5,235.8,11904.0,0.0,0.0,0.14793,,44.5,si,si,301.5,183.4,247.5,11838,0.0,0.0,0.23847,,32.9,si,si,152.1,190.1,250.8,11847,0.0,0.0,0.2323,,29.6,si,si,268.0,127.5,200.5,11877,0.0,0.0,0.19912,,79.9,si,si,180.2,133.1,203.1,11868,0.0,0.0,0.19649,,77.2,si,,,,calibracion,limpio,limpio,limpio,limpio,limpio,True,True,True
dataset6_CLINIC_0086_data,dataset6,1.56/1.56/1.60,0,210.0,168.6,217.5,172.1,191.0,18.9,45.4,si,210.0,175.6,172.1,14760.0,0.0,0.0,0.59539,,108.3,si,si,296.5,174.8,215.5,14759,0.0,0.0,0.23342,,64.9,si,si,127.9,141.5,220.3,14768,0.0,0.0,0.34304,,60.0,si,si,250.2,114.3,173.5,14762,0.0,0.0,0.26521,,106.9,si,si,180.3,101.7,178.9,14782,0.0,0.0,0.33074,,101.5,si,,,,calibracion,limpio,limpio,limpio,limpio,limpio,True,True,True
dataset6_CLINIC_0087_data,dataset6,1.56/1.56/1.60,0,194.3,170.2,238.8,,197.2,,,no,,,,,,,,,,,si,284.1,188.1,241.4,14793,0.0,0.0,0.13648,,38.6,si,si,113.8,165.8,237.8,14792,0.0,0.0,0.25487,,42.2,si,si,230.9,115.8,193.2,14795,0.0,0.0,0.20669,,86.9,si,si,158.6,113.0,189.8,14790,0.0,0.0,0.17316,,90.2,si,,,,calibracion,no hallado,limpio,limpio,limpio,limpio,False,False,False
dataset6_CLINIC_0088_data,dataset6,1.78/1.78/1.60,0,216.3,167.6,250.8,208.0,216.4,8.4,42.8,si,216.3,233.3,208.0,11304.0,0.0,0.0,0.61377,,72.0,si,si,300.0,226.7,253.6,11357,0.0,0.0,0.2616,,26.4,si,si,132.3,197.4,248.6,11354,0.0,0.0,0.24203,,31.4,si,si,260.6,171.7,197.1,11364,0.0,0.0,0.14168,,82.8,si,si,179.5,159.0,205.7,11374,0.0,0.0,0.25813,,74.2,si,,,,calibracion,limpio,limpio,limpio,limpio,limpio,True,True,False
dataset6_CLINIC_0089_data,dataset6,1.65/1.65/1.60,833,223.7,201.1,239.1,184.7,189.4,4.7,54.4,si,223.7,189.8,184.7,13152.0,0.0,0.0,0.64059,158.2,95.6,si,si,319.5,184.5,242.9,13216,0.0,0.0,0.28776,105.7,37.5,si,si,118.4,187.0,236.4,13230,0.0,0.0,0.27634,124.8,44.0,si,si,265.2,124.4,183.9,13195,0.0,0.0,0.25805,99.6,96.5,si,si,184.6,135.7,169.9,13211,0.0,0.0,0.23912,180.2,110.5,si,,,,otro,limpio,limpio,limpio,limpio,limpio,True,True,False
dataset6_CLINIC_0090_data,dataset6,1.79/1.79/1.60,0,228.0,169.9,245.7,214.4,219.3,5.0,31.3,si,228.0,236.1,214.4,11264.0,0.0,0.0,0.62864,,65.3,si,si,312.0,225.8,245.3,11272,0.0,0.0,0.24556,,34.4,si,si,142.1,229.0,246.6,11267,0.0,0.0,0.22987,,33.0,si,si,273.2,176.1,201.3,11290,0.0,0.0,0.21506,,78.3,si,si,180.3,177.6,203.9,11293,0.0,0.0,0.24245,,75.8,si,,,,calibracion,limpio,limpio,limpio,limpio,limpio,True,True,False
dataset6_CLINIC_0091_data,dataset6,1.95/1.95/1.60,4844,260.1,154.6,245.2,224.7,216.4,-8.3,20.5,si,260.1,233.8,224.7,9476.0,0.0,0.0,0.67708,147.2,56.1,si,si,344.1,222.9,248.9,9469,0.0,0.0,0.24807,111.6,31.9,si,si,189.5,223.4,242.4,9483,0.0,0.0,0.28451,80.7,38.4,si,si,307.2,177.8,217.4,9495,0.0,0.0,0.33312,150.7,63.5,si,si,210.3,183.8,211.7,9516,0.0,0.0,0.34164,121.9,69.1,si,,,,otro,limpio,limpio,limpio,limpio,limpio,True,True,False
dataset6_CLINIC_0092_data,dataset6,1.56/1.56/1.60,0,202.1,176.9,247.9,213.2,219.9,6.7,34.7,si,202.1,155.2,213.2,14760.0,0.0,0.0,0.26687,,67.2,si,si,287.3,141.6,239.1,14797,0.0,0.0,0.21038,,41.3,si,si,110.4,142.7,257.3,14758,0.0,0.0,0.21026,,23.1,si,si,242.1,83.3,188.8,14802,0.0,0.0,0.1639,,83.3,si,si,159.7,81.5,198.9,14784,0.00027,0.0,0.15429,,81.4,si,,,,calibracion,limpio,limpio,limpio,limpio,limpio,True,True,False
dataset6_CLINIC_0093_data,dataset6,1.56/1.56/1.60,999,192.6,179.6,240.4,198.6,200.4,1.8,41.8,si,192.6,184.8,198.6,14840.0,0.0,0.0,0.62918,178.0,81.4,si,si,281.8,173.5,248.7,14820,0.0,0.0,0.26525,258.2,31.3,si,si,102.3,175.5,232.8,14806,0.0,0.0,0.29029,160.9,47.2,si,si,235.2,120.7,195.0,14812,0.0,0.0,0.2662,217.0,85.0,si,si,156.5,127.0,187.6,14836,0.0,0.0,0.2465,146.3,92.4,si,,,,otro,limpio,limpio,limpio,limpio,limpio,True,True,False
dataset6_CLINIC_0094_data,dataset6,1.69/1.69/1.60,0,217.9,159.2,275.6,234.7,238.8,4.1,40.9,si,217.9,216.2,234.7,12760.0,0.0,0.0,0.6058,,75.7,si,si,293.6,191.1,269.5,12720,0.0,0.0,0.26329,,40.9,si,si,134.4,206.3,282.2,12720,0.0,0.0,0.30991,,28.2,si,si,248.5,150.5,223.9,12736,0.0,0.0,0.20446,,86.5,si,si,183.6,153.5,223.4,12737,0.0,0.0,0.21057,,87.0,si,,,,calibracion,limpio,limpio,limpio,limpio,limpio,True,True,False
dataset6_CLINIC_0095_data,dataset6,1.95/1.95/1.60,0,250.3,159.6,225.5,209.1,200.7,-8.5,16.4,si,250.3,224.0,209.1,9452.0,0.0,0.0,0.30861,,52.8,si,si,324.3,235.0,230.1,9483,0.0,0.0,0.31699,,31.8,si,si,164.7,232.8,221.9,9486,0.0,0.0,0.28368,,40.0,si,si,280.9,185.9,180.2,8337,0.04834,0.0,0.27792,,81.8,si,si,212.0,185.9,172.0,7179,0.08636,0.0,0.3006,,90.0,si,,,,calibracion,limpio,limpio,limpio,limpio,limpio,True,True,False
dataset6_CLINIC_0096_data,dataset6,1.56/1.56/1.60,0,199.0,150.1,251.3,228.5,225.7,-2.8,22.8,si,199.0,174.0,228.5,14736.0,0.0,0.0,0.5798,,81.5,si,si,274.1,163.2,248.6,14807,0.0,0.0,0.21814,,61.4,si,si,124.0,167.3,254.8,14790,0.0,0.0,0.20859,,55.2,si,si,244.8,109.8,208.6,14805,0.0,0.0,0.15461,,101.4,si,si,164.6,110.8,204.8,14807,0.0,0.0,0.06733,,105.2,si,,,,calibracion,limpio,limpio,limpio,limpio,limpio,True,True,False
dataset6_CLINIC_0097_data,dataset6,1.95/1.95/1.60,20,240.6,150.7,207.9,174.6,170.2,-4.4,33.3,si,240.6,214.2,174.6,9452.0,0.0,0.0,0.64367,156.8,69.7,si,si,316.7,214.8,213.8,9479,0.0,0.0,0.27556,231.7,30.5,si,si,166.0,209.6,202.3,9478,0.0,0.0,0.3008,88.4,42.0,si,si,284.9,164.3,170.4,9486,0.0,0.0,0.37044,215.8,73.9,si,si,201.7,162.4,163.5,9469,0.0,0.0,0.27321,145.7,80.8,si,,,,otro,limpio,limpio,limpio,limpio,limpio,True,True,False
dataset6_CLINIC_0098_data,dataset6,1.56/1.56/1.60,0,199.0,167.0,240.9,,211.3,,,no,,,,,,,,,,,si,286.2,170.2,250.2,14800,0.0,0.0,0.23365,,29.5,si,si,119.2,169.1,232.6,14797,7e-05,0.0,0.30804,,47.0,si,si,228.2,93.2,173.8,14820,0.0,0.0,0.20101,,93.2,si,si,162.9,100.0,172.7,14823,0.0,0.0,0.19315,,100.0,si,,,,calibracion,no hallado,limpio,limpio,limpio,limpio,False,False,False
dataset6_CLINIC_0099_data,dataset6,1.50/1.50/1.60,0,201.4,150.9,225.7,227.7,195.3,-32.4,-2.0,si,201.4,200.6,227.7,16156.0,0.0,0.0,0.72691,,22.4,si,si,279.3,177.9,218.1,16105,0.0,0.0,0.37597,,31.9,si,si,128.4,181.1,234.2,16105,0.0,0.0,0.39242,,15.8,si,si,248.9,138.1,191.3,16111,0.0,0.0,0.23636,,58.8,si,si,163.8,136.4,191.8,16093,0.0,0.0,0.26005,,58.2,si,,,,calibracion,limpio,limpio,limpio,limpio,limpio,True,True,True
dataset6_CLINIC_0100_data,dataset6,1.54/1.54/1.60,0,204.6,165.1,231.6,169.6,186.0,16.3,61.9,si,204.6,135.5,169.6,15352.0,0.0,0.0,0.59719,,110.3,si,si,284.5,154.2,239.7,15378,0.0,0.0,0.2698,,40.3,si,si,119.4,143.4,225.2,15374,0.0,0.0,0.27969,,54.8,si,si,243.2,82.9,160.5,15365,0.0,0.0,0.06398,,82.9,si,si,169.4,81.4,170.4,15351,0.0,0.0,0.23601,,81.4,si,,,,calibracion,limpio,limpio,limpio,limpio,limpio,True,True,True
dataset6_CLINIC_0101_data,dataset6,1.79/1.79/1.60,0,222.7,159.5,203.3,165.3,177.8,12.5,38.0,si,222.7,209.2,165.3,11256.0,0.0,0.0,0.52043,,74.4,si,si,306.1,210.1,205.4,11280,0.0,0.0,0.25541,,34.3,si,si,146.6,226.6,202.2,11284,0.0,0.0,0.20498,,37.5,si,si,256.8,159.6,138.3,11277,0.0,0.0,0.07963,,101.4,si,si,192.6,163.1,128.8,11281,0.0,0.0,0.16488,,110.8,si,,,,calibracion,limpio,limpio,limpio,limpio,limpio,True,True,True
dataset6_CLINIC_0102_data,dataset6,1.95/1.95/1.60,1870,250.3,181.2,227.9,209.5,199.1,-10.4,18.4,si,250.3,266.9,209.5,9520.0,0.0,0.0,0.52889,217.3,51.7,si,si,340.2,242.1,228.2,9486,0.0,0.0,0.22475,304.4,32.9,si,si,159.0,248.3,228.0,9488,0.0,0.0,0.23651,129.7,33.1,si,si,293.5,201.4,180.0,9480,0.0,0.0,0.24662,252.2,81.1,si,si,208.4,201.5,175.0,9498,0.0,0.0,0.21152,167.1,86.2,si,,,,otro,limpio,limpio,limpio,limpio,limpio,True,True,True
dataset6_CLINIC_0103_data,dataset6,1.37/1.37/1.60,0,175.3,172.7,258.8,212.5,224.4,11.9,46.3,si,175.3,143.2,212.5,19308.0,0.0,0.0,0.62171,,67.5,si,si,263.4,135.5,253.6,19342,0.0,0.0,0.28099,,26.4,si,si,90.6,146.0,264.7,19363,0.0,0.0,0.28906,,15.3,si,si,218.9,83.4,206.0,19380,0.0,0.0,0.28096,,74.0,si,si,142.5,77.8,177.5,19354,0.0,0.0,0.31322,,77.8,si,,,,calibracion,limpio,limpio,limpio,limpio,limpio,True,True,True
dataset7_CLINIC_metal_0000_data,dataset7,1.48/1.48/1.60,115076,180.9,171.0,251.6,222.5,219.6,-2.9,29.1,si,180.9,165.4,222.5,16528.0,0.0,0.01531,0.44095,8.3,57.5,si,si,266.4,187.9,260.2,16537,0.0,0.0,0.29219,85.2,19.8,si,si,95.3,154.2,243.7,16532,0.0,0.0,0.28448,32.5,36.3,si,si,207.9,117.3,184.7,16517,0.0,0.0,0.2868,63.5,95.3,si,si,146.2,112.8,202.3,16556,0.0,0.0,0.31976,38.1,77.6,si,,ok,ok,evaluacion,contaminado,limpio,limpio,limpio,limpio,True,False,False
dataset7_CLINIC_metal_0001_data,dataset7,1.48/1.48/1.60,23662,190.8,152.2,216.4,176.1,182.8,6.7,40.3,si,190.8,190.0,176.1,16572.0,6e-05,0.0,0.70848,13.1,79.1,si,si,262.2,184.3,221.4,16606,0.0,0.0,0.26412,42.6,33.8,si,si,109.9,180.7,211.8,16614,0.0,0.0,0.28807,85.5,43.4,si,si,221.7,130.0,139.4,16620,0.0,0.0,0.20265,53.9,115.8,si,si,160.7,128.7,138.8,16615,0.0,0.0,0.18664,57.8,116.5,si,,ok,ok,evaluacion,limpio,limpio,limpio,limpio,limpio,True,True,False
dataset7_CLINIC_metal_0002_data,dataset7,1.88/1.88/1.60,17909,233.1,168.8,272.4,215.2,250.0,34.8,57.2,si,233.1,208.7,215.2,10276.0,0.0,0.0,0.58895,12.2,64.8,si,si,319.8,200.7,266.6,10276,0.0,0.0,0.37038,85.3,13.4,si,si,151.0,198.6,278.8,5668,0.0,0.0,0.69213,59.7,1.2,no,si,262.9,140.2,189.8,10282,0.0,0.0,0.12673,54.7,90.2,si,si,204.6,138.7,183.7,10282,0.0,0.0,0.31356,64.1,96.2,si,,ok,ok,evaluacion,limpio,limpio,fuera de FOV,limpio,limpio,False,False,True
dataset7_CLINIC_metal_0003_data,dataset7,1.71/1.71/1.60,40111,219.1,168.3,272.4,236.3,237.2,0.8,36.0,si,219.1,203.7,236.3,12424.0,0.0,0.0,0.48946,36.7,43.6,si,si,293.2,185.7,277.7,7615,0.07919,0.15233,0.78858,2.4,2.2,no,si,125.0,189.4,268.2,12385,0.0,0.0,0.31256,126.5,11.8,si,si,247.8,133.3,225.6,12372,0.00275,0.0,0.32994,28.0,54.4,si,si,165.3,140.3,219.0,12422,0.00572,0.0,0.26365,85.2,61.0,si,,ambiguo,ok,evaluacion,limpio,fuera de FOV,limpio,limpio,limpio,False,False,False
dataset7_CLINIC_metal_0004_data,dataset7,1.89/1.89/1.60,9469,242.6,178.5,250.0,204.2,221.2,17.0,45.8,si,242.6,218.1,204.2,10104.0,0.0,0.0,0.51039,20.0,75.8,si,si,333.2,190.8,252.1,10093,0.0,0.0,0.34846,56.0,27.9,si,si,154.7,202.7,248.9,10109,0.0,0.0,0.35028,101.3,31.1,si,si,284.0,140.1,201.4,10117,0.0,0.0,0.2991,62.0,78.6,si,si,203.4,144.3,192.9,10120,0.0,0.0,0.24802,66.7,87.1,si,,ok,ok,evaluacion,limpio,limpio,limpio,limpio,limpio,True,True,True
dataset7_CLINIC_metal_0005_data,dataset7,1.88/1.88/1.60,12060,249.2,149.0,181.2,140.9,173.2,32.3,40.3,si,249.2,237.9,140.9,10144.0,0.0,0.0,0.64235,54.6,67.1,si,si,316.8,210.4,183.7,10204,0.0,0.0,0.17503,20.9,24.3,si,si,167.9,228.3,181.3,10207,0.0,0.0,0.35799,133.0,26.7,si,si,303.0,153.9,110.4,10179,0.05973,0.0,0.14461,15.3,97.6,si,si,211.0,171.7,115.2,10190,0.0,0.0,0.09166,70.0,92.8,si,,ok,ok,evaluacion,limpio,limpio,limpio,limpio,limpio,True,True,True
dataset7_CLINIC_metal_0006_data,dataset7,1.88/1.88/1.60,32687,239.7,172.2,236.4,201.7,,,34.7,si,239.7,251.0,201.7,10144.0,0.0,0.0,0.52888,42.0,63.9,si,si,319.7,238.9,239.5,10194,0.03227,0.07926,0.4123,5.3,26.1,si,si,147.4,229.1,234.4,10192,0.0,0.0,0.31299,130.3,31.2,si,si,275.1,185.1,185.1,10204,0.02127,0.0,0.24784,18.7,80.6,si,si,197.0,179.5,181.7,10210,0.0,0.0,0.24192,82.1,83.9,si,,ok,ok,evaluacion,limpio,contaminado,limpio,limpio,limpio,True,False,False
dataset7_CLINIC_metal_0007_data,dataset7,1.48/1.48/1.60,37451,201.9,175.7,246.0,215.6,213.2,-2.4,30.4,si,201.9,168.6,215.6,16504.0,0.0,0.0,0.64372,34.8,64.4,si,si,284.6,160.7,242.5,16461,0.0,0.0,0.2899,12.2,37.5,si,si,108.9,172.5,250.5,16460,0.0,0.0,0.31409,65.1,29.5,si,si,231.9,106.1,178.3,16459,0.00109,0.0,0.1683,33.0,101.7,si,si,163.6,109.2,177.9,16496,0.0,0.0,0.256,81.8,102.1,si,,ok,ok,evaluacion,limpio,limpio,limpio,limpio,limpio,True,True,False
dataset7_CLINIC_metal_0008_data,dataset7,1.48/1.48/1.60,5564,191.5,158.4,218.0,177.8,186.0,8.2,40.2,si,191.5,192.3,177.8,16484.0,0.0,0.0,0.6388,16.0,63.0,si,si,268.5,175.6,218.3,16450,0.0,0.0,0.25033,44.1,22.5,si,si,110.0,178.6,218.3,16478,0.0,0.0,0.24991,81.3,22.5,si,si,224.0,131.9,165.0,15081,0.03601,0.0,0.21272,31.5,75.8,si,si,157.6,135.2,169.2,15019,0.03589,0.0,0.17478,34.1,71.6,si,,ok,ok,evaluacion,limpio,limpio,limpio,limpio,limpio,True,True,False
dataset7_CLINIC_metal_0009_data,dataset7,1.20/1.20/1.60,41001,151.8,187.2,146.0,90.9,106.0,15.1,55.1,si,151.8,154.8,90.9,25072.0,0.0,0.00391,0.65723,8.0,90.9,si,si,251.8,149.5,146.4,24992,0.0,0.0,0.2458,84.7,39.2,si,si,64.6,146.1,146.2,25061,0.0,0.0,0.24193,58.2,39.5,si,si,195.3,93.3,65.8,25038,0.0,0.0,0.03591,64.8,65.8,si,si,122.4,94.8,59.4,25055,0.0,0.0,0.20104,69.8,59.4,si,,ok,ok,evaluacion,contaminado,limpio,limpio,limpio,limpio,True,False,True
dataset7_CLINIC_metal_0010_data,dataset7,1.48/1.48/1.60,5249,194.3,163.7,250.8,246.3,218.0,-28.3,4.5,si,194.3,206.8,246.3,16528.0,0.0,0.0,0.47913,159.8,33.7,si,si,273.0,182.1,248.8,16497,0.0,0.0,0.29084,173.3,31.2,si,si,109.3,191.4,253.5,16505,0.0,0.0,0.28004,184.2,26.5,si,si,236.6,133.6,208.5,16526,0.0,0.0,0.24773,165.9,71.5,si,si,145.0,139.1,209.7,16500,0.0,0.0,0.25485,165.6,70.3,si,,+1 nivel,+1,evaluacion,limpio,limpio,limpio,limpio,limpio,True,True,True
dataset7_CLINIC_metal_0011_data,dataset7,1.66/1.66/1.60,77774,208.2,185.6,246.3,236.2,203.9,-32.3,10.1,si,208.2,209.0,236.2,13088.0,0.0,0.0,0.49465,86.1,45.0,si,si,303.3,205.1,246.2,13102,0.0,0.0,0.32384,44.2,35.0,si,si,117.7,182.2,247.7,13089,0.0,0.0,0.32248,42.4,33.5,si,si,257.6,146.7,201.3,13078,0.07188,0.0,0.2635,92.2,79.9,si,si,174.6,139.7,201.9,13100,0.02397,0.0,0.28924,87.1,79.3,si,,+1 nivel,+1,evaluacion,limpio,limpio,limpio,limpio,limpio,True,True,True
dataset7_CLINIC_metal_0012_data,dataset7,1.74/1.74/1.60,35978,214.2,156.9,229.2,210.7,218.0,7.3,18.5,si,214.2,196.8,210.7,12020.0,0.0,0.0,0.46963,37.9,69.3,si,si,290.2,157.6,227.8,11987,0.0,0.0,0.24226,15.8,52.2,si,si,133.3,185.2,230.8,11978,0.0,0.0,0.3023,93.8,49.1,si,si,248.7,108.0,182.0,11990,0.0,0.0,0.34062,44.4,98.0,si,si,166.0,123.4,184.7,11997,0.0,0.0,0.29399,63.9,95.3,si,,ok,+1,evaluacion,limpio,limpio,limpio,limpio,limpio,True,True,False
dataset7_CLINIC_metal_0013_data,dataset7,1.49/1.49/1.60,109442,182.4,174.4,245.2,204.5,214.8,10.3,40.7,si,182.4,159.3,204.5,16264.0,0.0,0.0,0.55872,107.4,75.5,si,si,274.4,144.2,236.0,16234,0.0,0.0,0.29962,70.9,44.0,si,si,100.0,141.5,255.0,16270,0.0,0.0,0.30449,94.9,25.0,si,si,233.5,85.2,174.8,16253,0.0,0.0,0.23337,107.8,85.2,si,si,136.3,83.7,188.4,16273,0.0,0.0,0.25883,112.7,83.7,si,,ok,ok,evaluacion,limpio,limpio,limpio,limpio,limpio,True,True,True
dataset7_CLINIC_metal_0014_data,dataset7,1.79/1.79/1.60,15821,251.3,165.8,248.4,244.3,226.0,-18.2,4.2,si,251.3,216.4,244.3,11248.0,0.0,0.0,0.4744,89.6,35.8,si,si,338.4,200.4,242.4,11246,0.0,0.0,0.38654,65.3,37.6,si,si,172.6,171.5,255.3,11253,0.0,0.0,0.37963,162.3,24.7,si,si,310.8,146.9,206.7,11292,0.0,0.0,0.31358,61.2,73.3,si,si,218.7,127.7,207.2,10989,0.02275,0.0,0.31768,127.1,72.8,si,,+1 nivel,+1,evaluacion,limpio,limpio,limpio,limpio,limpio,True,True,True
dataset7_CLINIC_metal_0015_data,dataset7,1.56/1.56/1.60,39294,210.0,183.1,198.8,169.8,,,29.0,si,210.0,137.2,169.8,14812.0,0.0,0.0,0.31461,63.2,31.0,si,si,297.9,223.0,198.8,8866,0.0,0.0,0.77205,35.4,2.0,no,si,114.8,187.2,198.8,8879,0.0,0.0,0.90765,131.0,2.0,no,si,237.4,128.1,192.2,13577,0.02269,0.0,0.38028,57.7,8.7,si,si,173.2,118.3,135.3,14512,0.02405,0.0,0.2622,91.7,65.5,si,,error grosero,?,evaluacion,limpio,fuera de FOV,fuera de FOV,limpio,limpio,False,False,False
dataset7_CLINIC_metal_0016_data,dataset7,1.77/1.77/1.60,22410,228.8,169.2,239.6,,213.2,,,no,,,,,,,,,,,si,314.8,214.5,231.4,11559,0.0,0.0,0.27009,13.0,48.6,si,si,145.6,194.0,248.9,11532,0.0,0.0,0.31851,146.5,31.1,si,si,274.8,154.1,180.9,11542,0.00251,0.0,0.27257,26.7,99.1,si,si,198.0,145.4,194.0,11556,0.0,0.0,0.29708,84.8,86.0,si,,no hallado,no hallado,evaluacion,no hallado,limpio,limpio,limpio,limpio,False,False,False
dataset7_CLINIC_metal_0017_data,dataset7,1.57/1.57/1.60,45137,193.5,168.2,255.6,228.7,226.0,-2.6,27.0,si,193.5,184.1,228.7,14716.0,0.0,0.0,0.66601,64.4,51.4,si,si,277.8,168.6,258.4,14673,0.0,0.0,0.31296,56.2,21.6,si,si,109.6,164.0,253.7,14671,0.0,0.0,0.32752,51.1,26.3,si,si,221.8,101.2,198.3,13780,0.14565,0.03026,0.23948,6.9,81.7,si,si,150.1,91.3,194.3,8723,0.14617,0.0,0.27078,16.8,85.7,si,,ok,ok,evaluacion,limpio,limpio,limpio,contaminado,contaminado,True,False,False
dataset7_CLINIC_metal_0018_data,dataset7,1.48/1.48/1.60,13624,187.1,165.0,231.6,200.6,206.8,6.2,31.0,si,187.1,173.0,200.6,16484.0,0.0,0.0,0.58754,19.9,65.0,si,si,267.8,164.3,231.1,16476,0.0,0.0,0.29127,41.6,34.5,si,si,102.7,161.2,232.9,16498,0.0,0.0,0.28009,78.9,32.8,si,si,229.2,120.0,190.7,16494,0.0,0.0,0.28732,40.9,74.9,si,si,147.2,115.6,188.3,16487,0.0,0.0,0.29635,53.3,77.4,si,,ok,ok,evaluacion,limpio,limpio,limpio,limpio,limpio,True,True,False
dataset7_CLINIC_metal_0019_data,dataset7,1.26/1.26/1.60,86431,154.3,148.5,236.4,205.9,211.6,5.7,30.5,si,154.3,91.8,205.9,22720.0,0.0,0.0,0.49661,15.8,74.1,si,si,226.4,105.7,236.0,22695,0.0,0.0,0.31298,40.3,44.0,si,si,77.9,121.4,237.9,22725,0.0,0.0,0.33945,43.1,42.1,si,si,188.4,68.9,197.5,22726,0.0139,0.0,0.04915,15.8,68.9,si,si,127.7,67.1,192.6,22663,0.04474,0.08732,0.25632,4.1,67.1,si,,ok,ok,evaluacion,limpio,limpio,limpio,limpio,contaminado,True,False,False
dataset7_CLINIC_metal_0020_data,dataset7,1.48/1.48/1.60,63030,198.7,155.0,200.4,172.4,,,28.0,si,198.7,94.4,172.4,16504.0,0.0,0.0,0.56168,23.7,94.4,si,si,272.5,113.3,199.2,16486,0.0,0.0,0.31857,44.2,80.8,si,si,117.5,93.6,202.5,16528,0.0,0.0,0.32248,46.7,77.5,si,si,226.4,51.7,154.3,10654,0.12634,0.05782,0.36888,6.1,51.7,si,si,158.7,54.9,156.6,16243,0.06052,0.02543,0.19165,9.1,54.9,si,,ok,ok,evaluacion,limpio,limpio,limpio,contaminado,contaminado,True,False,False
dataset7_CLINIC_metal_0021_data,dataset7,1.74/1.74/1.60,35978,214.2,156.9,229.2,210.7,218.0,7.3,18.5,si,214.2,196.8,210.7,12020.0,0.0,0.0,0.46963,37.9,69.3,si,si,290.2,157.6,227.8,11987,0.0,0.0,0.24226,15.8,52.2,si,si,133.3,185.2,230.8,11978,0.0,0.0,0.3023,93.8,49.1,si,si,248.7,108.0,182.0,11990,0.0,0.0,0.34062,44.4,98.0,si,si,166.0,123.4,184.7,11997,0.0,0.0,0.29399,63.9,95.3,si,,,,otro,limpio,limpio,limpio,limpio,limpio,True,True,False
dataset7_CLINIC_metal_0022_data,dataset7,1.76/1.76/1.60,16689,238.3,191.8,208.4,,,,,no,,,,,,,,,,,si,335.6,203.6,208.4,7005,0.0,0.0,0.45253,59.0,2.0,no,si,143.8,210.3,208.4,6986,0.0,0.0,0.43673,43.1,2.0,no,si,277.9,140.9,205.0,9238,0.0,0.0,0.33492,84.4,5.3,si,si,210.3,133.7,155.0,11656,0.0,0.0,0.22538,96.5,55.3,si,,no hallado,no hallado,evaluacion,no hallado,fuera de FOV,fuera de FOV,limpio,limpio,False,False,False
dataset7_CLINIC_metal_0023_data,dataset7,1.91/1.91/1.60,89877,231.1,185.1,274.0,,230.8,,,no,,,,,,,,,,,si,324.8,218.7,278.8,5486,0.0,0.0,0.31881,61.4,1.2,no,si,139.6,198.9,269.4,9794,0.0,0.0,0.36032,90.5,10.6,si,si,273.6,154.9,235.4,9970,0.0,0.0,0.15286,84.9,44.6,si,si,190.5,147.2,226.8,9970,0.0,0.0,0.27643,89.4,53.2,si,,no hallado,no hallado,evaluacion,no hallado,fuera de FOV,limpio,limpio,limpio,False,False,False
dataset7_CLINIC_metal_0024_data,dataset7,1.95/1.95/1.60,7442,250.3,168.3,210.8,184.1,179.6,-4.5,26.7,si,250.3,237.7,184.1,9476.0,0.0,0.03261,0.50876,7.4,36.7,si,si,333.6,217.0,208.9,9478,0.0,0.0,0.31262,32.5,11.9,si,si,165.3,211.1,213.4,8455,0.0,0.0,0.31721,84.9,7.5,si,si,303.8,175.8,172.1,9483,0.0,0.0,0.30001,34.6,48.7,si,si,208.0,174.1,170.6,9493,0.0,0.0,0.30486,42.0,50.2,si,,ok,ok,evaluacion,contaminado,limpio,limpio,limpio,limpio,True,False,False
dataset7_CLINIC_metal_0025_data,dataset7,1.69/1.69/1.60,33299,227.2,179.4,237.2,199.0,206.8,7.8,38.2,si,227.2,213.6,199.0,12696.0,0.0,0.0,0.67242,38.1,81.1,si,si,315.9,191.9,232.6,12651,0.0,0.0,0.34693,124.3,47.5,si,si,136.5,211.2,242.3,12624,8e-05,0.0,0.3628,17.2,37.7,si,si,262.7,154.0,190.3,12657,0.0,0.0,0.30631,73.2,89.7,si,si,189.3,160.7,174.3,12635,0.0,0.0,0.14769,25.4,105.7,si,,ok,ok,evaluacion,limpio,limpio,limpio,limpio,limpio,True,True,False
dataset7_CLINIC_metal_0026_data,dataset7,1.07/1.07/1.60,22031,264.8,175.2,214.0,197.8,203.6,5.8,16.2,si,264.8,288.4,197.8,7842.0,0.0,0.0,0.38115,60.2,53.4,si,si,360.5,240.7,207.2,7856,0.0,0.0,0.38162,125.9,44.0,si,si,185.3,234.1,221.8,7875,0.0,0.0,0.3586,15.5,29.4,si,si,313.0,194.7,168.8,7878,0.0,0.0,0.27177,74.3,82.4,si,si,231.3,191.8,182.9,7868,0.0,0.0,0.3002,28.7,68.3,si,,ok,+1,evaluacion,limpio,limpio,limpio,limpio,limpio,True,True,False
dataset7_CLINIC_metal_0027_data,dataset7,2.00/2.00/1.60,25530,250.2,160.4,252.4,231.5,222.8,-8.7,20.9,si,250.2,265.2,231.5,9044.0,0.0,0.0,0.57895,25.7,48.5,si,si,325.7,243.6,261.3,9050,0.0,0.0,0.34773,40.0,18.8,si,si,165.3,232.4,244.1,9080,0.0,0.0,0.33326,14.7,35.9,si,si,291.5,198.2,227.8,9072,0.0,0.0,0.23876,25.8,52.2,si,si,205.5,194.2,205.4,9078,0.0,0.0,0.23232,26.2,74.6,si,,ok,ok,evaluacion,limpio,limpio,limpio,limpio,limpio,True,True,False
dataset7_CLINIC_metal_0028_data,dataset7,1.48/1.48/1.60,48713,197.2,147.5,238.0,208.7,210.0,1.3,29.3,si,197.2,205.3,208.7,16528.0,0.0,0.0,0.61435,17.1,66.5,si,si,273.0,177.4,245.5,16513,0.0,0.0,0.33234,39.9,29.8,si,si,125.5,186.6,231.8,16525,0.0,0.0,0.21688,22.0,43.4,si,si,234.8,136.4,207.6,16523,0.00054,0.0,0.1921,26.6,67.6,si,si,149.9,143.5,192.0,16505,0.0,0.0,0.2455,26.6,83.2,si,,ok,ok,evaluacion,limpio,limpio,limpio,limpio,limpio,True,True,False
dataset7_CLINIC_metal_0029_data,dataset7,1.56/1.56/1.60,45246,199.0,165.9,244.4,203.8,213.2,9.5,40.7,si,199.0,180.3,203.8,14816.0,0.0,0.0,0.59294,39.2,76.3,si,si,273.8,160.2,239.4,14808,0.03897,0.0235,0.43065,6.6,40.6,si,si,107.9,171.8,250.4,14770,0.0,0.0,0.30318,132.3,29.6,si,si,227.2,109.6,193.1,14794,0.00717,0.0,0.32168,30.1,87.0,si,si,152.8,115.9,191.3,14771,0.0,0.0,0.19647,79.3,88.7,si,,ok,ok,evaluacion,limpio,contaminado,limpio,limpio,limpio,True,False,False
dataset7_CLINIC_metal_0030_data,dataset7,1.48/1.48/1.60,32041,196.0,169.5,207.6,170.7,174.8,4.1,36.9,si,196.0,171.5,170.7,16480.0,0.0,0.0,0.46899,54.1,109.3,si,si,275.5,138.3,205.7,16464,0.00115,0.0,0.21617,32.0,74.4,si,si,106.1,143.4,210.7,16497,0.0,0.0,0.28836,74.3,69.3,si,si,234.6,86.3,171.9,9001,0.04233,0.0,0.13254,19.7,86.3,si,si,160.5,97.7,159.1,16481,0.0,0.0,0.31649,57.6,97.7,si,,ok,ok,evaluacion,limpio,limpio,limpio,limpio,limpio,True,True,False
dataset7_CLINIC_metal_0031_data,dataset7,1.56/1.56/1.60,36376,197.5,193.6,138.8,96.2,110.8,14.6,42.6,si,197.5,172.4,96.2,14816.0,0.0,0.0,0.55352,64.9,96.2,si,si,295.4,161.3,140.3,14809,0.00135,0.00041,0.24965,11.7,105.0,si,si,101.8,152.1,138.3,14780,0.0,0.0,0.35217,129.9,101.8,si,si,231.1,102.1,87.8,14792,0.0,0.0,0.33072,60.7,87.8,si,si,156.2,100.5,87.8,14381,0.0201,0.0,0.29713,120.3,87.8,si,,ok,ok,evaluacion,limpio,contaminado,limpio,limpio,limpio,True,False,True
dataset7_CLINIC_metal_0032_data,dataset7,1.48/1.48/1.60,32366,191.3,147.9,215.6,184.5,181.2,-3.3,31.1,si,191.3,159.5,184.5,16520.0,0.0,0.0,0.68432,47.3,50.7,si,si,267.0,149.2,215.1,16528,0.0,0.0,0.43242,118.6,20.1,si,si,119.1,133.7,216.5,16541,0.00852,0.02563,0.3608,8.1,18.7,si,si,233.9,96.2,165.0,16522,0.0,0.0,0.33138,76.3,70.2,si,si,162.1,88.8,163.5,16532,0.0,0.0,0.36269,32.6,71.7,si,,ok,ok,evaluacion,limpio,limpio,contaminado,limpio,limpio,True,False,False
dataset7_CLINIC_metal_0033_data,dataset7,1.66/1.66/1.60,6854,208.2,178.6,232.2,203.8,,,28.4,si,208.2,175.8,203.8,13068.0,0.0,0.0,0.61471,39.5,61.9,si,si,297.1,160.9,235.6,13100,0.0,0.0,0.27153,57.9,30.0,si,si,118.5,165.8,229.5,13090,0.0,0.0,0.2809,76.4,36.1,si,si,251.6,111.8,186.9,12786,0.02831,0.0,0.33263,26.7,78.8,si,si,152.0,118.4,185.9,11126,0.06229,0.0,0.25993,33.9,79.7,si,,ok,ok,evaluacion,limpio,limpio,limpio,limpio,limpio,True,True,False
dataset7_CLINIC_metal_0034_data,dataset7,1.66/1.66/1.60,77774,208.2,185.6,246.3,236.2,203.9,-32.3,10.1,si,208.2,209.0,236.2,13088.0,0.0,0.0,0.49465,86.1,44.2,si,si,303.3,205.1,246.2,13102,0.0,0.0,0.32384,44.2,34.2,si,si,117.7,182.2,247.7,13089,0.0,0.0,0.32248,42.4,32.6,si,si,257.6,146.7,201.3,13078,0.07188,0.0,0.2635,92.2,79.1,si,si,174.6,139.7,201.9,13100,0.02397,0.0,0.28924,87.1,78.5,si,,+1 nivel,,otro,limpio,limpio,limpio,limpio,limpio,True,True,True
dataset7_CLINIC_metal_0035_data,dataset7,1.48/1.48/1.60,4023,187.8,188.7,258.8,206.2,210.0,3.8,52.6,si,187.8,141.3,206.2,16604.0,0.0,0.0,0.42152,38.3,73.8,si,si,276.6,155.0,255.3,16588,0.0,0.0,0.28195,84.2,24.7,si,si,87.9,168.0,263.4,16619,0.0,0.0,0.27872,116.3,16.6,si,si,228.9,100.3,203.2,16571,0.0,0.0,0.31905,47.1,76.8,si,si,150.0,104.8,188.9,16597,0.0,0.0,0.13183,63.0,91.1,si,,ok,ok,evaluacion,limpio,limpio,limpio,limpio,limpio,True,True,False
dataset7_CLINIC_metal_0036_data,dataset7,1.72/1.72/1.60,1589,233.8,147.2,252.1,214.2,,,37.9,si,233.8,208.1,214.2,12320.0,0.0,0.0,0.63596,138.1,65.4,si,si,309.7,195.2,247.1,12309,0.0,0.0,0.30896,205.2,32.5,si,si,162.5,199.1,258.1,12297,0.0,0.0,0.31138,61.9,21.5,si,si,265.9,142.1,175.8,12301,0.0,0.0,0.24819,180.3,103.8,si,si,201.2,138.6,176.7,12305,0.0,0.0,0.27168,126.1,102.9,si,,,,otro,limpio,limpio,limpio,limpio,limpio,True,True,False
dataset7_CLINIC_metal_0037_data,dataset7,1.66/1.66/1.60,179296,219.8,155.2,226.8,190.7,,,36.1,si,219.8,219.0,190.7,13072.0,0.0,0.0,0.58032,52.6,89.3,si,si,293.9,205.9,229.2,13120,0.0,0.0,0.33498,15.7,50.9,si,si,138.7,200.4,226.7,13133,0.0,0.0,0.42054,113.2,53.3,si,si,279.7,132.9,159.9,8551,0.12689,0.0,0.09496,24.6,120.1,si,si,180.3,150.0,180.3,13090,0.0,0.0,0.34095,82.5,99.7,si,,ok,ok,evaluacion,limpio,limpio,limpio,contaminado,limpio,True,False,False
dataset7_CLINIC_metal_0038_data,dataset7,1.23/1.23/1.60,7029,326.6,154.2,240.4,231.5,229.2,-2.3,8.9,si,326.6,346.3,231.5,6006.0,0.0,0.0,0.54812,64.2,48.5,si,si,398.8,318.5,237.8,5993,0.0,0.0,0.21959,20.0,42.1,si,si,244.6,312.1,245.7,5990,0.0,0.0,0.38397,139.0,34.3,si,si,375.2,271.2,198.1,5996,0.00317,0.0,0.22999,24.8,81.9,si,si,289.0,262.8,196.0,5991,0.0,0.0,0.28626,83.4,84.0,si,,ambiguo,+1,evaluacion,limpio,limpio,limpio,limpio,limpio,True,True,False
dataset7_CLINIC_metal_0039_data,dataset7,1.95/1.95/1.60,5494,242.5,183.9,229.2,190.7,198.8,8.1,38.5,si,242.5,225.9,190.7,9492.0,0.0,0.0,0.62368,37.9,84.5,si,si,334.2,211.2,229.7,9480,0.0,0.0,0.26857,78.2,45.5,si,si,150.3,217.9,229.7,9493,0.0,0.0,0.29927,113.2,45.5,si,si,281.0,170.0,179.9,9492,0.0,0.0,0.27202,33.2,95.3,si,si,199.6,166.4,176.1,9482,0.0,0.0,0.22675,51.7,99.1,si,,ok,ok,evaluacion,limpio,limpio,limpio,limpio,limpio,True,True,False
dataset7_CLINIC_metal_0040_data,dataset7,1.81/1.81/1.60,27602,222.8,147.0,243.6,224.1,,,19.4,si,222.8,194.8,224.1,11040.0,0.0,0.0,0.67382,35.2,55.8,si,si,296.4,181.3,241.0,11074,0.0,0.0,0.34405,41.1,39.0,si,si,149.4,182.6,247.3,11066,0.0,0.0,0.34448,47.2,32.7,si,si,261.4,141.2,199.6,11110,0.0,0.0,0.34635,31.8,80.4,si,si,176.8,137.8,210.1,11077,0.0,0.0,0.27733,32.3,69.8,si,,ok,ok,evaluacion,limpio,limpio,limpio,limpio,limpio,True,True,False
dataset7_CLINIC_metal_0041_data,dataset7,1.27/1.27/1.60,12090,314.0,180.8,226.0,190.9,197.2,6.3,35.1,si,314.0,289.3,190.9,5636.0,0.00106,0.0,0.59013,34.0,79.5,si,si,398.8,284.6,224.9,5658,0.0,0.0,0.34394,12.5,45.5,si,si,218.1,312.2,227.8,5648,0.0,0.0,0.32312,102.2,42.6,si,si,341.7,230.4,156.5,5672,0.0,0.0,0.17437,37.6,113.9,si,si,274.6,237.5,153.9,5641,0.0,0.0,0.24357,84.2,116.5,si,,ok,ok,evaluacion,contaminado,limpio,limpio,limpio,limpio,True,False,False
dataset7_CLINIC_metal_0042_data,dataset7,1.52/1.52/1.60,100169,185.6,167.3,248.4,212.9,221.2,8.3,35.5,si,185.6,113.5,212.9,15700.0,0.0,0.00013,0.65924,11.7,62.3,si,si,266.3,98.6,248.8,15685,0.0,0.0,0.34198,53.1,26.4,si,si,99.0,128.8,249.0,15715,0.0,0.0,0.38778,56.4,26.2,si,si,224.5,42.6,209.1,15710,0.0,0.0,0.40713,40.7,42.6,si,si,142.6,57.8,190.5,15704,0.0,0.0,0.07068,49.1,57.8,si,,ok,ok,evaluacion,contaminado,limpio,limpio,limpio,limpio,True,False,False
dataset7_CLINIC_metal_0043_data,dataset7,1.49/1.49/1.60,109442,182.4,174.4,245.2,204.5,214.8,10.3,40.7,si,182.4,159.3,204.5,16264.0,0.0,0.0,0.55872,107.4,75.5,si,si,274.4,144.2,236.0,16234,0.0,0.0,0.29962,70.9,44.0,si,si,100.0,141.5,255.0,16270,0.0,0.0,0.30449,94.9,25.0,si,si,233.5,85.2,174.8,16253,0.0,0.0,0.23337,107.8,85.2,si,si,136.3,83.7,188.4,16273,0.0,0.0,0.25883,112.7,83.7,si,,,,otro,limpio,limpio,limpio,limpio,limpio,True,True,True
dataset7_CLINIC_metal_0044_data,dataset7,1.73/1.73/1.60,102460,220.4,176.1,248.4,204.5,211.6,7.2,44.0,si,220.4,177.1,204.5,12088.0,0.0,0.0,0.52267,109.7,75.6,si,si,308.9,158.9,242.4,12056,0.0,0.0,0.31453,71.1,37.6,si,si,132.8,161.0,255.4,12067,0.0,0.0,0.34184,97.9,24.6,si,si,269.8,98.7,181.4,12048,0.0,0.0,0.26195,106.7,98.6,si,si,173.0,102.2,190.5,12052,0.0,0.0,0.26377,111.3,89.6,si,,ok,ok,evaluacion,limpio,limpio,limpio,limpio,limpio,True,True,False
dataset7_CLINIC_metal_0045_data,dataset7,1.56/1.56/1.60,2712,196.4,180.5,98.8,56.5,62.8,6.3,42.3,si,196.4,187.1,56.5,14952.0,0.0,0.0,0.53785,18.2,56.5,si,si,287.4,165.5,93.3,14943,0.0,0.0,0.29733,101.2,93.3,si,si,107.0,175.7,104.6,14956,0.0,0.0,0.32348,57.6,104.6,si,si,244.7,109.3,28.5,14934,0.00623,0.0,0.25881,93.9,28.5,si,si,150.3,119.9,42.3,14966,0.0,0.0,0.28384,49.6,42.3,si,,ok,ok,evaluacion,limpio,limpio,limpio,limpio,limpio,True,True,False
dataset7_CLINIC_metal_0046_data,dataset7,1.50/1.50/1.60,6054,190.4,153.1,210.0,170.7,176.4,5.7,39.3,si,190.4,146.2,170.7,16164.0,0.0,0.0,0.21418,101.1,109.3,si,si,265.4,148.7,208.7,16163,0.00198,0.0,0.27303,137.1,71.3,si,si,112.3,151.8,211.7,16181,0.0,0.0,0.23818,79.6,68.3,si,si,224.2,101.8,158.5,16121,0.00211,0.0,0.1699,64.6,101.8,si,si,162.0,104.2,134.6,16179,0.0,0.0,0.13839,67.5,104.2,si,,ok,otro,evaluacion,limpio,limpio,limpio,limpio,limpio,True,True,False
dataset7_CLINIC_metal_0047_data,dataset7,1.48/1.48/1.60,177507,185.4,155.3,252.4,211.6,222.8,11.2,40.8,si,185.4,150.6,211.6,16504.0,0.0,0.0,0.59228,19.6,68.4,si,si,258.9,136.5,253.6,16499,0.00012,0.0,0.28281,44.9,26.4,si,si,103.6,131.3,251.9,16506,0.0,0.0,0.27844,79.4,28.1,si,si,217.8,87.4,201.0,15262,0.03263,0.0,0.23916,31.8,79.0,si,si,150.7,87.7,203.6,15787,0.02806,0.0,0.19985,33.5,76.4,si,,ok,ok,evaluacion,limpio,limpio,limpio,limpio,limpio,True,True,True
dataset7_CLINIC_metal_0048_data,dataset7,1.48/1.48/1.60,6442,193.0,152.0,169.2,126.6,141.2,14.6,42.6,si,193.0,164.1,126.6,16484.0,0.0,0.0,0.60155,17.0,126.6,si,si,269.9,147.7,171.9,16475,0.0,0.0,0.25487,44.1,108.1,si,si,117.9,149.4,167.1,16490,0.0,0.0,0.25937,78.2,113.0,si,si,224.2,97.8,97.0,16488,0.0,0.0,0.10019,30.6,97.0,si,si,165.4,101.5,92.5,16493,0.0,0.0,0.13624,28.0,92.5,si,,ok,ok,evaluacion,limpio,limpio,limpio,limpio,limpio,True,True,True
dataset7_CLINIC_metal_0049_data,dataset7,1.84/1.84/1.60,62678,235.7,186.7,241.2,209.4,218.0,8.6,31.8,si,235.7,233.0,209.4,10764.0,0.0,0.0,0.52332,44.0,57.0,si,si,330.3,203.3,245.6,10703,0.0,0.0,0.34663,76.2,20.8,si,si,143.6,211.6,237.8,10714,0.0,0.0,0.34945,55.3,28.6,si,si,273.5,156.4,195.2,10712,0.0,0.0,0.28883,43.5,71.2,si,si,193.1,162.2,189.1,10710,0.0,0.0,0.2845,37.7,77.3,si,,ok,ok,evaluacion,limpio,limpio,limpio,limpio,limpio,True,True,False
dataset7_CLINIC_metal_0050_data,dataset7,1.54/1.54/1.60,19432,194.4,178.9,238.0,198.2,200.4,2.2,39.8,si,194.4,152.8,198.2,15248.0,0.0,0.0,0.58539,16.4,81.7,si,si,284.4,145.9,234.3,15210,0.0,0.0,0.30671,106.0,45.6,si,si,105.5,136.0,242.6,15262,0.0,0.0,0.32519,48.9,37.4,si,si,242.3,92.5,186.4,15269,0.0,0.0,0.29026,63.4,92.5,si,si,156.4,86.4,193.0,15268,0.0,0.0,0.27882,37.2,86.4,si,,ok,ok,evaluacion,limpio,limpio,limpio,limpio,limpio,True,True,False
dataset7_CLINIC_metal_0051_data,dataset7,1.62/1.62/1.60,27851,205.6,166.6,218.0,179.8,190.8,11.0,38.2,si,205.6,206.4,179.8,13868.0,0.0,0.01298,0.60499,9.4,100.2,si,si,292.3,196.4,221.5,13825,0.0,0.0,0.25099,75.5,58.5,si,si,125.8,193.9,215.2,13859,0.0,0.0,0.30428,57.8,64.7,si,si,250.0,149.1,169.4,12525,0.03633,0.0,0.30036,57.1,110.6,si,si,165.8,155.5,171.2,13846,0.0,0.0,0.27308,33.7,108.8,si,,ok,ok,evaluacion,contaminado,limpio,limpio,limpio,limpio,True,False,True
dataset7_CLINIC_metal_0052_data,dataset7,1.95/1.95/1.60,13866,250.3,151.8,263.3,234.3,241.7,7.4,28.9,si,250.3,231.8,234.3,9548.0,0.0,0.0,0.58012,89.9,45.3,si,si,323.9,214.1,264.5,9506,0.0,0.0,0.25815,98.6,15.1,si,si,172.1,219.2,263.0,9497,0.0,0.0,0.27788,95.2,16.7,si,si,285.9,166.4,216.9,9506,0.0,0.0,0.22659,85.3,62.8,si,si,210.1,166.0,216.0,9501,0.0,0.0,0.24618,82.4,63.6,si,,ok,ok,evaluacion,limpio,limpio,limpio,limpio,limpio,True,True,False
dataset7_CLINIC_metal_0053_data,dataset7,1.64/1.64/1.60,18566,215.2,190.6,147.6,,,,,no,,,,,,,,,,,si,311.2,196.4,147.6,8038,0.0,0.0,0.47027,38.1,2.0,no,si,120.6,168.9,147.6,8083,0.0,0.0,0.53099,27.4,2.0,no,si,245.4,108.4,119.6,13476,0.0,0.0,0.3435,74.1,30.0,si,si,181.1,108.2,142.2,11942,0.0,0.0,0.30472,57.5,7.4,si,,no hallado,no hallado,evaluacion,no hallado,fuera de FOV,fuera de FOV,limpio,limpio,False,False,False
dataset7_CLINIC_metal_0054_data,dataset7,1.57/1.57/1.60,51119,190.4,158.6,278.8,252.4,258.0,5.6,26.4,si,190.4,204.5,252.4,14736.0,0.0,0.0,0.59914,86.1,27.6,si,si,271.5,186.3,278.8,8079,0.0,0.0,0.40686,95.3,1.2,no,si,112.9,193.7,278.8,8078,0.0,0.0,0.45964,90.8,1.2,no,si,228.8,138.6,234.2,14203,0.0264,0.0,0.22664,85.6,45.8,si,si,153.4,138.6,234.2,13353,0.04755,0.0,0.25747,83.5,45.8,si,,ok,ok,evaluacion,limpio,fuera de FOV,fuera de FOV,limpio,limpio,False,False,False
dataset7_CLINIC_metal_0055_data,dataset7,1.94/1.94/1.60,26860,252.4,163.6,226.8,195.5,200.4,4.9,31.3,si,252.4,264.1,195.5,9672.0,0.00341,0.01127,0.57392,8.7,74.9,si,si,341.1,246.5,226.5,9619,0.0,0.0,0.24556,96.2,43.9,si,si,177.5,265.7,227.6,9656,0.07943,0.10812,0.40835,0.5,42.8,si,si,299.6,199.8,182.8,9645,0.0,0.0,0.23929,56.0,87.5,si,si,208.2,205.9,183.2,9621,0.00021,0.0,0.23438,28.8,87.2,si,,ok,ok,evaluacion,contaminado,limpio,contaminado,limpio,limpio,True,False,False
dataset7_CLINIC_metal_0056_data,dataset7,1.48/1.48/1.60,36039,185.4,204.9,246.0,195.9,205.2,9.3,50.1,si,185.4,171.3,195.9,16544.0,0.0,0.0,0.66719,30.5,74.5,si,si,278.0,157.8,240.8,16517,0.0,0.0,0.32924,95.7,29.5,si,si,73.1,183.0,254.5,16519,0.0,0.0,0.0741,27.5,15.9,si,si,225.0,114.1,190.5,16514,0.0,0.0,0.29242,63.6,79.8,si,si,144.6,117.7,190.9,16549,0.0,0.0,0.07698,32.6,79.5,si,,ok,ok,evaluacion,limpio,limpio,limpio,limpio,limpio,True,True,False
dataset7_CLINIC_metal_0057_data,dataset7,1.65/1.65/1.60,30203,213.8,176.9,222.0,186.8,192.4,5.6,35.2,si,213.8,203.0,186.8,13176.0,0.0,0.0,0.62819,53.7,68.4,si,si,297.0,183.7,226.7,13242,0.0,0.0,0.35176,56.0,28.6,si,si,120.1,201.6,218.3,13241,0.0,0.0,0.32853,151.9,36.9,si,si,248.8,132.7,180.8,13212,0.00053,0.0,0.31714,39.1,74.4,si,si,160.0,142.7,174.1,13180,0.0,0.0,0.28141,105.4,81.1,si,,ok,ok,evaluacion,limpio,limpio,limpio,limpio,limpio,True,True,False
dataset7_CLINIC_metal_0058_data,dataset7,1.48/1.48/1.60,69219,180.9,159.8,267.6,251.9,238.8,-13.1,15.7,si,180.9,144.7,251.9,16528.0,0.0,0.0,0.37439,45.9,28.1,si,si,263.8,179.9,269.5,16217,6e-05,0.0,0.31461,53.6,10.5,si,si,104.0,168.1,266.4,16518,0.0,0.0,0.31941,47.2,13.6,si,si,226.3,118.4,218.5,16509,0.0,0.0,0.28275,70.7,61.5,si,si,143.1,114.0,219.2,16498,0.0,0.0,0.30876,58.7,60.8,si,,error grosero,otro,evaluacion,limpio,limpio,limpio,limpio,limpio,True,True,True
dataset7_CLINIC_metal_0059_data,dataset7,1.58/1.58/1.60,60634,197.6,140.1,192.4,153.9,182.8,28.9,38.5,si,197.6,204.0,153.9,14576.0,0.0,0.0,0.65375,28.8,76.5,si,si,270.1,204.7,185.0,14544,0.0,0.0,0.26829,88.2,45.4,si,si,130.0,197.7,200.6,14530,0.0,0.0,0.26628,41.2,29.8,si,si,225.7,144.7,116.5,14553,0.0,0.0,0.22154,56.2,114.0,si,si,171.1,148.2,123.7,14545,0.0,0.0,0.19649,26.4,106.7,si,,ok,,otro,limpio,limpio,limpio,limpio,limpio,True,True,True
dataset7_CLINIC_metal_0060_data,dataset7,1.48/1.48/1.60,102610,179.5,147.6,234.0,196.2,,,37.7,si,179.5,159.5,196.2,16520.0,0.0,0.0,0.67712,34.9,74.1,si,si,257.2,142.1,228.1,16521,0.0,0.0,0.27807,96.8,42.3,si,si,109.6,154.0,240.4,16517,0.0,0.0,0.26984,14.2,30.0,si,si,207.9,103.2,160.9,16507,0.0,0.0,0.2697,74.0,103.2,si,si,145.6,110.8,178.2,16528,0.00024,0.0,0.15035,21.1,92.2,si,,ok,ok,evaluacion,limpio,limpio,limpio,limpio,limpio,True,True,False
dataset7_CLINIC_metal_0061_data,dataset7,1.69/1.69/1.60,3324,211.9,151.8,221.2,211.3,194.0,-17.3,9.9,si,211.9,195.0,211.3,12608.0,0.0,0.0,0.42933,127.3,43.9,si,si,286.6,160.5,226.5,12637,0.0,0.0,0.30601,163.9,28.7,si,si,134.8,172.2,216.6,12640,0.0,0.0,0.29169,124.6,38.6,si,si,258.0,122.2,188.9,12651,0.00158,0.0,0.27184,195.7,66.3,si,si,167.7,133.7,174.8,12626,0.0,0.0,0.23998,136.1,80.4,si,,,,otro,limpio,limpio,limpio,limpio,limpio,True,True,True
dataset7_CLINIC_metal_0062_data,dataset7,1.48/1.48/1.60,11248,188.3,140.0,235.6,206.5,211.6,5.1,29.1,si,188.3,143.2,206.5,16528.0,0.00012,0.04199,0.60866,4.2,43.9,si,si,256.4,128.7,234.1,16546,0.0,0.0,0.35634,30.9,16.3,si,si,116.4,142.4,237.5,16535,0.0,0.0,0.37049,70.4,12.9,si,si,227.4,82.9,192.3,16547,0.0,0.0,0.34,45.2,58.1,si,si,142.5,90.4,191.8,16527,0.0,0.0,0.33001,56.9,58.6,si,,ok,ok,evaluacion,contaminado,limpio,limpio,limpio,limpio,True,False,False
dataset7_CLINIC_metal_0063_data,dataset7,1.56/1.56/1.60,31842,192.8,156.3,134.8,96.0,96.4,0.4,38.8,si,192.8,205.3,96.0,14716.0,0.00054,0.0,0.75143,58.1,96.0,si,si,275.3,199.4,127.1,14821,0.0,0.0,0.23959,103.5,125.1,si,si,119.0,186.6,143.4,14804,0.01115,0.00588,0.23473,10.2,119.0,si,si,234.3,145.3,72.9,13154,0.04615,0.0,0.18785,98.5,72.9,si,si,162.8,139.4,66.6,14795,0.0,0.0,0.20845,37.2,66.6,si,,ok,ok,evaluacion,contaminado,limpio,contaminado,limpio,limpio,True,False,False
dataset7_CLINIC_metal_0064_data,dataset7,1.28/1.28/1.60,993,157.8,133.4,222.0,217.5,202.0,-15.5,4.5,si,157.8,171.2,217.5,22108.0,0.0,0.0,0.6537,70.9,32.9,si,si,224.4,130.3,227.6,22086,0.0,0.0,0.31554,100.4,22.8,si,si,91.0,161.5,216.8,22082,0.0,0.0,0.32674,92.9,33.6,si,si,192.5,88.5,192.0,22066,0.0,0.0,0.31741,79.3,58.4,si,si,130.1,101.1,178.4,22062,0.0,0.0,0.1421,59.1,72.0,si,,,,otro,limpio,limpio,limpio,limpio,limpio,True,True,True
dataset7_CLINIC_metal_0065_data,dataset7,1.67/1.67/1.60,68818,214.2,175.0,239.6,207.1,200.4,-6.7,32.5,si,214.2,247.6,207.1,12984.0,0.0,0.0,0.51494,41.7,58.5,si,si,297.0,218.6,237.7,12981,0.0,0.0,0.31947,68.7,27.9,si,si,122.0,249.5,242.3,12985,0.0,0.0,0.29873,67.3,23.4,si,si,243.3,179.1,183.7,12982,0.00146,0.0,0.27376,39.8,81.9,si,si,152.0,192.0,187.3,12370,0.04171,0.0,0.15699,42.3,78.3,si,,ok,,otro,limpio,limpio,limpio,limpio,limpio,True,True,False
dataset7_CLINIC_metal_0066_data,dataset7,1.54/1.54/1.60,87318,194.4,172.3,241.2,206.7,202.0,-4.7,34.5,si,194.4,172.9,206.7,15224.0,0.0,0.0,0.56713,40.7,68.5,si,si,277.5,153.6,242.4,15249,0.0,0.0,0.31255,69.1,32.8,si,si,105.2,166.0,241.3,15262,0.0,0.0,0.248,66.4,33.9,si,si,228.7,111.1,182.0,15279,0.0,0.0,0.29734,42.9,93.2,si,si,133.2,112.3,189.8,14622,0.03091,0.0,0.21215,46.8,85.4,si,,ok,ok,evaluacion,limpio,limpio,limpio,limpio,limpio,True,True,False
dataset7_CLINIC_metal_0067_data,dataset7,1.66/1.66/1.60,36426,223.1,150.7,240.4,236.0,216.4,-19.6,4.4,si,223.1,180.7,236.0,13124.0,0.0,0.0,0.53734,56.5,34.4,si,si,293.9,144.8,234.4,13090,0.00359,0.02361,0.3249,8.8,36.0,si,si,143.2,155.8,247.0,13094,0.0,0.0,0.33802,117.8,23.3,si,si,256.5,103.5,199.0,13092,0.00657,0.0,0.27574,20.7,71.4,si,si,177.4,106.5,202.9,13099,0.00252,0.0,0.27239,76.0,67.5,si,,+1 nivel,+1,evaluacion,limpio,contaminado,limpio,limpio,limpio,True,False,True
dataset7_CLINIC_metal_0068_data,dataset7,1.95/1.95/1.60,3077,264.0,152.1,235.6,246.7,195.6,-51.1,-11.1,si,264.0,235.7,246.7,9492.0,0.0,0.0,0.26317,118.2,33.3,si,si,337.5,263.3,231.0,9496,0.0,0.0,0.23799,195.5,49.0,si,si,185.3,253.6,241.1,9501,0.0,0.0,0.27566,70.7,39.0,si,si,308.9,209.4,207.4,9520,0.0,0.0,0.20273,154.2,72.6,si,si,226.5,201.5,207.5,9508,0.0,0.0,0.21182,73.5,72.6,si,,error grosero,,otro,limpio,limpio,limpio,limpio,limpio,True,True,True
dataset7_CLINIC_metal_0069_data,dataset7,1.65/1.65/1.60,26074,212.1,172.8,246.8,206.5,213.2,6.7,40.3,si,212.1,198.1,206.5,13224.0,0.0,0.0,0.63619,45.4,73.5,si,si,297.7,186.7,247.4,13226,0.00408,0.009,0.35007,10.0,32.6,si,si,124.9,194.6,247.5,13262,0.0,0.0,0.33856,133.8,32.4,si,si,254.8,140.6,189.8,13257,0.0,0.0,0.32194,23.0,90.1,si,si,161.7,142.3,191.7,13233,0.0,0.0,0.24983,86.0,88.3,si,,ok,ok,evaluacion,limpio,contaminado,limpio,limpio,limpio,True,False,False
dataset7_CLINIC_metal_0070_data,dataset7,1.75/1.75/1.60,10969,230.2,183.7,256.4,219.8,229.2,9.4,36.6,si,230.2,182.0,219.8,11752.0,0.00136,0.03608,0.59769,6.3,60.2,si,si,316.5,188.6,264.8,11773,0.0,0.0,0.30315,45.4,15.2,si,si,132.8,159.8,248.5,11781,0.0,0.0,0.28529,98.6,31.5,si,si,279.8,133.2,211.3,11786,0.0,0.0,0.32649,46.0,68.6,si,si,185.9,118.0,201.7,11754,0.0,0.0,0.3375,69.1,78.3,si,,ok,ok,evaluacion,contaminado,limpio,limpio,limpio,limpio,True,False,False
dataset7_CLINIC_metal_0071_data,dataset7,1.58/1.58/1.60,77798,202.4,172.8,278.8,261.6,,,17.3,si,202.4,205.5,261.6,14512.0,0.0,0.0,0.6476,30.9,18.5,si,si,284.3,211.2,278.8,7996,0.0,0.0,0.33329,103.3,1.2,no,si,111.4,214.5,278.8,7991,0.0,0.0,0.30459,28.5,1.2,no,si,228.8,146.4,225.7,14508,0.0,0.0,0.20664,57.3,54.3,si,si,175.1,146.1,224.9,14520,0.0,0.0,0.16556,31.8,55.1,si,,ok,,otro,limpio,fuera de FOV,fuera de FOV,limpio,limpio,False,False,False
dataset7_CLINIC_metal_0072_data,dataset7,1.64/1.64/1.60,3604,200.5,175.1,259.1,218.9,226.3,7.4,40.3,si,200.5,178.4,218.9,13472.0,0.0,0.0,0.52939,39.5,61.5,si,si,286.4,169.4,260.4,13432,0.0,0.0,0.273,95.5,20.0,si,si,111.2,159.2,259.0,13446,0.0,0.0,0.28417,133.8,21.3,si,si,232.3,110.3,201.4,13430,0.0,0.0,0.25383,62.3,78.9,si,si,156.3,111.5,205.7,13442,0.0,0.0,0.28128,98.6,74.7,si,,ok,ok,evaluacion,limpio,limpio,limpio,limpio,limpio,True,True,False
dataset7_CLINIC_metal_0073_data,dataset7,1.73/1.73/1.60,16353,241.2,153.9,221.5,183.1,194.2,11.1,38.4,si,241.2,230.8,183.1,12080.0,0.0,0.0,0.69015,113.1,97.2,si,si,318.6,228.7,214.0,12063,0.0,0.0,0.30722,64.4,66.4,si,si,164.8,237.2,229.5,12056,0.0,0.0,0.26377,81.8,50.9,si,si,269.5,183.2,146.4,12056,0.0,0.0,0.27671,119.6,134.0,si,si,213.0,183.4,148.3,12056,0.0,0.0,0.28484,85.9,132.0,si,,ok,ok,evaluacion,limpio,limpio,limpio,limpio,limpio,True,True,True
dataset7_CLINIC_metal_0074_data,dataset7,1.50/1.50/1.60,6054,190.4,153.1,210.0,170.7,176.4,5.7,39.3,si,190.4,146.2,170.7,16164.0,0.0,0.0,0.21418,101.1,109.3,si,si,265.4,148.7,208.7,16163,0.00198,0.0,0.27303,137.1,71.3,si,si,112.3,151.8,211.7,16181,0.0,0.0,0.23818,79.6,68.3,si,si,224.2,101.8,158.5,16121,0.00211,0.0,0.1699,64.6,101.8,si,si,162.0,104.2,134.6,16179,0.0,0.0,0.13839,67.5,104.2,si,,,,otro,limpio,limpio,limpio,limpio,limpio,True,True,False
dataset7_CLINIC_metal_0059u0071_union,dataset7,1.58/1.58/1.60,83829,199.2,139.6,299.6,261.1,290.0,28.9,38.5,si,199.2,205.5,261.1,14560.0,0.0,0.0,0.67809,29.0,76.5,si,si,270.8,205.2,292.2,14536,0.0,0.0,0.26541,89.0,45.4,si,si,131.2,197.0,307.9,14522,0.0,0.0,0.27124,39.9,29.7,si,si,226.5,144.8,223.7,14546,0.0,0.0,0.20844,56.8,113.9,si,si,172.2,147.9,229.0,14543,0.0,0.0,0.19288,27.9,108.6,si,,ok,ok,evaluacion,limpio,limpio,limpio,limpio,limpio,True,True,True
