Caso,Dataset,n_metal,x_mid,ancho_crestas_mm,z_cresta_mm,s1_bajo_cresta_mm,S1_hallado,S1_n_vox,S1_oscuro,S1_brillante,S1_hueso,S1_dist_metal_mm,S1_fov_margen_mm,S1_fov_ok,cresta_der_hallado,cresta_der_n_vox,cresta_der_oscuro,cresta_der_brillante,cresta_der_hueso,cresta_der_dist_metal_mm,cresta_der_fov_margen_mm,cresta_der_fov_ok,cresta_izq_hallado,cresta_izq_n_vox,cresta_izq_oscuro,cresta_izq_brillante,cresta_izq_hueso,cresta_izq_dist_metal_mm,cresta_izq_fov_margen_mm,cresta_izq_fov_ok,eips_der_hallado,eips_der_n_vox,eips_der_oscuro,eips_der_brillante,eips_der_hueso,eips_der_dist_metal_mm,eips_der_fov_margen_mm,eips_der_fov_ok,eips_izq_hallado,eips_izq_n_vox,eips_izq_oscuro,eips_izq_brillante,eips_izq_hueso,eips_izq_dist_metal_mm,eips_izq_fov_margen_mm,eips_izq_fov_ok,Error
dataset6_CLINIC_0001_data,dataset6,247,204.9,167.4,205.7,16.4,si,14806,0.0,0.0,0.48744,142.3,95.2,si,si,14805,0.0,0.0,0.30861,213.2,66.5,si,si,14811,0.0,0.0,0.30849,117.5,80.1,si,si,14821,0.0,0.0,0.36462,205.4,101.2,si,si,14821,0.0,0.0,0.39329,141.4,108.9,si,
dataset6_CLINIC_0002_data,dataset6,0,199.2,143.5,211.2,33.6,si,14822,0.0,0.0,0.54655,,73.0,si,si,14842,0.0,0.0,0.27564,,30.7,si,si,14822,0.0,0.0,0.27547,,37.4,si,si,14805,0.0,0.0,0.25073,,72.8,si,si,14840,0.0,0.0,0.2626,,74.1,si,
dataset6_CLINIC_0003_data,dataset6,0,216.6,182.4,231.1,37.2,si,14779,0.0,0.0,0.68036,,91.8,si,si,14771,0.0,0.0,0.29971,,48.8,si,si,14755,0.0,0.0,0.32213,,48.0,si,si,14780,0.0,0.0,0.47375,,89.9,si,si,14804,0.0,0.0,0.21346,,102.6,si,
dataset6_CLINIC_0004_data,dataset6,0,209.1,179.7,215.6,46.0,si,15193,0.0,0.0,0.75601,,114.2,si,si,15219,0.0,0.0,0.28353,,61.0,si,si,15205,0.0,0.0,0.27373,,66.7,si,si,15219,0.0,0.0,0.35646,,94.3,si,si,15217,0.0,0.0,0.36624,,84.2,si,
dataset6_CLINIC_0005_data,dataset6,10979,164.1,149.4,208.8,20.8,si,14839,0.0,0.0,0.36249,99.6,79.6,si,si,14822,0.0,0.0,0.20449,79.0,51.8,si,si,14826,0.0,0.0,0.18306,116.6,56.5,si,si,14830,0.0,0.0,0.19036,68.5,81.9,si,si,14841,0.0,0.0,0.14197,86.7,74.8,si,
dataset6_CLINIC_0006_data,dataset6,0,249.9,165.3,233.6,25.6,si,9497,0.0,0.0,0.51595,,57.4,si,si,9494,0.0,0.0,0.20718,,37.1,si,si,9493,0.0,0.0,0.1716,,16.3,si,si,9495,0.0,0.0,0.1901,,81.9,si,si,9511,0.0,0.0,0.16707,,65.1,si,
dataset6_CLINIC_0007_data,dataset6,7633,212.7,204.5,246.5,55.5,si,13766,0.0,0.0,0.66054,116.0,93.0,si,si,13762,7e-05,0.0,0.32394,204.0,25.1,si,si,13736,7e-05,0.0,0.31814,60.5,40.3,si,si,13720,0.0,0.0,0.40649,145.1,60.4,si,si,13741,0.0,0.0,0.36322,47.1,69.1,si,
dataset6_CLINIC_0008_data,dataset6,107,260.4,148.7,235.1,36.4,si,9788,0.0,0.0,0.64753,143.7,87.1,si,si,9791,0.0,0.0,0.3587,102.8,56.2,si,si,9774,0.0,0.0,0.32852,192.5,33.3,si,si,9730,0.0,0.0,0.50576,158.9,118.5,si,si,9782,0.0,0.0,0.5044,211.7,92.0,si,
dataset6_CLINIC_0009_data,dataset6,0,223.6,167.4,258.8,17.2,si,13585,0.00037,0.0,0.49238,,43.4,si,si,10712,0.0,0.0,0.29472,,5.3,si,si,13591,0.0,0.0,0.16305,,33.7,si,si,13571,0.0,0.0,0.19299,,73.3,si,si,13595,0.0,0.0,0.1733,,81.0,si,
dataset6_CLINIC_0010_data,dataset6,0,238.7,177.5,278.8,19.2,si,11087,0.0,0.0,0.47299,,24.8,si,si,5818,0.0,0.0,0.34754,,0.8,no,si,5806,0.0,0.0,0.27644,,0.8,no,si,11092,9e-05,0.0,0.33682,,30.8,si,si,10985,0.00665,0.0,0.22585,,33.2,si,
dataset6_CLINIC_0011_data,dataset6,0,262.7,153.3,279.2,3.2,si,13716,0.0,0.0,0.6246,,8.9,si,si,7618,0.0,0.0,0.44907,,0.8,no,si,7625,0.0,0.0,0.65469,,0.8,no,si,10391,0.0001,0.0,0.25012,,3.9,no,si,14526,0.00014,0.0,0.27461,,68.2,si,
dataset6_CLINIC_0012_data,dataset6,0,255.7,149.6,225.7,29.2,si,9516,0.0,0.0,0.48003,,58.4,si,si,9526,0.0,0.0,0.2869,,27.4,si,si,9506,0.0,0.0,0.27267,,20.2,si,si,9506,0.0,0.0,0.38355,,58.4,si,si,9510,0.0,0.0,0.35436,,65.8,si,
dataset6_CLINIC_0013_data,dataset6,0,247.9,152.2,239.6,28.4,si,9497,0.0,0.0,0.73455,,54.6,si,si,9488,0.0,0.0,0.27709,,20.2,si,si,9503,0.0,0.0,0.29349,,21.0,si,si,9504,0.0,0.0,0.33249,,74.8,si,si,9470,0.0,0.0,0.23654,,41.7,si,
dataset6_CLINIC_0014_data,dataset6,0,129.8,121.4,237.6,30.4,si,14802,0.0,0.0,0.50872,,77.7,si,si,8522,0.0,0.0,0.35344,,1.6,no,si,14792,0.00149,0.0,0.29381,,69.6,si,si,14830,0.0,0.0,0.24781,,13.1,si,si,14825,0.0,0.0,0.29801,,69.6,si,
dataset6_CLINIC_0015_data,dataset6,0,232.3,175.3,233.3,9.6,si,9525,0.0,0.0,0.4021,,31.7,si,si,9515,0.0,0.0,0.35554,,21.0,si,si,9487,0.0,0.0,0.34458,,11.5,si,si,9508,0.0,0.0,0.26651,,50.9,si,si,9515,0.0,0.0,0.30215,,45.0,si,
dataset6_CLINIC_0016_data,dataset6,0,193.2,170.4,231.1,30.8,si,14792,0.0,0.0,0.92915,,84.7,si,si,14766,0.0,0.0,0.33347,,50.5,si,si,14791,0.0,0.0,0.30471,,46.7,si,si,14763,0.0,0.0,0.29906,,84.8,si,si,14754,0.0,0.0,0.30365,,76.9,si,
dataset6_CLINIC_0017_data,dataset6,515,255.4,170.5,219.3,36.4,si,10140,0.0,0.0,0.62032,64.0,101.8,si,si,10118,0.0001,0.0,0.30856,119.7,69.8,si,si,10121,0.0,0.0,0.248,147.6,49.7,si,si,10120,0.0,0.0,0.32796,95.0,104.9,si,si,10112,0.0,0.0,0.3394,100.7,94.1,si,
