Caso,Lamina,Archivo,corte_sagital,corte_coronal,corte_axial,corte_sagital_1,corte_coronal_1,corte_axial_1,HU_voxel,HU_mediana_3x3x3,revisor,juicio_nivel,vertebra_transicion,legible,comentario
dataset7_CLINIC_metal_0000_data,outputs/r2_s1_revalidacion/dataset7_CLINIC_metal_0000_data.png,data/dataset7/dataset7_CLINIC_metal_0000_data.nii.gz,267,287,278,268,288,279,245.0,253.0,autora,ok,,,
dataset7_CLINIC_metal_0001_data,outputs/r2_s1_revalidacion/dataset7_CLINIC_metal_0001_data.png,data/dataset7/dataset7_CLINIC_metal_0001_data.nii.gz,252,254,220,253,255,221,251.0,265.0,autora,ok,,,
dataset7_CLINIC_metal_0002_data,outputs/r2_s1_revalidacion/dataset7_CLINIC_metal_0002_data.png,data/dataset7/dataset7_CLINIC_metal_0002_data.nii.gz,262,289,269,263,290,270,513.0,494.0,autora,ok,,,
dataset7_CLINIC_metal_0003_data,outputs/r2_s1_revalidacion/dataset7_CLINIC_metal_0003_data.png,data/dataset7/dataset7_CLINIC_metal_0003_data.nii.gz,254,272,295,255,273,296,44.0,44.0,autora,ok,,,
dataset7_CLINIC_metal_0004_data,outputs/r2_s1_revalidacion/dataset7_CLINIC_metal_0004_data.png,data/dataset7/dataset7_CLINIC_metal_0004_data.nii.gz,255,280,255,256,281,256,126.0,131.0,autora,ok,,,
dataset7_CLINIC_metal_0005_data,outputs/r2_s1_revalidacion/dataset7_CLINIC_metal_0005_data.png,data/dataset7/dataset7_CLINIC_metal_0005_data.nii.gz,246,258,176,247,259,177,186.0,186.0,autora,ok,,,
dataset7_CLINIC_metal_0006_data,outputs/r2_s1_revalidacion/dataset7_CLINIC_metal_0006_data.png,data/dataset7/dataset7_CLINIC_metal_0006_data.nii.gz,257,245,252,258,246,253,203.0,203.0,autora,ok,,,
dataset7_CLINIC_metal_0007_data,outputs/r2_s1_revalidacion/dataset7_CLINIC_metal_0007_data.png,data/dataset7/dataset7_CLINIC_metal_0007_data.nii.gz,239,283,269,240,284,270,292.0,319.0,autora,ok,,,
dataset7_CLINIC_metal_0008_data,outputs/r2_s1_revalidacion/dataset7_CLINIC_metal_0008_data.png,data/dataset7/dataset7_CLINIC_metal_0008_data.nii.gz,253,251,222,254,252,223,335.0,324.0,autora,ok,,,
dataset7_CLINIC_metal_0009_data,outputs/r2_s1_revalidacion/dataset7_CLINIC_metal_0009_data.png,data/dataset7/dataset7_CLINIC_metal_0009_data.nii.gz,258,253,114,259,254,115,377.0,373.0,autora,ok,,,
dataset7_CLINIC_metal_0010_data,outputs/r2_s1_revalidacion/dataset7_CLINIC_metal_0010_data.png,data/dataset7/dataset7_CLINIC_metal_0010_data.nii.gz,248,232,308,249,233,309,189.0,183.0,autora,+1,,,
dataset7_CLINIC_metal_0011_data,outputs/r2_s1_revalidacion/dataset7_CLINIC_metal_0011_data.png,data/dataset7/dataset7_CLINIC_metal_0011_data.nii.gz,260,259,295,261,260,296,118.0,126.0,autora,+1,,,
dataset7_CLINIC_metal_0012_data,outputs/r2_s1_revalidacion/dataset7_CLINIC_metal_0012_data.png,data/dataset7/dataset7_CLINIC_metal_0012_data.nii.gz,265,285,263,266,286,264,284.0,236.0,autora,+1,,,
dataset7_CLINIC_metal_0013_data,outputs/r2_s1_revalidacion/dataset7_CLINIC_metal_0013_data.png,data/dataset7/dataset7_CLINIC_metal_0013_data.nii.gz,267,297,256,268,298,257,367.0,349.0,autora,ok,,,
dataset7_CLINIC_metal_0014_data,outputs/r2_s1_revalidacion/dataset7_CLINIC_metal_0014_data.png,data/dataset7/dataset7_CLINIC_metal_0014_data.nii.gz,231,269,305,232,270,306,106.0,92.0,autora,+1,,,
dataset7_CLINIC_metal_0015_data,outputs/r2_s1_revalidacion/dataset7_CLINIC_metal_0015_data.png,data/dataset7/dataset7_CLINIC_metal_0015_data.nii.gz,242,336,212,243,337,213,218.0,259.0,autora,?,al explorar en ITK-SNAP parece que S1 está en realidad en (277-350-114) pero falta validar con médico,no,
dataset7_CLINIC_metal_0017_data,outputs/r2_s1_revalidacion/dataset7_CLINIC_metal_0017_data.png,data/dataset7/dataset7_CLINIC_metal_0017_data.nii.gz,265,276,286,266,277,287,283.0,313.0,autora,ok,,,
dataset7_CLINIC_metal_0018_data,outputs/r2_s1_revalidacion/dataset7_CLINIC_metal_0018_data.png,data/dataset7/dataset7_CLINIC_metal_0018_data.nii.gz,259,278,251,260,279,252,466.0,442.0,autora,ok,,,
dataset7_CLINIC_metal_0019_data,outputs/r2_s1_revalidacion/dataset7_CLINIC_metal_0019_data.png,data/dataset7/dataset7_CLINIC_metal_0019_data.nii.gz,266,366,257,267,367,258,491.0,491.0,autora,ok,aunque ligeramente cae en el pedículo,,
dataset7_CLINIC_metal_0020_data,outputs/r2_s1_revalidacion/dataset7_CLINIC_metal_0020_data.png,data/dataset7/dataset7_CLINIC_metal_0020_data.nii.gz,242,383,216,243,384,217,285.0,318.0,autora,ok,,,
dataset7_CLINIC_metal_0024_data,outputs/r2_s1_revalidacion/dataset7_CLINIC_metal_0024_data.png,data/dataset7/dataset7_CLINIC_metal_0024_data.nii.gz,255,267,230,256,268,231,96.0,96.0,autora,ok,,,
dataset7_CLINIC_metal_0025_data,outputs/r2_s1_revalidacion/dataset7_CLINIC_metal_0025_data.png,data/dataset7/dataset7_CLINIC_metal_0025_data.nii.gz,242,259,249,243,260,250,405.0,408.0,autora,ok,,,
dataset7_CLINIC_metal_0026_data,outputs/r2_s1_revalidacion/dataset7_CLINIC_metal_0026_data.png,data/dataset7/dataset7_CLINIC_metal_0026_data.nii.gz,264,242,247,265,243,248,85.0,88.0,autora,+1,,,
dataset7_CLINIC_metal_0027_data,outputs/r2_s1_revalidacion/dataset7_CLINIC_metal_0027_data.png,data/dataset7/dataset7_CLINIC_metal_0027_data.nii.gz,261,246,289,262,247,290,558.0,558.0,autora,ok,,,
dataset7_CLINIC_metal_0028_data,outputs/r2_s1_revalidacion/dataset7_CLINIC_metal_0028_data.png,data/dataset7/dataset7_CLINIC_metal_0028_data.nii.gz,245,234,261,246,235,262,647.0,600.0,autora,ok,,,
dataset7_CLINIC_metal_0029_data,outputs/r2_s1_revalidacion/dataset7_CLINIC_metal_0029_data.png,data/dataset7/dataset7_CLINIC_metal_0029_data.nii.gz,257,280,255,258,281,256,333.0,317.0,autora,ok,,,
dataset7_CLINIC_metal_0030_data,outputs/r2_s1_revalidacion/dataset7_CLINIC_metal_0030_data.png,data/dataset7/dataset7_CLINIC_metal_0030_data.nii.gz,246,280,213,247,281,214,103.0,107.0,autora,ok,,,
dataset7_CLINIC_metal_0031_data,outputs/r2_s1_revalidacion/dataset7_CLINIC_metal_0031_data.png,data/dataset7/dataset7_CLINIC_metal_0031_data.nii.gz,258,291,120,259,292,121,179.0,179.0,autora,ok,,,
dataset7_CLINIC_metal_0032_data,outputs/r2_s1_revalidacion/dataset7_CLINIC_metal_0032_data.png,data/dataset7/dataset7_CLINIC_metal_0032_data.nii.gz,252,295,231,253,296,232,603.0,600.0,autora,ok,,,
dataset7_CLINIC_metal_0033_data,outputs/r2_s1_revalidacion/dataset7_CLINIC_metal_0033_data.png,data/dataset7/dataset7_CLINIC_metal_0033_data.nii.gz,260,299,255,261,300,256,565.0,566.0,autora,ok,,,
dataset7_CLINIC_metal_0035_data,outputs/r2_s1_revalidacion/dataset7_CLINIC_metal_0035_data.png,data/dataset7/dataset7_CLINIC_metal_0035_data.nii.gz,257,320,258,258,321,259,11.0,0.0,autora,ok,está en S1 y por eso se considera pero en realidad está más en la parte lateral que en la parte superior (se sospecha que el modelo confundió la parte superior por la lateral),,
dataset7_CLINIC_metal_0037_data,outputs/r2_s1_revalidacion/dataset7_CLINIC_metal_0037_data.png,data/dataset7/dataset7_CLINIC_metal_0037_data.nii.gz,246,247,238,247,248,239,253.0,253.0,autora,ok,,,
dataset7_CLINIC_metal_0038_data,outputs/r2_s1_revalidacion/dataset7_CLINIC_metal_0038_data.png,data/dataset7/dataset7_CLINIC_metal_0038_data.nii.gz,245,229,289,246,230,290,201.0,201.0,autora,+1,,,
dataset7_CLINIC_metal_0039_data,outputs/r2_s1_revalidacion/dataset7_CLINIC_metal_0039_data.png,data/dataset7/dataset7_CLINIC_metal_0039_data.nii.gz,263,280,238,264,281,239,610.0,544.0,autora,ok,,,
dataset7_CLINIC_metal_0040_data,outputs/r2_s1_revalidacion/dataset7_CLINIC_metal_0040_data.png,data/dataset7/dataset7_CLINIC_metal_0040_data.nii.gz,265,296,280,266,297,281,482.0,523.0,autora,ok,,,
dataset7_CLINIC_metal_0041_data,outputs/r2_s1_revalidacion/dataset7_CLINIC_metal_0041_data.png,data/dataset7/dataset7_CLINIC_metal_0041_data.nii.gz,263,282,239,264,283,240,324.0,299.0,autora,ok,,,
dataset7_CLINIC_metal_0042_data,outputs/r2_s1_revalidacion/dataset7_CLINIC_metal_0042_data.png,data/dataset7/dataset7_CLINIC_metal_0042_data.nii.gz,266,361,266,267,362,267,658.0,630.0,autora,ok,,,
dataset7_CLINIC_metal_0044_data,outputs/r2_s1_revalidacion/dataset7_CLINIC_metal_0044_data.png,data/dataset7/dataset7_CLINIC_metal_0044_data.nii.gz,256,306,256,257,307,257,214.0,214.0,autora,ok,,,
dataset7_CLINIC_metal_0045_data,outputs/r2_s1_revalidacion/dataset7_CLINIC_metal_0045_data.png,data/dataset7/dataset7_CLINIC_metal_0045_data.nii.gz,259,271,71,260,272,72,319.0,319.0,autora,ok,,,
dataset7_CLINIC_metal_0046_data,outputs/r2_s1_revalidacion/dataset7_CLINIC_metal_0046_data.png,data/dataset7/dataset7_CLINIC_metal_0046_data.nii.gz,256,316,213,257,317,214,-10.0,-10.0,autora,otro,la cruz está entre la parte alta de S1 y los ligamentos sacroilíacos posteriores,,
dataset7_CLINIC_metal_0047_data,outputs/r2_s1_revalidacion/dataset7_CLINIC_metal_0047_data.png,data/dataset7/dataset7_CLINIC_metal_0047_data.nii.gz,260,307,264,261,308,265,540.0,531.0,autora,ok,,,
dataset7_CLINIC_metal_0048_data,outputs/r2_s1_revalidacion/dataset7_CLINIC_metal_0048_data.png,data/dataset7/dataset7_CLINIC_metal_0048_data.nii.gz,251,290,158,252,291,159,644.0,542.0,autora,ok,,,
dataset7_CLINIC_metal_0049_data,outputs/r2_s1_revalidacion/dataset7_CLINIC_metal_0049_data.png,data/dataset7/dataset7_CLINIC_metal_0049_data.nii.gz,255,257,262,256,258,263,149.0,149.0,autora,ok,,,
dataset7_CLINIC_metal_0050_data,outputs/r2_s1_revalidacion/dataset7_CLINIC_metal_0050_data.png,data/dataset7/dataset7_CLINIC_metal_0050_data.nii.gz,259,313,248,260,314,249,525.0,525.0,autora,ok,,,
dataset7_CLINIC_metal_0051_data,outputs/r2_s1_revalidacion/dataset7_CLINIC_metal_0051_data.png,data/dataset7/dataset7_CLINIC_metal_0051_data.nii.gz,257,256,225,258,257,226,683.0,666.0,autora,ok,,,
dataset7_CLINIC_metal_0052_data,outputs/r2_s1_revalidacion/dataset7_CLINIC_metal_0052_data.png,data/dataset7/dataset7_CLINIC_metal_0052_data.nii.gz,255,274,293,256,275,294,518.0,464.0,autora,ok,,,
dataset7_CLINIC_metal_0054_data,outputs/r2_s1_revalidacion/dataset7_CLINIC_metal_0054_data.png,data/dataset7/dataset7_CLINIC_metal_0054_data.nii.gz,268,250,315,269,251,316,457.0,423.0,autora,ok,,,
dataset7_CLINIC_metal_0055_data,outputs/r2_s1_revalidacion/dataset7_CLINIC_metal_0055_data.png,data/dataset7/dataset7_CLINIC_metal_0055_data.nii.gz,251,238,244,252,239,245,314.0,325.0,autora,ok,,,
dataset7_CLINIC_metal_0056_data,outputs/r2_s1_revalidacion/dataset7_CLINIC_metal_0056_data.png,data/dataset7/dataset7_CLINIC_metal_0056_data.nii.gz,260,280,245,261,281,246,561.0,538.0,autora,ok,,,
dataset7_CLINIC_metal_0057_data,outputs/r2_s1_revalidacion/dataset7_CLINIC_metal_0057_data.png,data/dataset7/dataset7_CLINIC_metal_0057_data.nii.gz,252,266,233,253,267,234,422.0,422.0,autora,ok,,,
dataset7_CLINIC_metal_0058_data,outputs/r2_s1_revalidacion/dataset7_CLINIC_metal_0058_data.png,data/dataset7/dataset7_CLINIC_metal_0058_data.nii.gz,267,315,315,268,316,316,200.0,200.0,autora,otro,la cruz está sobre los ligamentos sacroilíacos posteriores,,
dataset7_CLINIC_metal_0059u0071_union,outputs/r2_s1_revalidacion/dataset7_CLINIC_metal_0059u0071_union.png,data/derivados/dataset7_CLINIC_metal_0059u0071_union.nii.gz,259,251,326,260,252,327,325.0,303.0,autora,ok,,,
dataset7_CLINIC_metal_0060_data,outputs/r2_s1_revalidacion/dataset7_CLINIC_metal_0060_data.png,data/dataset7/dataset7_CLINIC_metal_0060_data.nii.gz,268,295,245,269,296,246,317.0,336.0,autora,ok,,,
dataset7_CLINIC_metal_0062_data,outputs/r2_s1_revalidacion/dataset7_CLINIC_metal_0062_data.png,data/dataset7/dataset7_CLINIC_metal_0062_data.nii.gz,257,317,258,258,318,259,441.0,469.0,autora,ok,,,
dataset7_CLINIC_metal_0063_data,outputs/r2_s1_revalidacion/dataset7_CLINIC_metal_0063_data.png,data/dataset7/dataset7_CLINIC_metal_0063_data.nii.gz,264,248,120,265,249,121,544.0,478.0,autora,ok,,,
dataset7_CLINIC_metal_0066_data,outputs/r2_s1_revalidacion/dataset7_CLINIC_metal_0066_data.png,data/dataset7/dataset7_CLINIC_metal_0066_data.nii.gz,259,286,258,260,287,259,379.0,373.0,autora,ok,,,
dataset7_CLINIC_metal_0067_data,outputs/r2_s1_revalidacion/dataset7_CLINIC_metal_0067_data.png,data/dataset7/dataset7_CLINIC_metal_0067_data.nii.gz,243,294,295,244,295,296,199.0,199.0,autora,+1,,,
dataset7_CLINIC_metal_0069_data,outputs/r2_s1_revalidacion/dataset7_CLINIC_metal_0069_data.png,data/dataset7/dataset7_CLINIC_metal_0069_data.nii.gz,255,271,258,256,272,259,557.0,514.0,autora,ok,,,
dataset7_CLINIC_metal_0070_data,outputs/r2_s1_revalidacion/dataset7_CLINIC_metal_0070_data.png,data/dataset7/dataset7_CLINIC_metal_0070_data.nii.gz,249,303,275,250,304,276,294.0,264.0,autora,ok,,,
dataset7_CLINIC_metal_0072_data,outputs/r2_s1_revalidacion/dataset7_CLINIC_metal_0072_data.png,data/dataset7/dataset7_CLINIC_metal_0072_data.nii.gz,266,293,273,267,294,274,127.0,144.0,autora,ok,,,
dataset7_CLINIC_metal_0073_data,outputs/r2_s1_revalidacion/dataset7_CLINIC_metal_0073_data.png,data/dataset7/dataset7_CLINIC_metal_0073_data.nii.gz,232,244,229,233,245,230,297.0,336.0,autora,ok,,,
