Caso,Archivo,forma_archivo,corte_sagital,corte_coronal,corte_axial,corte_sagital_1,corte_coronal_1,corte_axial_1,voxel_ijk_0,mundo_RAS_mm,mundo_LPS_mm,HU_voxel,HU_mediana_3x3x3,convencion_indices,HU_cursor,nivel_del_corte,vertebra_transicion,legible,comentario
dataset6_CLINIC_0025_data,data/dataset6/dataset6_CLINIC_0025_data.nii.gz,512 512 350,252,265,205,253,266,206,252 265 205,2.9 -7.9 492.1,-2.9 7.9 492.1,-12,8.0,,,,,,
dataset6_CLINIC_0030_data,data/dataset6/dataset6_CLINIC_0030_data.nii.gz,512 512 350,262,301,195,263,302,196,262 301 195,7.4 -40.8 -1310.2,-7.4 40.8 -1310.2,372,372.0,,,,,,
dataset6_CLINIC_0036_data,data/dataset6/dataset6_CLINIC_0036_data.nii.gz,512 512 350,274,243,181,275,244,182,274 243 181,-12.6 8.5 -581.6,12.6 -8.5 -581.6,-75,-56.0,,,,,,
dataset6_CLINIC_0044_data,data/dataset6/dataset6_CLINIC_0044_data.nii.gz,512 512 350,215,297,210,216,298,211,215 297 210,-16.9 -30.7 -1334.1,16.9 30.7 -1334.1,17,13.0,,,,,,
dataset6_CLINIC_0045_data,data/dataset6/dataset6_CLINIC_0045_data.nii.gz,512 512 350,232,271,213,233,272,214,232 271 213,15.9 -21.6 -1335.9,-15.9 21.6 -1335.9,-53,-38.0,,,,,,
dataset6_CLINIC_0050_data,data/dataset6/dataset6_CLINIC_0050_data.nii.gz,512 512 350,237,235,211,238,236,212,237 235 211,56.3 19.0 -1190.0,-56.3 -19.0 -1190.0,-6,-6.0,,,,,,
dataset6_CLINIC_0060_data,data/dataset6/dataset6_CLINIC_0060_data.nii.gz,512 512 350,253,274,139,254,275,140,253 274 139,34.0 -14.2 -419.7,-34.0 14.2 -419.7,15,10.0,,,,,,
dataset6_CLINIC_0067_data,data/dataset6/dataset6_CLINIC_0067_data.nii.gz,512 512 294,250,268,196,251,269,197,250 268 196,34.6 -9.9 1580.1,-34.6 9.9 1580.1,2,2.0,,,,,,
dataset6_CLINIC_0073_data,data/dataset6/dataset6_CLINIC_0073_data.nii.gz,512 512 350,258,274,251,259,275,252,258 274 251,14.6 -17.5 1652.2,-14.6 17.5 1652.2,21,21.0,,,,,,
dataset6_CLINIC_0077_data,data/dataset6/dataset6_CLINIC_0077_data.nii.gz,512 512 350,310,264,232,311,265,233,310 264 232,13.7 -7.2 -1645.2,-13.7 7.2 -1645.2,-121,-109.0,,,,,,
dataset6_CLINIC_0079_data,data/dataset6/dataset6_CLINIC_0079_data.nii.gz,512 512 350,260,263,278,261,264,279,260 263 278,-2.1 -5.5 -1261.4,2.1 5.5 -1261.4,24,28.0,,,,,,
dataset6_CLINIC_0086_data,data/dataset6/dataset6_CLINIC_0086_data.nii.gz,512 512 350,242,286,177,243,287,178,242 286 177,39.3 -23.5 -1515.1,-39.3 23.5 -1515.1,-60,-60.0,,,,,,
dataset6_CLINIC_0088_data,data/dataset6/dataset6_CLINIC_0088_data.nii.gz,512 512 350,269,249,223,270,250,224,269 249 223,13.5 6.0 -1352.7,-13.5 -6.0 -1352.7,-96,-96.0,,,,,,
dataset6_CLINIC_0092_data,data/dataset6/dataset6_CLINIC_0092_data.nii.gz,512 512 350,253,313,210,254,314,211,253 313 210,-5.5 -44.6 -1237.3,5.5 44.6 -1237.3,-46,-49.0,,,,,,
dataset6_CLINIC_0093_data,data/dataset6/dataset6_CLINIC_0093_data.nii.gz,512 512 350,264,274,200,265,275,201,264 274 200,-5.2 -28.7 272.8,5.2 28.7 272.8,-67,-85.0,,,,,,
dataset6_CLINIC_0100_data,data/dataset6/dataset6_CLINIC_0100_data.nii.gz,512 512 350,244,334,167,245,335,168,244 334 167,18.7 -60.3 23.2,-18.7 60.3 23.2,18,12.0,,,,,,
dataset6_CLINIC_0101_data,data/dataset6/dataset6_CLINIC_0101_data.nii.gz,512 512 300,262,278,166,263,279,167,262 278 166,9.4 -19.6 -1475.6,-9.4 19.6 -1475.6,-18,-17.0,,,,,,
dataset6_CLINIC_0103_data,data/dataset6/dataset6_CLINIC_0103_data.nii.gz,512 512 350,255,302,228,256,303,229,255 302 228,20.0 -31.8 -554.9,-20.0 31.8 -554.9,21,12.0,,,,,,
