Caso,lamina_corredor,lamina_mascaras,revisor,fractura,donde,legible,comentario
dataset6_CLINIC_0101_data,outputs/e9ts/laminas/dataset6_CLINIC_0101_data.png,outputs/ts_total_qc/laminas/dataset6_CLINIC_0101_data_planos.png,,,,,
dataset6_CLINIC_0060_data,outputs/e9ts/laminas/dataset6_CLINIC_0060_data.png,outputs/ts_total_qc/laminas/dataset6_CLINIC_0060_data_planos.png,,,,,
dataset6_CLINIC_0103_data,outputs/e9ts/laminas/dataset6_CLINIC_0103_data.png,outputs/ts_total_qc/laminas/dataset6_CLINIC_0103_data_planos.png,,,,,
dataset6_CLINIC_0027_data,outputs/e9ts/laminas/dataset6_CLINIC_0027_data.png,outputs/ts_total_qc/laminas/dataset6_CLINIC_0027_data_planos.png,,,,,
dataset6_CLINIC_0067_data,outputs/e9ts/laminas/dataset6_CLINIC_0067_data.png,outputs/ts_total_qc/laminas/dataset6_CLINIC_0067_data_planos.png,,,,,
dataset6_CLINIC_0096_data,outputs/e9ts/laminas/dataset6_CLINIC_0096_data.png,outputs/ts_total_qc/laminas/dataset6_CLINIC_0096_data_planos.png,,,,,
dataset6_CLINIC_0022_data,outputs/e9ts/laminas/dataset6_CLINIC_0022_data.png,outputs/ts_total_qc/laminas/dataset6_CLINIC_0022_data_planos.png,,,,,
dataset6_CLINIC_0031_data,outputs/e9ts/laminas/dataset6_CLINIC_0031_data.png,outputs/ts_total_qc/laminas/dataset6_CLINIC_0031_data_planos.png,,,,,
dataset6_CLINIC_0016_data,outputs/e9ts/laminas/dataset6_CLINIC_0016_data.png,outputs/ts_total_qc/laminas/dataset6_CLINIC_0016_data_planos.png,,,,,
dataset6_CLINIC_0044_data,outputs/e9ts/laminas/dataset6_CLINIC_0044_data.png,outputs/ts_total_qc/laminas/dataset6_CLINIC_0044_data_planos.png,,,,,
dataset6_CLINIC_0091_data,outputs/e9ts/laminas/dataset6_CLINIC_0091_data.png,outputs/ts_total_qc/laminas/dataset6_CLINIC_0091_data_planos.png,,,,,
dataset6_CLINIC_0056_data,outputs/e9ts/laminas/dataset6_CLINIC_0056_data.png,outputs/ts_total_qc/laminas/dataset6_CLINIC_0056_data_planos.png,,,,,
dataset6_CLINIC_0012_data,outputs/e9ts/laminas/dataset6_CLINIC_0012_data.png,outputs/ts_total_qc/laminas/dataset6_CLINIC_0012_data_planos.png,,,,,
dataset6_CLINIC_0023_data,outputs/e9ts/laminas/dataset6_CLINIC_0023_data.png,outputs/ts_total_qc/laminas/dataset6_CLINIC_0023_data_planos.png,,,,,
dataset6_CLINIC_0097_data,outputs/e9ts/laminas/dataset6_CLINIC_0097_data.png,outputs/ts_total_qc/laminas/dataset6_CLINIC_0097_data_planos.png,,,,,
dataset6_CLINIC_0093_data,outputs/e9ts/laminas/dataset6_CLINIC_0093_data.png,outputs/ts_total_qc/laminas/dataset6_CLINIC_0093_data_planos.png,,,,,
dataset6_CLINIC_0100_data,outputs/e9ts/laminas/dataset6_CLINIC_0100_data.png,outputs/ts_total_qc/laminas/dataset6_CLINIC_0100_data_planos.png,,,,,
dataset6_CLINIC_0081_data,outputs/e9ts/laminas/dataset6_CLINIC_0081_data.png,outputs/ts_total_qc/laminas/dataset6_CLINIC_0081_data_planos.png,,,,,
dataset6_CLINIC_0049_data,outputs/e9ts/laminas/dataset6_CLINIC_0049_data.png,outputs/ts_total_qc/laminas/dataset6_CLINIC_0049_data_planos.png,,,,,
dataset6_CLINIC_0001_data,outputs/e9ts/laminas/dataset6_CLINIC_0001_data.png,outputs/ts_total_qc/laminas/dataset6_CLINIC_0001_data_planos.png,,,,,
dataset6_CLINIC_0047_data,outputs/e9ts/laminas/dataset6_CLINIC_0047_data.png,outputs/ts_total_qc/laminas/dataset6_CLINIC_0047_data_planos.png,,,,,
dataset6_CLINIC_0090_data,outputs/e9ts/laminas/dataset6_CLINIC_0090_data.png,outputs/ts_total_qc/laminas/dataset6_CLINIC_0090_data_planos.png,,,,,
dataset6_CLINIC_0072_data,outputs/e9ts/laminas/dataset6_CLINIC_0072_data.png,outputs/ts_total_qc/laminas/dataset6_CLINIC_0072_data_planos.png,,,,,
dataset6_CLINIC_0079_data,outputs/e9ts/laminas/dataset6_CLINIC_0079_data.png,outputs/ts_total_qc/laminas/dataset6_CLINIC_0079_data_planos.png,,,,,
dataset6_CLINIC_0008_data,outputs/e9ts/laminas/dataset6_CLINIC_0008_data.png,outputs/ts_total_qc/laminas/dataset6_CLINIC_0008_data_planos.png,,,,,
dataset6_CLINIC_0039_data,outputs/e9ts/laminas/dataset6_CLINIC_0039_data.png,outputs/ts_total_qc/laminas/dataset6_CLINIC_0039_data_planos.png,,,,,
dataset6_CLINIC_0083_data,outputs/e9ts/laminas/dataset6_CLINIC_0083_data.png,outputs/ts_total_qc/laminas/dataset6_CLINIC_0083_data_planos.png,,,,,
dataset6_CLINIC_0042_data,outputs/e9ts/laminas/dataset6_CLINIC_0042_data.png,outputs/ts_total_qc/laminas/dataset6_CLINIC_0042_data_planos.png,,,,,
dataset6_CLINIC_0088_data,outputs/e9ts/laminas/dataset6_CLINIC_0088_data.png,outputs/ts_total_qc/laminas/dataset6_CLINIC_0088_data_planos.png,,,,,
dataset6_CLINIC_0078_data,outputs/e9ts/laminas/dataset6_CLINIC_0078_data.png,outputs/ts_total_qc/laminas/dataset6_CLINIC_0078_data_planos.png,,,,,
