Caso,grupo_oculto,D_TS_max_mm
dataset6_CLINIC_0001_data,estrecho,5.7
dataset6_CLINIC_0008_data,estrecho,4.8
dataset6_CLINIC_0016_data,estrecho,3.1
dataset6_CLINIC_0022_data,estrecho,4.7
dataset6_CLINIC_0027_data,estrecho,4.8
dataset6_CLINIC_0042_data,estrecho,5.7
dataset6_CLINIC_0044_data,estrecho,6.4
dataset6_CLINIC_0047_data,estrecho,3.6
dataset6_CLINIC_0060_data,estrecho,6.2
dataset6_CLINIC_0067_data,estrecho,5.0
dataset6_CLINIC_0072_data,estrecho,5.0
dataset6_CLINIC_0078_data,estrecho,2.2
dataset6_CLINIC_0091_data,estrecho,2.0
dataset6_CLINIC_0096_data,estrecho,6.3
dataset6_CLINIC_0097_data,estrecho,5.9
dataset6_CLINIC_0012_data,control,9.6
dataset6_CLINIC_0023_data,control,13.6
dataset6_CLINIC_0031_data,control,10.9
dataset6_CLINIC_0039_data,control,12.8
dataset6_CLINIC_0049_data,control,10.9
dataset6_CLINIC_0056_data,control,12.5
dataset6_CLINIC_0079_data,control,12.1
dataset6_CLINIC_0081_data,control,9.9
dataset6_CLINIC_0083_data,control,9.0
dataset6_CLINIC_0088_data,control,10.7
dataset6_CLINIC_0090_data,control,10.2
dataset6_CLINIC_0093_data,control,8.6
dataset6_CLINIC_0100_data,control,13.3
dataset6_CLINIC_0101_data,control,10.6
dataset6_CLINIC_0103_data,control,7.5
