Caso,estructura,F_limpieza,vox_quitados_robust3mm,vox_quitados_default6mm,x_min_mm_robust3mm,x_max_mm_robust3mm,y_min_mm_robust3mm,y_max_mm_robust3mm,z_min_mm_robust3mm,z_max_mm_robust3mm,x_min_mm_default6mm,x_max_mm_default6mm,y_min_mm_default6mm,y_max_mm_default6mm,z_min_mm_default6mm,z_max_mm_default6mm,dif_caja_3v6_max_mm,dif_ts_qc,coincide
dataset6_CLINIC_0001_data,sacrum,0.0,0,0,143.1,268.2,104.8,177.5,59.9,200.5,143.1,268.2,104.8,177.5,59.9,200.5,0.0,0.0,True
dataset6_CLINIC_0001_data,vertebrae_S1,0.0,0,0,174.4,235.4,111.8,163.4,153.4,194.1,174.4,235.4,111.8,164.2,155.0,194.9,1.6,1.6,True
dataset6_CLINIC_0001_data,hip_left,0.0,0,0,59.4,199.4,108.7,252.6,12.0,202.1,58.7,199.4,108.7,251.8,12.0,200.5,1.6,1.6,True
dataset6_CLINIC_0001_data,hip_right,0.0,0,0,200.2,340.2,119.6,259.6,19.2,214.1,201.8,341.0,119.6,260.4,19.2,214.1,1.6,1.6,True
dataset6_CLINIC_0002_data,sacrum,0.0,0,0,141.4,257.8,62.5,159.4,79.2,192.8,140.6,257.8,62.5,159.4,79.2,192.0,0.8,0.8,True
dataset6_CLINIC_0002_data,vertebrae_S1,0.0,0,0,169.5,227.3,111.7,166.4,148.8,189.6,169.5,227.3,111.7,166.4,148.8,188.8,0.8,0.8,True
dataset6_CLINIC_0002_data,hip_left,0.0,0,0,71.9,197.7,98.4,221.1,16.0,209.6,71.9,198.4,98.4,221.9,16.0,210.4,0.8,0.8,True
dataset6_CLINIC_0002_data,hip_right,0.0,0,0,200.0,321.9,92.2,216.4,20.8,216.8,199.2,321.9,92.2,216.4,19.2,216.0,1.6,1.6,True
dataset6_CLINIC_0003_data,sacrum,0.0,0,0,161.1,276.0,107.9,193.9,76.9,205.9,161.1,276.0,107.9,193.9,76.9,206.7,0.8,0.8,True
dataset6_CLINIC_0003_data,vertebrae_S1,0.0,0,0,188.5,244.8,131.4,198.6,165.0,205.9,188.5,244.8,131.4,197.1,164.2,206.7,1.6,1.6,True
dataset6_CLINIC_0003_data,hip_left,0.0,0,0,83.7,223.7,126.7,258.1,38.4,234.7,82.9,223.7,127.5,257.3,38.4,233.9,0.8,0.8,True
dataset6_CLINIC_0003_data,hip_right,0.0,0,0,229.1,345.6,124.3,257.3,30.4,233.1,229.1,345.6,124.3,257.3,30.4,233.9,0.8,0.8,True
dataset6_CLINIC_0004_data,sacrum,0.0,0,0,155.1,270.0,61.7,155.8,60.0,203.2,155.8,270.8,60.9,155.8,60.0,203.2,0.8,0.8,True
dataset6_CLINIC_0004_data,vertebrae_S1,0.0,0,0,179.8,244.6,105.7,158.9,164.0,209.6,179.8,243.8,105.7,158.9,163.2,208.8,0.8,0.8,True
dataset6_CLINIC_0004_data,hip_left,0.0,0,0,87.9,219.1,79.5,220.6,12.0,215.2,87.9,219.1,78.7,220.6,12.0,215.2,0.8,0.8,True
dataset6_CLINIC_0004_data,hip_right,0.0,0,0,223.0,339.5,82.5,217.6,12.8,220.0,223.0,339.5,81.8,216.0,12.8,220.8,1.5,1.5,True
dataset6_CLINIC_0005_data,sacrum,0.0,0,0,108.6,225.0,146.9,222.7,68.8,201.6,108.6,225.0,146.9,222.7,68.8,201.6,0.0,0.0,True
dataset6_CLINIC_0005_data,vertebrae_S1,0.0,0,0,134.4,196.9,171.9,232.8,158.4,206.4,134.4,196.9,173.4,232.8,158.4,205.6,1.6,1.6,True
dataset6_CLINIC_0005_data,hip_left,0.0,0,0,32.0,174.2,166.4,294.5,16.0,208.8,32.0,174.2,166.4,294.5,16.0,208.8,0.0,0.0,True
dataset6_CLINIC_0005_data,hip_right,0.0,0,0,176.6,309.4,158.6,289.1,20.8,213.6,176.6,308.6,158.6,289.1,20.8,213.6,0.8,0.8,True
dataset6_CLINIC_0006_data,sacrum,0.0,0,0,195.2,316.2,171.8,261.6,83.2,222.4,197.2,316.2,171.8,264.5,82.4,221.6,2.9,2.9,True
dataset6_CLINIC_0006_data,vertebrae_S1,0.0,0,0,222.5,288.9,206.9,265.5,180.0,225.6,222.5,288.9,206.9,266.4,180.0,225.6,1.0,1.0,True
dataset6_CLINIC_0006_data,hip_left,0.0,0,0,122.0,252.8,193.2,333.8,42.4,245.6,122.0,252.8,193.2,332.8,41.6,245.6,1.0,1.0,True
dataset6_CLINIC_0006_data,hip_right,0.0,0,0,249.9,397.2,179.6,320.1,28.8,225.6,249.9,397.2,179.6,320.1,29.6,225.6,0.8,0.8,True
dataset6_CLINIC_0007_data,sacrum,0.0,0,0,153.5,281.0,120.2,214.4,75.1,227.7,153.5,280.1,121.0,214.4,75.1,230.9,3.2,3.2,True
dataset6_CLINIC_0007_data,vertebrae_S1,0.0,0,0,180.3,246.0,145.3,219.2,175.8,224.5,181.1,246.0,145.3,217.6,175.8,224.5,1.6,1.6,True
dataset6_CLINIC_0007_data,hip_left,0.0,0,0,65.0,211.1,129.1,277.7,24.0,241.3,64.1,211.1,128.3,277.7,24.0,241.3,0.8,0.8,True
dataset6_CLINIC_0007_data,hip_right,0.0,0,0,222.5,367.8,142.9,286.6,29.6,256.5,222.5,368.6,142.1,286.6,29.6,256.5,0.8,0.8,True
dataset6_CLINIC_0008_data,sacrum,0.0,0,0,202.8,321.0,164.3,258.5,81.7,213.1,203.7,320.0,164.3,260.4,83.3,213.1,1.9,1.9,True
dataset6_CLINIC_0008_data,vertebrae_S1,0.0,0,0,234.5,289.3,208.5,266.2,169.0,213.1,235.4,288.3,207.6,266.2,169.0,213.1,1.0,1.0,True
dataset6_CLINIC_0008_data,hip_left,0.0,0,0,143.2,265.2,179.7,306.6,52.9,247.5,143.2,266.2,178.7,307.5,52.9,247.5,1.0,1.0,True
dataset6_CLINIC_0008_data,hip_right,0.0,0,0,261.4,397.9,191.2,308.5,35.2,226.7,262.4,396.9,191.2,308.5,35.2,226.7,1.0,1.0,True
dataset6_CLINIC_0009_data,sacrum,0.0,0,0,155.9,276.6,107.7,212.2,101.6,252.8,155.0,277.4,106.9,204.0,101.6,253.6,8.2,8.2,True
dataset6_CLINIC_0009_data,vertebrae_S1,0.0,0,0,177.9,248.1,129.7,216.2,196.0,258.4,178.7,247.2,128.1,216.2,196.0,256.8,1.6,1.6,True
dataset6_CLINIC_0009_data,hip_left,0.0,0,0,72.6,233.4,120.8,253.8,45.6,244.8,72.6,233.4,120.8,253.8,45.6,244.8,0.0,0.0,True
dataset6_CLINIC_0009_data,hip_right,0.0,0,0,229.3,356.6,127.3,261.1,62.4,276.8,228.5,355.0,126.5,261.9,62.4,276.8,1.6,1.6,True
dataset6_CLINIC_0010_data,sacrum,0.0,0,0,180.8,295.6,123.8,207.0,116.6,274.8,179.9,295.6,123.8,204.3,116.6,274.8,2.7,2.7,True
dataset6_CLINIC_0010_data,vertebrae_S1,0.0,0,0,208.8,273.9,144.6,211.5,230.1,278.8,207.9,274.8,143.7,211.5,230.1,278.8,0.9,0.9,True
dataset6_CLINIC_0010_data,hip_left,0.0,0,0,97.6,233.2,137.4,276.6,89.5,278.8,97.6,232.3,137.4,274.8,89.5,278.8,1.8,1.8,True
dataset6_CLINIC_0010_data,hip_right,0.0,0,0,234.1,370.6,131.1,276.6,86.3,278.8,233.2,368.8,132.0,276.6,86.3,278.8,1.8,1.8,True
dataset6_CLINIC_0011_data,sacrum,0.0,0,0,136.5,258.8,126.2,215.4,129.6,279.2,138.9,258.0,126.2,217.0,128.8,279.2,2.4,2.4,True
dataset6_CLINIC_0011_data,vertebrae_S1,0.0,0,0,168.1,227.2,150.7,220.1,242.4,279.2,168.8,228.0,150.7,220.1,243.2,279.2,0.8,0.8,True
dataset6_CLINIC_0011_data,hip_left,0.0,0,0,78.1,209.9,144.4,301.4,85.6,279.2,78.9,209.1,144.4,301.4,85.6,279.2,0.8,0.8,True
dataset6_CLINIC_0011_data,hip_right,0.0,0,0,207.5,344.8,129.4,274.6,82.4,279.2,206.7,344.0,129.4,274.6,82.4,279.2,0.8,0.8,True
dataset6_CLINIC_0012_data,sacrum,0.0,0,0,197.2,311.3,137.6,222.5,79.1,213.3,197.2,311.3,137.6,222.5,79.1,213.3,0.0,0.0,True
dataset6_CLINIC_0012_data,vertebrae_S1,0.0,0,0,231.3,283.0,167.9,232.3,164.6,214.9,231.3,283.0,167.9,233.3,164.6,214.9,1.0,1.0,True
dataset6_CLINIC_0012_data,hip_left,0.0,0,0,114.2,248.9,157.1,303.5,20.8,231.7,114.2,249.9,157.1,302.6,20.8,231.7,1.0,1.0,True
dataset6_CLINIC_0012_data,hip_right,0.0,0,0,249.9,397.2,154.2,301.6,12.0,223.7,249.9,397.2,154.2,300.6,12.0,223.7,1.0,1.0,True
dataset6_CLINIC_0013_data,sacrum,0.0,0,0,191.3,298.7,191.3,277.2,76.0,222.4,191.3,298.7,192.3,277.2,76.8,223.2,1.0,1.0,True
dataset6_CLINIC_0013_data,vertebrae_S1,0.0,0,0,218.6,276.2,221.6,285.0,185.6,228.8,218.6,274.3,222.5,285.0,186.4,228.8,2.0,2.0,True
dataset6_CLINIC_0013_data,hip_left,0.0,0,0,111.3,241.1,200.1,319.2,33.6,240.8,111.3,241.1,200.1,319.2,32.8,240.8,0.8,0.8,True
dataset6_CLINIC_0013_data,hip_right,0.0,0,0,269.4,399.2,203.0,325.0,12.8,242.4,269.4,393.3,204.0,325.0,34.4,242.4,21.6,21.6,True
dataset6_CLINIC_0014_data,sacrum,0.0,0,0,116.5,226.8,135.3,224.4,70.4,220.0,116.5,226.8,135.3,224.4,70.4,220.0,0.0,0.0,True
dataset6_CLINIC_0014_data,vertebrae_S1,0.0,0,0,143.1,199.4,178.3,229.1,183.2,223.2,143.9,200.2,178.3,229.1,183.2,223.2,0.8,0.8,True
dataset6_CLINIC_0014_data,hip_left,0.0,0,0,68.0,189.2,161.9,291.7,55.2,233.6,68.8,189.2,161.9,292.5,55.2,233.6,0.8,0.8,True
dataset6_CLINIC_0014_data,hip_right,0.0,0,0,191.6,305.0,160.3,271.4,43.2,228.8,190.0,304.2,160.3,271.4,43.2,228.8,1.6,1.6,True
dataset6_CLINIC_0015_data,sacrum,0.0,0,0,164.9,291.8,158.1,244.0,71.9,219.7,164.0,291.8,159.1,250.8,71.9,219.7,6.8,6.8,True
dataset6_CLINIC_0015_data,vertebrae_S1,0.0,0,0,203.0,256.7,185.4,251.8,166.2,209.3,203.0,256.7,184.5,250.8,166.2,207.7,1.6,1.6,True
dataset6_CLINIC_0015_data,hip_left,0.0,0,0,83.0,237.2,180.6,309.4,25.6,240.5,83.0,237.2,179.6,309.4,25.6,240.5,1.0,1.0,True
dataset6_CLINIC_0015_data,hip_right,0.0,0,0,238.1,373.8,171.8,307.4,22.4,231.7,238.1,373.8,170.8,308.4,22.4,231.7,1.0,1.0,True
dataset6_CLINIC_0016_data,sacrum,0.0,0,0,138.4,247.1,122.8,200.2,83.3,221.1,139.2,246.3,122.8,203.3,83.3,220.3,3.1,3.1,True
dataset6_CLINIC_0016_data,vertebrae_S1,0.0,0,0,164.2,226.0,146.2,210.4,182.6,224.3,164.2,226.8,146.2,210.4,183.4,223.5,0.8,0.8,True
dataset6_CLINIC_0016_data,hip_left,0.0,0,0,55.5,183.8,134.5,263.5,33.6,236.3,56.3,184.6,134.5,262.8,33.6,235.5,0.8,0.8,True
dataset6_CLINIC_0016_data,hip_right,0.0,0,0,186.1,332.4,129.8,264.3,30.4,231.5,186.9,332.4,129.8,264.3,30.4,232.3,0.8,0.8,True
dataset6_CLINIC_0017_data,sacrum,0.0,0,0,198.7,316.0,154.2,252.6,56.7,200.5,198.7,316.9,155.1,253.5,56.7,200.5,0.9,0.9,True
dataset6_CLINIC_0017_data,vertebrae_S1,0.0,0,0,228.0,284.7,200.6,262.0,153.4,202.1,228.9,284.7,200.6,261.1,153.4,202.1,0.9,0.9,True
dataset6_CLINIC_0017_data,hip_left,0.0,0,0,97.4,241.2,189.2,317.9,36.0,232.5,98.4,241.2,188.3,318.8,36.0,232.5,0.9,0.9,True
dataset6_CLINIC_0017_data,hip_right,0.0,0,0,242.2,394.5,187.3,323.5,12.0,211.7,242.2,394.5,186.4,323.5,12.0,211.7,0.9,0.9,True
dataset6_CLINIC_0018_data,sacrum,0.0,0,0,180.6,301.6,155.2,241.1,92.9,264.3,180.6,301.6,155.2,240.1,92.9,265.9,1.6,1.6,True
dataset6_CLINIC_0018_data,vertebrae_S1,0.0,0,0,212.8,274.3,186.4,250.8,203.5,258.7,212.8,274.3,186.4,250.8,203.5,258.7,0.0,0.0,True
dataset6_CLINIC_0018_data,hip_left,0.0,0,0,107.4,251.8,165.9,310.4,62.5,287.6,107.4,251.8,165.9,309.4,60.9,287.6,1.6,1.6,True
dataset6_CLINIC_0018_data,hip_right,0.0,0,0,249.9,385.5,162.0,312.3,40.1,261.9,249.9,385.5,163.0,311.3,38.4,261.9,1.6,1.6,True
dataset6_CLINIC_0019_data,sacrum,0.0,0,0,144.5,267.2,132.0,228.9,126.4,256.0,145.3,266.4,131.2,229.7,125.6,256.8,0.8,0.8,True
dataset6_CLINIC_0019_data,vertebrae_S1,0.0,0,0,175.8,233.6,168.0,236.7,213.6,256.0,176.6,234.4,168.0,235.9,214.4,255.2,0.8,0.8,True
dataset6_CLINIC_0019_data,hip_left,0.0,0,0,60.2,207.0,154.7,292.2,60.0,268.0,60.9,207.8,153.9,291.4,60.8,268.8,0.8,0.8,True
dataset6_CLINIC_0019_data,hip_right,0.0,0,0,207.8,344.5,160.2,303.9,65.6,272.8,208.6,344.5,160.2,303.9,64.8,273.6,0.8,0.8,True
dataset6_CLINIC_0020_data,sacrum,0.0,0,0,137.6,265.9,108.7,189.2,80.9,215.5,136.9,265.9,108.7,190.8,82.5,215.5,1.6,1.6,True
dataset6_CLINIC_0020_data,vertebrae_S1,0.0,0,0,168.9,231.5,136.1,197.1,166.6,212.3,168.9,231.5,136.1,197.1,166.6,212.3,0.0,0.0,True
dataset6_CLINIC_0020_data,hip_left,0.0,0,0,61.0,195.5,124.3,269.8,28.0,225.9,60.2,194.7,125.9,269.0,28.0,225.9,1.6,1.6,True
dataset6_CLINIC_0020_data,hip_right,0.0,0,0,197.1,351.1,122.8,269.8,41.7,237.9,197.1,351.1,122.8,269.0,41.7,237.9,0.8,0.8,True
dataset6_CLINIC_0021_data,sacrum,0.0,0,0,126.0,241.1,91.2,183.9,98.4,240.8,125.3,240.4,91.9,183.9,98.4,240.8,0.7,0.7,True
dataset6_CLINIC_0021_data,vertebrae_S1,0.0,0,0,151.3,213.6,138.3,193.3,204.0,247.2,151.3,213.6,139.0,192.6,204.0,247.2,0.7,0.7,True
dataset6_CLINIC_0021_data,hip_left,0.0,0,0,70.2,194.8,112.2,252.7,62.4,251.2,69.5,194.0,113.7,253.4,62.4,251.2,1.4,1.4,True
dataset6_CLINIC_0021_data,hip_right,0.0,0,0,196.9,305.5,109.3,241.1,52.0,256.0,196.2,304.8,110.0,241.1,52.0,254.4,1.6,1.6,True
dataset6_CLINIC_0022_data,sacrum,0.0,0,0,96.2,280.7,122.8,229.1,74.4,220.0,174.4,280.7,122.8,206.4,74.4,219.2,78.2,78.2,True
dataset6_CLINIC_0022_data,vertebrae_S1,0.0,0,0,198.6,258.1,150.9,221.3,161.6,232.0,190.8,259.6,150.9,221.3,161.6,232.0,7.8,7.8,True
dataset6_CLINIC_0022_data,hip_left,0.0,0,0,97.8,223.7,137.6,265.1,31.2,230.4,97.0,223.7,137.6,265.1,30.4,230.4,0.8,0.8,True
dataset6_CLINIC_0022_data,hip_right,0.0,0,0,229.9,355.8,139.2,272.1,43.2,242.4,228.3,355.0,139.2,272.9,44.0,242.4,1.6,1.6,True
dataset6_CLINIC_0023_data,sacrum,0.0,0,0,203.9,323.1,151.5,259.2,96.1,246.7,202.0,323.1,152.5,259.2,95.3,246.7,1.9,1.9,True
dataset6_CLINIC_0023_data,vertebrae_S1,0.0,0,0,233.5,295.4,190.6,264.9,184.2,239.5,233.5,295.4,189.6,264.0,184.2,239.5,1.0,1.0,True
dataset6_CLINIC_0023_data,hip_left,0.0,0,0,115.3,258.3,170.6,317.3,29.6,254.7,115.3,258.3,170.6,318.3,29.6,254.7,1.0,1.0,True
dataset6_CLINIC_0023_data,hip_right,0.0,0,0,259.2,407.9,172.5,331.6,36.8,269.1,259.2,408.8,171.5,331.6,38.4,269.1,1.6,1.6,True
dataset6_CLINIC_0024_data,sacrum,0.0,0,0,158.6,282.7,138.8,231.0,78.4,234.4,159.5,281.0,138.8,231.0,77.6,234.4,1.7,1.7,True
dataset6_CLINIC_0024_data,vertebrae_S1,0.0,0,0,188.8,248.3,175.0,247.4,163.2,232.8,189.6,248.3,177.6,247.4,163.2,234.4,2.6,2.6,True
dataset6_CLINIC_0024_data,hip_left,0.0,0,0,79.3,204.3,151.7,285.3,30.4,254.4,80.2,205.2,152.6,287.0,30.4,254.4,1.7,1.7,True
dataset6_CLINIC_0024_data,hip_right,0.0,0,0,204.3,382.7,157.7,288.8,18.4,248.0,204.3,381.9,158.6,287.9,18.4,248.0,0.9,0.9,True
dataset6_CLINIC_0025_data,sacrum,0.0,0,0,157.3,270.4,128.1,218.8,80.8,215.2,156.4,270.4,128.1,219.7,80.8,215.2,0.8,0.8,True
dataset6_CLINIC_0025_data,vertebrae_S1,0.0,0,0,187.2,240.5,159.8,223.8,163.2,208.8,186.4,241.3,158.9,223.8,163.2,210.4,1.6,1.6,True
dataset6_CLINIC_0025_data,hip_left,0.0,0,0,67.4,225.5,138.9,277.9,36.8,239.2,67.4,226.3,138.9,277.1,37.6,239.2,0.8,0.8,True
dataset6_CLINIC_0025_data,hip_right,0.0,0,0,228.0,357.8,143.1,283.7,32.8,248.0,228.8,357.8,143.1,284.6,31.2,248.0,1.6,1.6,True
dataset6_CLINIC_0026_data,sacrum,0.0,0,0,181.1,284.8,137.7,219.3,90.3,230.9,179.4,285.6,136.9,219.3,90.3,230.9,1.7,1.7,True
dataset6_CLINIC_0026_data,vertebrae_S1,0.0,0,0,203.2,261.0,159.8,232.9,183.8,237.3,203.2,261.0,161.5,232.9,183.8,237.3,1.7,1.7,True
dataset6_CLINIC_0026_data,hip_left,0.0,0,0,104.6,225.3,150.5,289.9,52.7,258.1,104.6,225.3,150.5,289.9,52.7,258.1,0.0,0.0,True
dataset6_CLINIC_0026_data,hip_right,0.0,0,0,227.8,363.0,144.5,280.5,49.5,250.9,226.1,363.8,144.5,280.5,49.5,250.9,1.7,1.7,True
dataset6_CLINIC_0027_data,sacrum,0.0,0,0,186.3,306.0,113.8,197.3,59.9,224.5,185.5,305.2,114.6,197.3,61.5,224.5,1.6,1.6,True
dataset6_CLINIC_0027_data,vertebrae_S1,0.0,0,0,211.6,277.3,137.4,204.8,171.0,226.1,212.4,276.5,138.3,204.8,171.0,226.1,0.8,0.8,True
dataset6_CLINIC_0027_data,hip_left,0.0,0,0,107.1,231.8,125.6,257.1,16.0,226.1,107.9,231.8,126.4,257.1,16.0,226.1,0.8,0.8,True
dataset6_CLINIC_0027_data,hip_right,0.0,0,0,252.9,376.0,129.0,258.8,28.0,238.1,252.9,376.8,128.1,258.8,28.0,238.1,0.8,0.8,True
dataset6_CLINIC_0028_data,sacrum,0.0,0,0,157.0,280.6,147.6,238.5,100.1,263.5,157.0,279.7,147.6,236.8,101.7,263.5,1.7,1.7,True
dataset6_CLINIC_0028_data,vertebrae_S1,0.0,0,0,185.3,248.8,171.6,248.0,209.9,261.9,186.2,249.7,173.3,248.8,209.9,261.9,1.7,1.7,True
dataset6_CLINIC_0028_data,hip_left,0.0,0,0,79.8,222.2,161.3,305.4,65.7,279.6,80.7,222.2,160.4,304.6,65.7,279.6,0.9,0.9,True
dataset6_CLINIC_0028_data,hip_right,0.0,0,0,227.4,362.1,159.6,303.7,74.5,279.6,228.2,361.2,160.4,302.9,74.5,279.6,0.9,0.9,True
dataset6_CLINIC_0029_data,sacrum,0.0,0,0,122.0,245.5,93.8,179.1,79.9,224.5,120.4,246.3,94.6,180.6,79.9,224.5,1.6,1.6,True
dataset6_CLINIC_0029_data,vertebrae_S1,0.0,0,0,159.5,214.3,122.0,186.1,182.2,227.7,143.1,212.7,121.2,185.3,182.2,229.3,16.4,16.4,True
dataset6_CLINIC_0029_data,hip_left,0.0,0,0,36.8,183.0,108.7,247.9,30.4,254.9,38.3,183.0,109.5,247.9,30.4,254.9,1.6,1.6,True
dataset6_CLINIC_0029_data,hip_right,0.0,0,0,185.3,336.3,111.8,245.5,25.6,239.7,185.3,336.3,112.6,244.8,25.6,239.7,0.8,0.8,True
dataset6_CLINIC_0030_data,sacrum,0.0,0,0,167.6,284.2,141.2,217.7,62.5,207.5,167.6,284.2,141.2,218.6,62.5,207.5,0.9,0.9,True
dataset6_CLINIC_0030_data,vertebrae_S1,0.0,0,0,195.9,255.1,162.2,223.2,158.6,205.1,197.7,254.2,162.2,223.2,158.6,205.1,1.8,1.8,True
dataset6_CLINIC_0030_data,hip_left,0.0,0,0,93.8,234.1,153.0,292.4,20.0,224.3,95.7,234.1,153.0,292.4,20.0,224.3,1.8,1.8,True
dataset6_CLINIC_0030_data,hip_right,0.0,0,0,235.0,365.3,147.6,287.9,20.0,225.9,235.0,365.3,148.5,287.9,20.0,225.9,0.9,0.9,True
dataset6_CLINIC_0031_data,sacrum,0.0,0,0,150.3,263.9,146.1,245.5,88.9,229.1,150.3,263.9,145.3,247.2,89.7,230.7,1.7,1.7,True
dataset6_CLINIC_0031_data,vertebrae_S1,0.0,0,0,177.9,240.5,182.0,254.7,179.4,229.1,177.9,240.5,182.9,254.7,180.2,229.1,0.8,0.8,True
dataset6_CLINIC_0031_data,hip_left,0.0,0,0,54.3,192.0,176.2,308.9,35.2,256.3,52.6,192.0,177.0,308.9,35.2,256.3,1.7,1.7,True
dataset6_CLINIC_0031_data,hip_right,0.0,0,0,194.6,345.7,172.0,305.6,23.2,239.5,194.6,345.7,171.2,305.6,23.2,241.1,1.6,1.6,True
dataset6_CLINIC_0032_data,sacrum,0.0,0,0,105.2,229.7,56.1,140.5,65.6,222.4,106.6,230.4,54.7,139.8,67.2,222.4,1.6,1.6,True
dataset6_CLINIC_0032_data,vertebrae_S1,0.0,0,0,132.9,193.8,74.0,148.1,156.0,201.6,132.2,197.2,76.1,147.4,156.0,215.2,13.6,13.6,True
dataset6_CLINIC_0032_data,hip_left,0.0,0,0,42.2,159.2,69.2,196.5,26.4,224.0,41.5,158.5,69.9,197.2,26.4,224.0,0.7,0.7,True
dataset6_CLINIC_0032_data,hip_right,0.0,0,0,182.0,306.6,72.0,202.1,50.4,240.8,182.0,307.2,71.3,202.8,50.4,240.8,0.7,0.7,True
dataset6_CLINIC_0033_data,sacrum,0.0,0,0,164.2,286.0,114.8,205.7,84.8,252.8,164.2,286.0,115.6,208.3,84.8,252.8,2.6,2.6,True
dataset6_CLINIC_0033_data,vertebrae_S1,0.0,0,0,188.9,254.2,143.9,220.7,199.2,255.2,188.0,254.2,143.0,220.7,199.2,253.6,1.6,1.6,True
dataset6_CLINIC_0033_data,hip_left,0.0,0,0,88.3,252.5,137.7,293.1,39.2,249.6,87.4,253.4,138.6,293.1,40.8,249.6,1.6,1.6,True
dataset6_CLINIC_0033_data,hip_right,0.0,0,0,250.7,372.5,125.4,271.9,56.0,278.4,250.7,373.4,126.2,271.9,56.0,278.4,0.9,0.9,True
dataset6_CLINIC_0034_data,sacrum,0.0,0,0,144.6,269.9,69.5,161.6,80.0,223.2,144.6,269.1,68.7,164.0,80.0,223.2,2.4,2.4,True
dataset6_CLINIC_0034_data,vertebrae_S1,0.0,0,0,172.9,240.0,106.7,173.7,171.2,224.8,172.1,239.2,105.8,172.9,172.0,224.8,0.8,0.8,True
dataset6_CLINIC_0034_data,hip_left,0.0,0,0,63.8,194.7,90.5,228.7,22.4,236.8,62.2,193.9,89.7,230.3,22.4,236.8,1.6,1.6,True
dataset6_CLINIC_0034_data,hip_right,0.0,0,0,195.5,340.2,82.4,226.2,28.8,241.6,196.3,341.0,82.4,227.0,28.8,240.0,1.6,1.6,True
dataset6_CLINIC_0035_data,sacrum,0.0,0,0,146.2,261.2,95.4,177.5,73.7,203.5,145.5,260.4,94.6,179.1,73.7,203.5,1.6,1.6,True
dataset6_CLINIC_0035_data,vertebrae_S1,0.0,0,0,177.5,228.3,123.6,184.6,154.6,196.3,176.7,229.1,122.8,185.3,154.6,196.3,0.8,0.8,True
dataset6_CLINIC_0035_data,hip_left,0.0,0,0,71.9,191.6,110.3,231.5,16.0,212.3,71.2,192.4,109.5,231.5,16.0,212.3,0.8,0.8,True
dataset6_CLINIC_0035_data,hip_right,0.0,0,0,192.4,330.0,116.5,243.2,26.4,213.9,191.6,329.2,115.0,244.0,26.4,213.9,1.6,1.6,True
dataset6_CLINIC_0036_data,sacrum,0.0,0,0,105.3,214.0,120.3,190.0,73.6,209.6,104.6,214.0,120.3,188.7,74.4,210.4,1.4,1.4,True
dataset6_CLINIC_0036_data,vertebrae_S1,0.0,0,0,127.8,188.7,133.3,198.9,169.6,216.0,127.1,186.6,132.6,198.9,170.4,215.2,2.1,2.1,True
dataset6_CLINIC_0036_data,hip_left,0.0,0,0,46.5,183.9,131.9,270.0,42.4,223.2,45.8,183.9,132.6,270.0,43.2,222.4,0.8,0.8,True
dataset6_CLINIC_0036_data,hip_right,0.0,0,0,183.2,281.6,116.9,253.6,42.4,236.8,183.2,280.3,117.6,252.9,43.2,236.0,1.4,1.4,True
dataset6_CLINIC_0037_data,sacrum,0.0,0,0,158.2,264.8,125.2,198.0,72.8,211.2,157.4,265.6,125.2,198.0,74.4,211.2,1.6,1.6,True
dataset6_CLINIC_0037_data,vertebrae_S1,0.0,0,0,186.1,241.1,142.1,201.3,162.4,202.4,185.3,242.0,142.1,201.3,162.4,204.0,1.6,1.6,True
dataset6_CLINIC_0037_data,hip_left,0.0,0,0,69.4,198.0,132.8,285.1,24.8,217.6,70.2,196.3,132.8,285.9,24.8,217.6,1.7,1.7,True
dataset6_CLINIC_0037_data,hip_right,0.0,0,0,198.8,345.2,121.0,275.0,32.0,228.0,197.1,345.2,121.8,275.0,32.0,228.0,1.7,1.7,True
dataset6_CLINIC_0038_data,sacrum,0.0,0,0,167.6,291.2,152.3,244.6,83.9,232.5,167.6,292.1,152.3,246.4,84.7,232.5,1.8,1.8,True
dataset6_CLINIC_0038_data,vertebrae_S1,0.0,0,0,197.1,258.0,188.2,253.6,187.0,230.9,198.0,258.9,187.3,252.7,187.0,230.9,0.9,0.9,True
dataset6_CLINIC_0038_data,hip_left,0.0,0,0,79.7,231.2,175.6,319.9,40.7,247.7,80.6,230.3,176.5,319.0,40.7,247.7,0.9,0.9,True
dataset6_CLINIC_0038_data,hip_right,0.0,0,0,233.9,373.6,175.6,311.8,37.6,246.1,233.9,372.7,174.7,310.9,37.6,246.1,0.9,0.9,True
dataset6_CLINIC_0039_data,sacrum,0.0,0,0,229.2,342.1,231.4,328.5,90.4,248.0,229.2,342.1,232.6,330.8,91.2,248.0,2.3,2.3,True
dataset6_CLINIC_0039_data,vertebrae_S1,0.0,0,0,259.7,316.1,272.1,337.6,197.6,248.0,259.7,316.1,273.2,336.4,198.4,248.0,1.1,1.1,True
dataset6_CLINIC_0039_data,hip_left,0.0,0,0,143.4,286.8,249.5,369.2,56.0,275.2,144.5,286.8,250.6,369.2,56.8,275.2,1.1,1.1,True
dataset6_CLINIC_0039_data,hip_right,0.0,0,0,287.9,443.7,263.1,365.8,45.6,254.4,287.9,444.8,264.2,364.7,44.8,252.8,1.6,1.6,True
dataset6_CLINIC_0040_data,sacrum,0.0,0,0,155.6,261.2,103.2,177.5,63.1,214.1,155.6,261.2,103.2,176.0,63.1,215.7,1.6,1.6,True
dataset6_CLINIC_0040_data,vertebrae_S1,0.0,0,0,179.1,232.3,128.2,183.8,163.8,214.1,179.1,232.3,128.2,183.8,163.8,214.1,0.0,0.0,True
dataset6_CLINIC_0040_data,hip_left,0.0,0,0,82.9,212.7,115.0,251.0,49.5,247.7,82.9,212.7,115.0,251.0,49.5,246.1,1.6,1.6,True
dataset6_CLINIC_0040_data,hip_right,0.0,0,0,211.9,341.0,113.4,245.5,32.8,238.9,211.9,342.5,113.4,245.5,32.8,238.1,1.6,1.6,True
dataset6_CLINIC_0041_data,sacrum,0.0,0,0,127.9,242.4,142.1,224.4,67.2,188.8,127.9,242.4,142.9,222.2,67.2,188.8,2.2,2.2,True
dataset6_CLINIC_0041_data,vertebrae_S1,0.0,0,0,157.1,207.2,169.1,228.9,147.2,188.8,157.1,207.2,169.8,229.7,148.8,188.8,1.6,1.6,True
dataset6_CLINIC_0041_data,hip_left,0.0,0,0,39.6,190.8,154.1,299.2,12.0,212.8,39.6,190.8,154.8,300.0,12.0,211.2,1.6,1.6,True
dataset6_CLINIC_0041_data,hip_right,0.0,0,0,193.0,332.1,152.6,291.7,13.6,212.8,193.0,332.1,151.9,292.5,13.6,212.8,0.7,0.7,True
dataset6_CLINIC_0042_data,sacrum,0.0,0,0,149.4,262.8,150.1,242.4,78.5,213.1,150.9,261.2,149.4,242.4,78.5,212.3,1.6,1.6,True
dataset6_CLINIC_0042_data,vertebrae_S1,0.0,0,0,177.5,236.9,187.7,245.5,174.6,217.1,177.5,236.9,187.7,245.5,175.4,217.9,0.8,0.8,True
dataset6_CLINIC_0042_data,hip_left,0.0,0,0,78.2,193.2,168.1,288.6,21.6,220.3,78.2,193.2,168.9,288.6,23.2,221.1,1.6,1.6,True
dataset6_CLINIC_0042_data,hip_right,0.0,0,0,193.9,325.3,176.7,305.8,32.0,218.7,193.9,325.3,176.7,305.0,32.0,217.9,0.8,0.8,True
dataset6_CLINIC_0043_data,sacrum,0.0,0,0,186.4,302.6,169.8,264.5,100.1,246.7,186.4,303.5,168.8,263.5,98.5,246.7,1.6,1.6,True
dataset6_CLINIC_0043_data,vertebrae_S1,0.0,0,0,215.7,276.2,206.9,276.2,189.8,245.1,215.7,279.1,206.9,277.2,190.6,245.1,2.9,2.9,True
dataset6_CLINIC_0043_data,hip_left,0.0,0,0,114.2,243.0,192.3,327.9,57.7,258.7,114.2,243.0,192.3,327.9,58.5,258.7,0.8,0.8,True
dataset6_CLINIC_0043_data,hip_right,0.0,0,0,242.0,381.6,183.5,314.3,42.5,241.9,242.0,381.6,182.5,313.3,43.3,241.9,1.0,1.0,True
dataset6_CLINIC_0044_data,sacrum,0.0,0,0,162.8,273.1,90.3,169.5,72.0,214.4,163.5,273.8,89.5,168.7,72.0,214.4,0.7,0.7,True
dataset6_CLINIC_0044_data,vertebrae_S1,0.0,0,0,192.4,247.9,114.0,173.9,172.0,211.2,193.1,248.6,115.4,174.6,172.8,211.2,1.5,1.5,True
dataset6_CLINIC_0044_data,hip_left,0.0,0,0,96.2,219.0,109.5,244.2,27.2,222.4,95.5,219.8,110.3,245.7,27.2,221.6,1.5,1.5,True
dataset6_CLINIC_0044_data,hip_right,0.0,0,0,224.2,338.2,100.6,235.3,32.0,229.6,223.5,337.4,99.9,235.3,32.0,229.6,0.7,0.7,True
dataset6_CLINIC_0045_data,sacrum,0.0,0,0,133.1,237.7,79.4,168.1,64.0,224.0,134.4,238.3,79.4,169.5,64.0,224.0,1.3,1.3,True
dataset6_CLINIC_0045_data,vertebrae_S1,0.0,0,0,155.6,212.5,117.2,175.4,168.0,221.6,156.9,213.2,117.2,175.4,168.0,222.4,1.3,1.3,True
dataset6_CLINIC_0045_data,hip_left,0.0,0,0,53.6,186.7,93.3,222.4,29.6,232.0,54.3,186.0,93.3,221.8,29.6,232.0,0.7,0.7,True
dataset6_CLINIC_0045_data,hip_right,0.0,0,0,187.3,305.2,88.7,228.4,48.8,254.4,186.7,305.8,87.4,228.4,48.8,254.4,1.3,1.3,True
dataset6_CLINIC_0046_data,sacrum,0.0,0,0,186.4,304.5,147.4,238.1,80.8,212.0,186.4,304.5,147.4,235.2,80.8,212.0,2.9,2.9,True
dataset6_CLINIC_0046_data,vertebrae_S1,0.0,0,0,216.7,273.3,191.3,244.0,172.8,215.2,216.7,274.3,191.3,245.0,172.8,215.2,1.0,1.0,True
dataset6_CLINIC_0046_data,hip_left,0.0,0,0,116.1,240.1,163.0,312.3,26.4,256.0,116.1,240.1,163.0,311.3,26.4,256.0,1.0,1.0,True
dataset6_CLINIC_0046_data,hip_right,0.0,0,0,242.0,382.6,153.2,304.5,23.2,247.2,242.0,381.6,153.2,304.5,23.2,247.2,1.0,1.0,True
dataset6_CLINIC_0047_data,sacrum,0.0,0,0,169.7,285.8,139.4,242.5,71.9,220.5,170.6,285.8,140.3,245.9,71.9,220.5,3.5,3.5,True
dataset6_CLINIC_0047_data,vertebrae_S1,0.0,0,0,201.8,260.7,184.5,250.3,172.6,220.5,201.8,261.5,184.5,249.4,172.6,220.5,0.9,0.9,True
dataset6_CLINIC_0047_data,hip_left,0.0,0,0,91.8,217.4,168.0,277.1,25.6,214.1,90.9,218.2,168.0,278.0,25.6,214.1,0.9,0.9,True
dataset6_CLINIC_0047_data,hip_right,0.0,0,0,218.2,349.0,161.1,284.9,40.7,229.3,219.1,349.0,161.9,284.9,39.1,229.3,1.6,1.6,True
dataset6_CLINIC_0048_data,sacrum,0.0,0,0,178.5,295.2,115.8,222.2,99.9,237.3,178.5,293.4,115.8,220.5,99.1,237.3,1.7,1.7,True
dataset6_CLINIC_0048_data,vertebrae_S1,0.0,0,0,204.2,267.7,163.0,224.8,187.0,235.7,204.2,266.8,162.2,224.8,186.2,235.7,0.9,0.9,True
dataset6_CLINIC_0048_data,hip_left,0.0,0,0,109.0,235.1,145.9,280.6,52.7,259.7,108.1,235.1,145.9,280.6,53.5,259.7,0.9,0.9,True
dataset6_CLINIC_0048_data,hip_right,0.0,0,0,236.8,364.6,145.9,274.6,43.9,249.3,237.7,363.8,145.9,274.6,43.1,249.3,0.9,0.9,True
dataset6_CLINIC_0049_data,sacrum,0.0,0,0,186.4,303.5,170.8,260.6,66.5,207.5,186.4,303.5,170.8,265.5,67.3,207.5,4.9,4.9,True
dataset6_CLINIC_0049_data,vertebrae_S1,0.0,0,0,218.6,273.3,201.1,274.3,163.4,212.3,218.6,273.3,202.0,273.3,161.8,212.3,1.6,1.6,True
dataset6_CLINIC_0049_data,hip_left,0.0,0,0,107.4,235.2,186.4,322.1,33.6,229.9,107.4,235.2,185.4,322.1,32.8,229.9,1.0,1.0,True
dataset6_CLINIC_0049_data,hip_right,0.0,0,0,238.1,373.8,186.4,325.0,30.4,233.1,238.1,373.8,185.4,325.0,31.2,233.1,1.0,1.0,True
dataset6_CLINIC_0050_data,sacrum,0.0,0,0,189.8,307.4,171.8,259.4,71.9,217.3,189.8,306.5,172.7,259.4,72.7,217.3,0.9,0.9,True
dataset6_CLINIC_0050_data,vertebrae_S1,0.0,0,0,220.6,277.5,207.9,264.9,170.2,218.9,220.6,277.5,207.0,266.7,170.2,218.9,1.8,1.8,True
dataset6_CLINIC_0050_data,hip_left,0.0,0,0,97.6,253.1,189.8,323.6,27.2,246.1,98.5,254.0,189.8,323.6,27.2,246.1,0.9,0.9,True
dataset6_CLINIC_0050_data,hip_right,0.0,0,0,254.0,382.4,190.7,316.4,32.8,246.1,254.9,381.5,190.7,316.4,34.4,246.1,1.6,1.6,True
dataset6_CLINIC_0051_data,sacrum,0.0,0,0,143.5,264.3,99.8,177.0,89.6,239.2,143.5,264.3,99.8,177.0,89.6,239.2,0.0,0.0,True
dataset6_CLINIC_0051_data,vertebrae_S1,0.0,0,0,174.5,229.9,125.0,182.9,192.0,236.0,174.5,229.9,125.8,183.7,192.0,237.6,1.6,1.6,True
dataset6_CLINIC_0051_data,hip_left,0.0,0,0,65.4,214.8,116.6,256.7,44.0,256.0,65.4,214.8,116.6,255.9,42.4,256.0,1.6,1.6,True
dataset6_CLINIC_0051_data,hip_right,0.0,0,0,215.6,339.0,111.6,252.5,45.6,264.8,215.6,339.0,111.6,252.5,45.6,264.8,0.0,0.0,True
dataset6_CLINIC_0052_data,sacrum,0.0,0,0,141.4,260.9,136.7,214.1,87.2,208.0,142.2,261.7,136.7,214.8,85.6,208.0,1.6,1.6,True
dataset6_CLINIC_0052_data,vertebrae_S1,0.0,0,0,171.9,226.6,158.6,219.5,168.0,211.2,171.9,225.8,158.6,219.5,166.4,209.6,1.6,1.6,True
dataset6_CLINIC_0052_data,hip_left,0.0,0,0,82.0,215.6,151.6,291.4,25.6,215.2,82.0,216.4,151.6,292.2,25.6,214.4,0.8,0.8,True
dataset6_CLINIC_0052_data,hip_right,0.0,0,0,218.0,329.7,146.9,276.6,34.4,228.8,217.2,328.9,146.9,276.6,34.4,228.8,0.8,0.8,True
dataset6_CLINIC_0053_data,sacrum,0.0,0,0,141.4,280.2,130.1,214.8,72.0,223.2,141.4,280.2,130.1,214.8,72.0,223.2,0.0,0.0,True
dataset6_CLINIC_0053_data,vertebrae_S1,0.0,0,0,177.2,247.1,154.5,216.5,156.0,203.2,177.2,247.1,154.5,216.5,156.0,203.2,0.0,0.0,True
dataset6_CLINIC_0053_data,hip_left,0.0,0,0,49.8,207.8,151.0,285.5,41.6,242.4,49.8,207.8,151.0,285.5,41.6,242.4,0.0,0.0,True
dataset6_CLINIC_0053_data,hip_right,0.0,0,0,229.6,365.8,136.2,293.3,22.4,236.8,229.6,365.8,136.2,293.3,22.4,236.8,0.0,0.0,True
dataset6_CLINIC_0054_data,sacrum,0.0,0,0,135.3,261.2,82.1,187.7,112.7,227.7,136.1,261.2,82.1,187.7,112.7,227.7,0.8,0.8,True
dataset6_CLINIC_0054_data,vertebrae_S1,0.0,0,0,168.9,223.7,132.9,186.1,184.6,226.1,168.9,222.1,132.9,186.1,184.6,226.1,1.6,1.6,True
dataset6_CLINIC_0054_data,hip_left,0.0,0,0,60.2,191.6,108.7,265.9,41.5,241.3,61.0,192.4,108.7,265.9,41.5,241.3,0.8,0.8,True
dataset6_CLINIC_0054_data,hip_right,0.0,0,0,63.3,342.5,93.8,229.9,32.8,234.9,63.3,342.5,93.8,229.9,32.8,233.3,1.6,1.6,True
dataset6_CLINIC_0055_data,sacrum,0.0,0,0,179.6,307.4,169.8,249.9,100.7,256.5,179.6,307.4,170.8,248.9,101.5,256.5,1.0,1.0,True
dataset6_CLINIC_0055_data,vertebrae_S1,0.0,0,0,210.8,270.4,189.3,249.9,207.7,258.1,210.8,270.4,188.4,250.8,207.7,258.1,1.0,1.0,True
dataset6_CLINIC_0055_data,hip_left,0.0,0,0,101.5,243.0,184.5,343.6,62.3,271.6,101.5,243.0,184.5,343.6,60.7,271.6,1.6,1.6,True
dataset6_CLINIC_0055_data,hip_right,0.0,0,0,244.0,394.3,173.7,342.6,55.9,261.3,244.0,394.3,173.7,342.6,55.9,261.3,0.0,0.0,True
dataset6_CLINIC_0056_data,sacrum,0.0,0,0,124.3,237.7,101.7,182.2,95.1,229.3,124.3,237.7,101.7,180.6,95.1,229.3,1.6,1.6,True
dataset6_CLINIC_0056_data,vertebrae_S1,0.0,0,0,154.1,208.0,125.1,187.7,185.4,227.7,154.1,209.6,125.1,187.7,185.4,226.1,1.6,1.6,True
dataset6_CLINIC_0056_data,hip_left,0.0,0,0,47.7,172.8,119.6,252.6,49.5,244.5,47.7,172.8,119.6,252.6,49.5,244.5,0.0,0.0,True
dataset6_CLINIC_0056_data,hip_right,0.0,0,0,175.2,319.1,118.1,252.6,49.5,237.3,175.2,319.1,118.1,252.6,49.5,237.3,0.0,0.0,True
dataset6_CLINIC_0057_data,sacrum,0.0,0,0,150.9,264.3,104.8,198.6,38.4,194.6,150.9,264.3,104.8,193.9,38.4,197.1,4.7,4.7,True
dataset6_CLINIC_0057_data,vertebrae_S1,0.0,0,0,177.5,236.9,132.9,204.1,147.4,197.1,178.3,236.9,132.9,204.1,145.8,197.1,1.6,1.6,True
dataset6_CLINIC_0057_data,hip_left,0.0,0,0,62.6,201.0,118.1,264.3,14.4,213.9,62.6,201.0,118.1,265.9,14.4,213.9,1.6,1.6,True
dataset6_CLINIC_0057_data,hip_right,0.0,0,0,204.9,346.4,121.2,263.5,7.2,201.9,204.9,347.2,121.2,262.8,7.2,201.9,0.8,0.8,True
dataset6_CLINIC_0058_data,sacrum,0.0,0,0,171.8,294.7,160.0,259.4,70.4,215.2,171.8,294.7,160.0,260.4,70.4,215.2,0.9,0.9,True
dataset6_CLINIC_0058_data,vertebrae_S1,0.0,0,0,200.7,264.0,194.4,265.8,172.8,221.6,200.7,264.0,194.4,265.8,172.8,221.6,0.0,0.0,True
dataset6_CLINIC_0058_data,hip_left,0.0,0,0,85.9,228.7,184.4,315.5,12.8,237.6,86.8,228.7,185.3,315.5,12.8,238.4,0.9,0.9,True
dataset6_CLINIC_0058_data,hip_right,0.0,0,0,230.5,376.1,180.8,320.0,16.0,245.6,230.5,375.2,180.8,320.0,16.0,245.6,0.9,0.9,True
dataset6_CLINIC_0059_data,sacrum,0.0,0,0,144.7,254.9,109.5,197.1,70.3,207.7,146.2,254.9,109.5,198.6,69.5,206.9,1.6,1.6,True
dataset6_CLINIC_0059_data,vertebrae_S1,0.0,0,0,172.0,230.7,134.5,207.2,162.2,209.3,172.8,230.7,136.1,207.2,163.0,210.1,1.6,1.6,True
dataset6_CLINIC_0059_data,hip_left,0.0,0,0,60.2,199.4,125.9,264.3,32.8,236.5,60.2,199.4,125.9,264.3,33.6,235.7,0.8,0.8,True
dataset6_CLINIC_0059_data,hip_right,0.0,0,0,201.8,344.9,122.8,260.4,25.6,227.7,201.8,344.9,122.8,260.4,25.6,227.7,0.0,0.0,True
dataset6_CLINIC_0060_data,sacrum,0.0,0,0,140.8,260.1,145.4,219.3,38.4,180.8,140.8,260.1,145.4,220.1,38.4,180.0,0.8,0.8,True
dataset6_CLINIC_0060_data,vertebrae_S1,0.0,0,0,172.4,231.6,153.1,213.9,137.6,184.8,172.4,231.6,153.1,215.5,137.6,184.8,1.5,1.5,True
dataset6_CLINIC_0060_data,hip_left,0.0,0,0,60.8,209.3,147.0,269.3,0.0,188.0,60.8,209.3,145.4,269.3,0.0,188.0,1.5,1.5,True
dataset6_CLINIC_0060_data,hip_right,0.0,0,0,207.0,341.7,160.1,291.7,5.6,200.0,207.0,341.7,159.3,291.7,5.6,200.0,0.8,0.8,True
dataset6_CLINIC_0061_data,sacrum,0.0,0,0,178.1,295.7,138.4,221.6,66.4,221.6,178.1,294.8,138.4,222.5,66.4,221.6,0.9,0.9,True
dataset6_CLINIC_0061_data,vertebrae_S1,0.0,0,0,210.7,264.1,165.5,228.8,170.4,217.6,209.8,263.2,165.5,228.8,169.6,217.6,0.9,0.9,True
dataset6_CLINIC_0061_data,hip_left,0.0,0,0,105.8,220.6,150.1,283.0,39.2,252.0,105.8,220.6,150.1,283.0,39.2,252.0,0.0,0.0,True
dataset6_CLINIC_0061_data,hip_right,0.0,0,0,219.7,380.7,152.8,270.4,22.4,231.2,220.6,380.7,152.8,270.4,22.4,231.2,0.9,0.9,True
dataset6_CLINIC_0062_data,sacrum,0.0,0,0,189.3,309.4,153.2,254.7,75.9,226.9,189.3,309.4,153.2,254.7,75.1,226.9,0.8,0.8,True
dataset6_CLINIC_0062_data,vertebrae_S1,0.0,0,0,218.6,279.1,189.3,259.6,175.0,222.1,218.6,279.1,189.3,259.6,175.0,222.1,0.0,0.0,True
dataset6_CLINIC_0062_data,hip_left,0.0,0,0,113.2,251.8,175.7,322.1,32.0,246.9,113.2,251.8,175.7,322.1,32.0,246.9,0.0,0.0,True
dataset6_CLINIC_0062_data,hip_right,0.0,0,0,254.7,388.4,177.6,321.1,30.4,243.7,254.7,388.4,177.6,321.1,30.4,243.7,0.0,0.0,True
dataset6_CLINIC_0063_data,sacrum,0.0,0,0,191.3,309.4,147.4,246.9,70.3,210.9,191.3,309.4,147.4,251.8,71.9,210.9,4.9,4.9,True
dataset6_CLINIC_0063_data,vertebrae_S1,0.0,0,0,216.7,280.1,189.3,252.8,162.2,210.9,216.7,280.1,189.3,252.8,162.2,210.9,0.0,0.0,True
dataset6_CLINIC_0063_data,hip_left,0.0,0,0,110.3,246.0,169.8,319.2,14.4,229.3,110.3,246.0,169.8,319.2,14.4,229.3,0.0,0.0,True
dataset6_CLINIC_0063_data,hip_right,0.0,0,0,246.9,387.5,171.8,325.0,19.2,236.5,246.9,387.5,171.8,325.0,19.2,236.5,0.0,0.0,True
dataset6_CLINIC_0064_data,sacrum,0.0,0,0,159.4,270.0,95.8,183.7,67.1,202.1,158.6,270.8,95.0,186.0,67.1,202.1,2.4,2.4,True
dataset6_CLINIC_0064_data,vertebrae_S1,0.0,0,0,185.3,244.9,127.2,188.4,159.0,203.7,186.0,245.7,128.0,187.6,159.0,203.7,0.8,0.8,True
dataset6_CLINIC_0064_data,hip_left,0.0,0,0,84.8,193.9,102.8,234.7,19.2,229.3,84.8,193.9,103.6,233.9,19.2,229.3,0.8,0.8,True
dataset6_CLINIC_0064_data,hip_right,0.0,0,0,196.3,321.9,113.8,254.3,19.2,218.9,196.3,321.9,113.0,255.1,19.2,218.9,0.8,0.8,True
dataset6_CLINIC_0065_data,sacrum,0.0,0,0,177.6,287.9,155.2,234.2,103.9,226.9,176.7,287.9,155.2,235.2,103.9,226.9,1.0,1.0,True
dataset6_CLINIC_0065_data,vertebrae_S1,0.0,0,0,207.9,259.6,186.4,237.2,180.6,225.3,208.9,258.6,188.4,238.1,180.6,225.3,2.0,2.0,True
dataset6_CLINIC_0065_data,hip_left,0.0,0,0,99.6,221.6,169.8,295.7,59.1,253.3,98.6,221.6,168.8,294.8,58.3,253.3,1.0,1.0,True
dataset6_CLINIC_0065_data,hip_right,0.0,0,0,222.5,360.1,166.9,295.7,52.7,246.1,223.5,360.1,166.9,294.8,52.7,246.1,1.0,1.0,True
dataset6_CLINIC_0066_data,sacrum,0.0,0,0,176.2,289.8,141.0,231.7,84.1,233.9,178.0,289.8,141.8,229.9,84.1,233.9,1.8,1.8,True
dataset6_CLINIC_0066_data,vertebrae_S1,0.0,0,0,205.3,268.7,168.3,237.0,185.0,232.3,206.2,268.7,167.4,236.1,185.0,232.3,0.9,0.9,True
dataset6_CLINIC_0066_data,hip_left,0.0,0,0,92.5,215.0,149.8,277.5,44.9,257.9,93.4,214.1,149.8,277.5,44.9,257.9,0.9,0.9,True
dataset6_CLINIC_0066_data,hip_right,0.0,0,0,214.1,345.4,157.7,298.7,41.7,242.7,214.1,345.4,156.8,298.7,41.7,242.7,0.9,0.9,True
dataset6_CLINIC_0067_data,sacrum,0.0,0,0,161.6,280.0,133.7,214.9,70.5,208.3,162.4,280.9,133.7,215.7,70.5,208.3,0.8,0.8,True
dataset6_CLINIC_0067_data,vertebrae_S1,0.0,0,0,196.3,249.6,159.0,220.8,166.6,208.3,195.4,250.4,159.0,221.7,166.6,208.3,0.8,0.8,True
dataset6_CLINIC_0067_data,hip_left,0.0,0,0,91.4,210.7,143.8,280.9,22.4,222.7,90.5,211.5,144.7,280.0,22.4,222.7,0.8,0.8,True
dataset6_CLINIC_0067_data,hip_right,0.0,0,0,211.5,346.0,151.4,293.6,17.6,218.7,210.7,345.2,152.3,293.6,17.6,218.7,0.8,0.8,True
dataset6_CLINIC_0068_data,sacrum,0.0,0,0,191.3,307.4,167.9,266.4,97.5,227.7,191.3,307.4,167.9,266.4,96.7,226.9,0.8,0.8,True
dataset6_CLINIC_0068_data,vertebrae_S1,0.0,0,0,221.6,279.1,208.9,271.3,184.6,227.7,221.6,277.2,208.9,271.3,183.8,228.5,2.0,2.0,True
dataset6_CLINIC_0068_data,hip_left,0.0,0,0,110.3,246.0,186.4,316.2,47.9,236.5,110.3,246.0,185.4,316.2,47.1,237.3,1.0,1.0,True
dataset6_CLINIC_0068_data,hip_right,0.0,0,0,257.7,388.4,192.3,325.0,47.9,238.1,257.7,388.4,192.3,325.0,47.1,237.3,0.8,0.8,True
dataset6_CLINIC_0069_data,sacrum,0.0,0,0,191.4,315.2,140.7,235.4,78.3,222.1,192.3,314.2,139.8,235.4,78.3,222.1,0.9,0.9,True
dataset6_CLINIC_0069_data,vertebrae_S1,0.0,0,0,223.2,283.3,166.0,244.8,170.2,220.5,223.2,284.2,166.0,244.8,170.2,220.5,0.9,0.9,True
dataset6_CLINIC_0069_data,hip_left,0.0,0,0,92.9,253.3,158.5,307.7,30.4,244.5,92.9,254.2,158.5,307.7,30.4,244.5,0.9,0.9,True
dataset6_CLINIC_0069_data,hip_right,0.0,0,0,254.2,395.8,155.7,297.3,32.0,244.5,255.1,395.8,154.8,297.3,32.0,244.5,0.9,0.9,True
dataset6_CLINIC_0070_data,sacrum,0.0,0,0,105.0,211.2,57.6,163.8,97.6,215.2,105.0,211.2,58.2,162.6,97.6,215.2,1.3,1.3,True
dataset6_CLINIC_0070_data,vertebrae_S1,0.0,0,0,133.8,186.9,112.0,170.2,171.2,213.6,132.5,187.5,112.6,170.2,171.2,213.6,1.3,1.3,True
dataset6_CLINIC_0070_data,hip_left,0.0,0,0,41.6,142.1,92.2,227.2,27.2,218.4,42.2,140.8,92.8,227.2,25.6,218.4,1.6,1.6,True
dataset6_CLINIC_0070_data,hip_right,0.0,0,0,140.8,280.3,87.7,210.6,40.8,228.8,140.2,279.0,88.3,210.6,40.8,228.8,1.3,1.3,True
dataset6_CLINIC_0071_data,sacrum,0.0,0,0,158.5,275.7,83.6,177.3,73.5,214.1,158.5,275.7,82.8,177.3,73.5,214.1,0.8,0.8,True
dataset6_CLINIC_0071_data,vertebrae_S1,0.0,0,0,189.0,246.8,114.8,184.3,167.0,212.5,189.0,248.4,114.8,184.3,167.0,212.5,1.6,1.6,True
dataset6_CLINIC_0071_data,hip_left,0.0,0,0,85.1,221.0,101.5,234.3,17.6,238.1,85.1,221.0,101.5,234.3,17.6,238.1,0.0,0.0,True
dataset6_CLINIC_0071_data,hip_right,0.0,0,0,213.2,342.9,103.1,238.2,20.8,239.7,213.2,342.9,103.9,238.2,20.8,239.7,0.8,0.8,True
dataset6_CLINIC_0072_data,sacrum,0.0,0,0,132.8,248.4,181.2,261.7,66.4,204.0,133.6,248.4,180.5,259.4,67.2,203.2,2.3,2.3,True
dataset6_CLINIC_0072_data,vertebrae_S1,0.0,0,0,166.4,219.5,203.9,263.3,160.0,201.6,166.4,219.5,204.7,264.1,159.2,201.6,0.8,0.8,True
dataset6_CLINIC_0072_data,hip_left,0.0,0,0,68.8,195.3,201.6,323.4,27.2,220.8,68.8,196.1,201.6,323.4,28.0,220.0,0.8,0.8,True
dataset6_CLINIC_0072_data,hip_right,0.0,0,0,197.7,320.3,192.2,308.6,22.4,214.4,197.7,321.1,192.2,308.6,21.6,215.2,0.8,0.8,True
dataset6_CLINIC_0073_data,sacrum,0.0,0,0,189.0,305.2,153.1,239.3,104.9,253.1,189.0,304.3,152.1,240.3,103.3,253.1,1.6,1.6,True
dataset6_CLINIC_0073_data,vertebrae_S1,0.0,0,0,214.1,273.3,177.3,247.1,204.3,253.1,215.1,272.3,178.3,246.1,204.3,253.1,1.0,1.0,True
dataset6_CLINIC_0073_data,hip_left,0.0,0,0,104.7,232.6,157.9,310.1,69.7,279.6,104.7,231.6,157.0,311.0,69.7,279.6,1.0,1.0,True
dataset6_CLINIC_0073_data,hip_right,0.0,0,0,233.5,398.3,161.8,314.9,62.5,265.1,234.5,398.3,161.8,314.0,62.5,265.1,1.0,1.0,True
dataset6_CLINIC_0074_data,sacrum,0.0,0,0,144.0,260.4,116.4,199.1,53.6,219.2,144.9,259.5,116.4,201.7,53.6,219.2,2.7,2.7,True
dataset6_CLINIC_0074_data,vertebrae_S1,0.0,0,0,176.8,238.2,140.4,209.7,172.0,219.2,177.7,238.2,138.6,210.6,172.0,219.2,1.8,1.8,True
dataset6_CLINIC_0074_data,hip_left,0.0,0,0,59.5,210.6,121.7,280.8,20.8,248.0,58.7,211.5,122.6,280.8,20.8,248.0,0.9,0.9,True
dataset6_CLINIC_0074_data,hip_right,0.0,0,0,184.8,341.2,121.7,283.5,16.0,236.0,184.8,341.2,122.6,284.4,16.0,234.4,1.6,1.6,True
dataset6_CLINIC_0075_data,sacrum,0.0,0,0,151.6,269.5,128.9,206.2,82.4,237.6,151.6,269.5,128.9,206.2,81.6,237.6,0.8,0.8,True
dataset6_CLINIC_0075_data,vertebrae_S1,0.0,0,0,183.6,241.4,149.2,210.2,192.0,237.6,183.6,241.4,150.0,210.2,191.2,237.6,0.8,0.8,True
dataset6_CLINIC_0075_data,hip_left,0.0,0,0,74.2,200.8,134.4,271.9,40.0,251.2,74.2,200.8,134.4,271.9,40.8,251.2,0.8,0.8,True
dataset6_CLINIC_0075_data,hip_right,0.0,0,0,200.0,342.2,143.8,288.3,52.0,256.8,200.0,341.4,143.8,288.3,51.2,256.8,0.8,0.8,True
dataset6_CLINIC_0076_data,sacrum,0.0,0,0,153.6,272.0,136.4,223.9,62.4,218.4,153.6,272.0,136.4,226.5,62.4,218.4,2.6,2.6,True
dataset6_CLINIC_0076_data,vertebrae_S1,0.0,0,0,183.6,239.4,166.5,231.7,166.4,212.0,182.8,238.5,167.3,232.5,166.4,212.0,0.9,0.9,True
dataset6_CLINIC_0076_data,hip_left,0.0,0,0,75.5,215.4,151.0,292.6,24.8,234.4,75.5,214.5,151.9,292.6,24.8,234.4,0.9,0.9,True
dataset6_CLINIC_0076_data,hip_right,0.0,0,0,216.2,343.2,148.4,278.8,24.8,239.2,215.4,344.1,147.6,278.8,24.8,239.2,0.9,0.9,True
dataset6_CLINIC_0077_data,sacrum,0.0,0,0,120.2,242.3,140.1,234.1,98.4,239.2,120.2,243.2,140.1,236.8,98.4,239.2,2.7,2.7,True
dataset6_CLINIC_0077_data,vertebrae_S1,0.0,0,0,156.4,210.6,176.3,241.4,190.4,240.8,154.6,211.5,176.3,241.4,190.4,240.8,1.8,1.8,True
dataset6_CLINIC_0077_data,hip_left,0.0,0,0,57.0,182.6,166.3,297.4,58.4,256.0,57.0,180.8,167.2,296.5,58.4,256.0,1.8,1.8,True
dataset6_CLINIC_0077_data,hip_right,0.0,0,0,183.5,314.6,166.3,295.6,40.0,237.6,181.7,313.7,165.4,295.6,41.6,237.6,1.8,1.8,True
dataset6_CLINIC_0078_data,sacrum,0.0,0,0,158.7,287.8,110.3,184.6,75.1,209.3,158.7,287.8,111.0,182.2,75.1,209.3,2.3,2.3,True
dataset6_CLINIC_0078_data,vertebrae_S1,0.0,0,0,187.7,251.8,131.4,186.1,156.6,205.3,187.7,251.8,132.2,186.9,156.6,205.3,0.8,0.8,True
dataset6_CLINIC_0078_data,hip_left,0.0,0,0,67.3,201.8,111.8,254.2,14.4,220.5,67.3,201.8,112.6,254.9,14.4,220.5,0.8,0.8,True
dataset6_CLINIC_0078_data,hip_right,0.0,0,0,207.2,356.6,111.8,259.6,34.4,229.3,207.2,356.6,112.6,258.8,36.0,229.3,1.6,1.6,True
dataset6_CLINIC_0079_data,sacrum,0.0,0,0,143.1,257.3,119.6,215.1,140.0,261.6,143.1,257.3,119.6,215.1,139.2,261.6,0.8,0.8,True
dataset6_CLINIC_0079_data,vertebrae_S1,0.0,0,0,171.3,233.8,156.4,221.3,223.2,268.8,171.3,233.8,157.2,221.3,223.2,268.8,0.8,0.8,True
dataset6_CLINIC_0079_data,hip_left,0.0,0,0,50.0,183.8,132.2,265.1,72.0,279.2,50.0,183.8,131.4,265.1,73.6,279.2,1.6,1.6,True
dataset6_CLINIC_0079_data,hip_right,0.0,0,0,187.7,330.0,143.9,290.9,72.0,278.4,187.7,330.0,143.1,290.9,72.0,278.4,0.8,0.8,True
dataset6_CLINIC_0080_data,sacrum,0.0,0,0,132.2,250.2,125.9,203.3,88.7,226.1,132.9,250.2,125.9,203.3,88.7,226.1,0.8,0.8,True
dataset6_CLINIC_0080_data,vertebrae_S1,0.0,0,0,162.7,220.5,155.6,209.6,185.4,227.7,161.1,220.5,155.6,209.6,185.4,227.7,1.6,1.6,True
dataset6_CLINIC_0080_data,hip_left,0.0,0,0,48.5,191.6,134.5,273.7,47.9,242.9,48.5,190.8,134.5,273.7,47.9,242.9,0.8,0.8,True
dataset6_CLINIC_0080_data,hip_right,0.0,0,0,192.4,360.5,140.8,272.1,52.7,246.1,193.2,360.5,140.8,272.9,52.7,246.1,0.8,0.8,True
dataset6_CLINIC_0081_data,sacrum,0.0,0,0,153.4,271.5,137.1,223.3,81.6,205.6,153.4,271.5,137.1,223.3,81.6,205.6,0.0,0.0,True
dataset6_CLINIC_0081_data,vertebrae_S1,0.0,0,0,181.9,239.6,164.6,228.4,156.8,204.0,181.9,240.5,164.6,226.7,156.8,204.0,1.7,1.7,True
dataset6_CLINIC_0081_data,hip_left,0.0,0,0,67.2,225.0,150.8,287.9,38.4,234.4,68.1,223.3,152.6,287.9,38.4,234.4,1.7,1.7,True
dataset6_CLINIC_0081_data,hip_right,0.0,0,0,123.3,352.6,152.6,289.6,21.6,231.2,221.5,353.4,152.6,289.6,21.6,231.2,98.3,98.3,True
dataset6_CLINIC_0082_data,sacrum,0.0,0,0,176.7,294.8,162.0,246.9,103.9,246.1,176.7,294.8,163.0,246.9,103.9,246.1,1.0,1.0,True
dataset6_CLINIC_0082_data,vertebrae_S1,0.0,0,0,205.0,262.5,184.5,249.9,198.9,244.5,206.9,262.5,184.5,250.8,198.9,244.5,2.0,2.0,True
dataset6_CLINIC_0082_data,hip_left,0.0,0,0,92.7,234.2,178.6,322.1,57.5,271.6,92.7,234.2,178.6,322.1,59.1,273.2,1.6,1.6,True
dataset6_CLINIC_0082_data,hip_right,0.0,0,0,238.1,381.6,177.6,322.1,57.5,274.8,238.1,381.6,176.7,322.1,55.9,274.8,1.6,1.6,True
dataset6_CLINIC_0083_data,sacrum,0.0,0,0,122.9,241.4,82.4,159.7,72.1,232.3,123.6,242.1,81.7,156.8,72.9,232.3,2.9,2.9,True
dataset6_CLINIC_0083_data,vertebrae_S1,0.0,0,0,161.9,209.8,103.8,158.2,176.2,217.1,161.2,209.0,103.0,158.2,175.4,217.1,0.8,0.8,True
dataset6_CLINIC_0083_data,hip_left,0.0,0,0,49.3,179.6,97.2,237.7,39.3,242.7,50.0,180.3,98.6,237.0,38.4,242.7,1.5,1.5,True
dataset6_CLINIC_0083_data,hip_right,0.0,0,0,177.4,315.0,94.2,234.8,20.0,217.1,178.1,315.7,95.7,234.0,18.4,217.1,1.6,1.6,True
dataset6_CLINIC_0084_data,sacrum,0.0,0,0,169.9,286.7,96.5,186.7,71.9,216.5,169.9,286.7,96.5,185.0,73.5,217.3,1.8,1.8,True
dataset6_CLINIC_0084_data,vertebrae_S1,0.0,0,0,197.4,257.5,124.8,192.9,162.2,215.7,199.1,258.4,125.7,193.8,162.2,215.7,1.8,1.8,True
dataset6_CLINIC_0084_data,hip_left,0.0,0,0,95.6,253.1,105.3,250.5,27.2,228.5,94.7,254.0,106.2,249.6,27.2,229.3,0.9,0.9,True
dataset6_CLINIC_0084_data,hip_right,0.0,0,0,253.1,369.0,107.1,244.3,22.4,236.5,253.1,369.9,107.1,243.4,22.4,236.5,0.9,0.9,True
dataset6_CLINIC_0085_data,sacrum,0.0,0,0,167.6,287.2,117.9,201.7,91.3,230.7,167.6,288.1,117.0,201.7,91.3,230.7,0.9,0.9,True
dataset6_CLINIC_0085_data,vertebrae_S1,0.0,0,0,202.5,255.8,147.5,207.8,190.6,230.7,201.7,254.9,148.4,207.8,190.6,230.7,0.9,0.9,True
dataset6_CLINIC_0085_data,hip_left,0.0,0,0,86.4,229.6,131.0,274.1,41.7,253.1,86.4,229.6,131.8,273.2,41.7,253.1,0.9,0.9,True
dataset6_CLINIC_0085_data,hip_right,0.0,0,0,229.6,370.2,124.8,268.0,43.3,249.9,230.5,369.3,125.7,268.0,43.3,249.9,0.9,0.9,True
dataset6_CLINIC_0086_data,sacrum,0.0,0,0,150.9,265.1,93.8,187.7,43.3,195.5,150.1,265.1,94.6,188.5,43.3,195.5,0.8,0.8,True
dataset6_CLINIC_0086_data,vertebrae_S1,0.0,0,0,177.5,238.5,125.1,192.4,145.8,195.5,177.5,236.9,125.9,192.4,145.0,195.5,1.6,1.6,True
dataset6_CLINIC_0086_data,hip_left,0.0,0,0,60.2,204.1,100.9,236.2,10.4,221.1,60.2,204.1,100.1,236.2,10.4,221.1,0.8,0.8,True
dataset6_CLINIC_0086_data,hip_right,0.0,0,0,205.7,353.5,113.4,254.2,8.8,217.1,205.7,354.2,114.2,254.2,8.8,217.9,0.8,0.8,True
dataset6_CLINIC_0087_data,sacrum,0.0,0,0,138.4,247.1,93.1,183.8,88.0,216.8,138.4,247.1,93.1,183.8,86.4,216.8,1.6,1.6,True
dataset6_CLINIC_0087_data,vertebrae_S1,0.0,0,0,168.9,217.4,127.5,190.0,172.8,220.0,168.9,217.4,127.5,190.0,172.8,220.0,0.0,0.0,True
dataset6_CLINIC_0087_data,hip_left,0.0,0,0,58.7,190.0,112.6,245.5,38.4,239.2,58.7,190.0,112.6,245.5,38.4,239.2,0.0,0.0,True
dataset6_CLINIC_0087_data,hip_right,0.0,0,0,193.9,333.1,115.0,249.5,38.4,244.0,193.9,333.1,115.0,250.2,38.4,244.0,0.8,0.8,True
dataset6_CLINIC_0088_data,sacrum,0.0,0,0,157.0,275.6,152.5,239.9,98.4,231.2,156.1,276.5,153.4,245.3,97.6,231.2,5.4,5.4,True
dataset6_CLINIC_0088_data,vertebrae_S1,0.0,0,0,188.2,242.6,181.1,248.9,182.4,229.6,187.3,242.6,180.2,249.8,182.4,229.6,0.9,0.9,True
dataset6_CLINIC_0088_data,hip_left,0.0,0,0,78.5,215.9,157.9,292.6,44.0,249.6,79.4,215.0,157.9,293.5,43.2,249.6,0.9,0.9,True
dataset6_CLINIC_0088_data,hip_right,0.0,0,0,214.1,347.0,172.2,307.7,42.4,255.2,215.0,346.1,171.3,306.8,41.6,255.2,0.9,0.9,True
dataset6_CLINIC_0089_data,sacrum,0.0,0,0,169.5,280.4,115.8,204.3,50.5,205.1,169.5,280.4,115.8,204.3,51.3,205.1,0.8,0.8,True
dataset6_CLINIC_0089_data,vertebrae_S1,0.0,0,0,194.3,250.6,143.1,206.8,159.4,201.9,193.5,251.4,144.7,206.8,157.8,201.9,1.7,1.7,True
dataset6_CLINIC_0089_data,hip_left,0.0,0,0,58.7,223.3,134.0,263.0,14.4,237.9,58.7,221.6,134.0,261.3,14.4,238.7,1.7,1.7,True
dataset6_CLINIC_0089_data,hip_right,0.0,0,0,202.6,361.4,123.2,268.8,22.4,244.3,202.6,361.4,123.2,268.8,22.4,244.3,0.0,0.0,True
dataset6_CLINIC_0090_data,sacrum,0.0,0,0,167.6,291.2,152.3,245.5,83.9,232.5,165.8,292.1,152.3,243.7,84.7,232.5,1.8,1.8,True
dataset6_CLINIC_0090_data,vertebrae_S1,0.0,0,0,197.1,258.0,188.2,253.6,187.0,229.3,198.0,258.9,187.3,252.7,187.0,229.3,0.9,0.9,True
dataset6_CLINIC_0090_data,hip_left,0.0,0,0,79.7,241.0,175.6,319.9,40.7,266.8,80.6,230.3,176.5,319.0,40.7,247.7,19.2,19.2,True
dataset6_CLINIC_0090_data,hip_right,0.0,0,0,233.0,373.6,175.6,311.8,37.6,266.8,233.9,372.7,174.7,310.9,37.6,246.1,20.8,20.8,True
dataset6_CLINIC_0091_data,sacrum,0.0,0,0,211.8,312.3,162.0,246.0,102.4,236.0,211.8,313.3,162.0,246.9,101.6,236.8,1.0,1.0,True
dataset6_CLINIC_0091_data,vertebrae_S1,0.0,0,0,235.2,285.0,192.3,249.9,200.8,242.4,235.2,285.0,193.2,250.8,200.0,241.6,1.0,1.0,True
dataset6_CLINIC_0091_data,hip_left,0.0,0,0,149.3,263.5,183.5,313.3,52.8,244.0,149.3,263.5,182.5,314.3,53.6,244.0,1.0,1.0,True
dataset6_CLINIC_0091_data,hip_right,0.0,0,0,271.3,385.5,177.6,298.7,54.4,249.6,271.3,385.5,176.7,298.7,55.2,250.4,1.0,1.0,True
dataset6_CLINIC_0092_data,sacrum,0.0,0,0,140.0,261.2,72.7,160.3,72.9,232.3,140.0,261.2,72.7,161.9,72.9,233.9,1.6,1.6,True
dataset6_CLINIC_0092_data,vertebrae_S1,0.0,0,0,168.9,233.8,97.0,176.0,177.8,238.7,168.9,233.8,97.0,176.0,178.6,237.9,0.8,0.8,True
dataset6_CLINIC_0092_data,hip_left,0.0,0,0,62.6,184.6,79.8,222.9,43.3,259.5,62.6,183.0,79.8,222.9,43.3,259.5,1.6,1.6,True
dataset6_CLINIC_0092_data,hip_right,0.0,0,0,185.3,348.0,82.9,223.7,38.4,240.3,185.3,348.0,82.9,224.4,38.4,239.5,0.8,0.8,True
dataset6_CLINIC_0093_data,sacrum,0.0,0,0,135.9,250.8,107.8,193.8,78.4,219.2,135.9,250.8,107.0,193.8,78.4,219.2,0.8,0.8,True
dataset6_CLINIC_0093_data,vertebrae_S1,0.0,0,0,163.3,219.5,134.4,203.9,171.2,217.6,163.3,219.5,134.4,203.9,171.2,217.6,0.0,0.0,True
dataset6_CLINIC_0093_data,hip_left,0.0,0,0,48.4,182.0,127.3,257.0,24.0,233.6,48.4,182.0,126.6,257.0,24.0,233.6,0.8,0.8,True
dataset6_CLINIC_0093_data,hip_right,0.0,0,0,210.9,330.5,119.5,260.9,37.6,250.4,210.9,330.5,119.5,261.7,37.6,250.4,0.8,0.8,True
dataset6_CLINIC_0094_data,sacrum,0.0,0,0,159.3,274.0,133.2,225.9,108.8,255.2,160.2,274.0,132.4,222.6,108.8,255.2,3.4,3.4,True
dataset6_CLINIC_0094_data,vertebrae_S1,0.0,0,0,188.0,250.4,163.5,232.7,204.8,255.2,188.0,249.5,161.9,233.5,206.4,255.2,1.7,1.7,True
dataset6_CLINIC_0094_data,hip_left,0.0,0,0,83.5,211.6,152.6,290.0,74.4,284.0,82.6,212.4,153.4,289.1,73.6,284.0,0.8,0.8,True
dataset6_CLINIC_0094_data,hip_right,0.0,0,0,212.4,356.6,150.1,279.9,66.4,270.4,211.6,356.6,150.1,278.2,68.0,270.4,1.7,1.7,True
dataset6_CLINIC_0095_data,sacrum,0.0,0,0,192.3,304.5,173.7,257.7,48.9,207.5,192.3,304.5,173.7,256.7,47.3,207.5,1.6,1.6,True
dataset6_CLINIC_0095_data,vertebrae_S1,0.0,0,0,222.5,274.3,200.1,263.5,152.2,201.1,222.5,274.3,200.1,263.5,153.8,200.3,1.6,1.6,True
dataset6_CLINIC_0095_data,hip_left,0.0,0,0,111.3,246.0,185.4,319.2,20.0,224.3,111.3,246.0,185.4,319.2,20.0,224.3,0.0,0.0,True
dataset6_CLINIC_0095_data,hip_right,0.0,0,0,247.9,384.5,187.4,316.2,26.4,231.5,247.9,384.5,187.4,316.2,26.4,233.1,1.6,1.6,True
dataset6_CLINIC_0096_data,sacrum,0.0,0,0,141.5,259.6,88.4,183.8,93.5,242.9,141.5,259.6,88.4,185.3,92.7,242.9,1.6,1.6,True
dataset6_CLINIC_0096_data,vertebrae_S1,0.0,0,0,172.8,229.1,125.9,192.4,202.9,247.7,172.8,229.1,124.3,192.4,202.9,247.7,1.6,1.6,True
dataset6_CLINIC_0096_data,hip_left,0.0,0,0,55.5,193.2,110.3,246.3,52.7,256.5,56.3,193.2,110.3,246.3,52.7,256.5,0.8,0.8,True
dataset6_CLINIC_0096_data,hip_right,0.0,0,0,195.5,334.7,109.5,245.5,43.9,250.1,195.5,334.7,108.7,244.8,43.1,250.1,0.8,0.8,True
dataset6_CLINIC_0097_data,sacrum,0.0,0,0,186.4,295.7,159.1,223.5,68.9,189.8,186.4,294.8,159.1,222.5,68.9,189.8,1.0,1.0,True
dataset6_CLINIC_0097_data,vertebrae_S1,0.0,0,0,213.7,265.5,169.8,229.4,154.6,193.0,213.7,265.5,169.8,230.3,154.6,193.0,1.0,1.0,True
dataset6_CLINIC_0097_data,hip_left,0.0,0,0,116.1,248.9,162.0,294.8,16.0,203.5,116.1,248.9,162.0,293.8,16.0,203.5,1.0,1.0,True
dataset6_CLINIC_0097_data,hip_right,0.0,0,0,250.8,363.1,162.0,292.8,22.4,215.5,250.8,363.1,163.0,293.8,22.4,215.5,1.0,1.0,True
dataset6_CLINIC_0098_data,sacrum,0.0,0,0,134.5,262.8,75.1,175.2,99.1,219.7,132.9,263.5,75.1,175.2,97.5,220.5,1.6,1.6,True
dataset6_CLINIC_0098_data,vertebrae_S1,0.0,0,0,168.9,226.8,120.4,181.4,180.6,222.9,168.9,227.6,120.4,181.4,180.6,221.3,1.6,1.6,True
dataset6_CLINIC_0098_data,hip_left,0.0,0,0,64.1,282.3,110.3,256.5,37.6,234.9,64.1,290.9,110.3,256.5,37.6,234.9,8.6,8.6,True
dataset6_CLINIC_0098_data,hip_right,0.0,0,0,201.8,334.7,102.4,235.4,46.3,251.7,202.5,333.9,102.4,235.4,46.3,251.7,0.8,0.8,True
dataset6_CLINIC_0099_data,sacrum,0.0,0,0,141.8,262.5,119.2,213.0,61.5,211.7,142.5,262.5,118.5,212.2,61.5,211.7,0.8,0.8,True
dataset6_CLINIC_0099_data,vertebrae_S1,0.0,0,0,174.8,234.0,143.2,216.0,169.4,214.9,174.0,234.0,142.5,216.8,169.4,214.9,0.8,0.8,True
dataset6_CLINIC_0099_data,hip_left,0.0,0,0,57.8,195.0,134.2,274.5,24.0,236.5,58.5,195.8,133.5,273.8,24.0,236.5,0.8,0.8,True
dataset6_CLINIC_0099_data,hip_right,0.0,0,0,194.2,342.0,131.2,271.5,17.6,219.7,195.0,342.0,130.5,272.2,17.6,219.7,0.8,0.8,True
dataset6_CLINIC_0100_data,sacrum,0.0,0,0,148.9,261.7,70.6,148.1,63.2,197.6,148.9,261.7,70.6,149.7,62.4,198.4,1.5,1.5,True
dataset6_CLINIC_0100_data,vertebrae_S1,0.0,0,0,178.8,231.8,97.5,154.3,145.6,195.2,178.8,231.8,97.5,154.3,146.4,193.6,1.6,1.6,True
dataset6_CLINIC_0100_data,hip_left,0.0,0,0,70.6,208.0,79.8,229.5,16.0,228.0,70.6,208.0,81.4,229.5,17.6,227.2,1.6,1.6,True
dataset6_CLINIC_0100_data,hip_right,0.0,0,0,207.2,330.8,82.9,238.7,25.6,241.6,207.2,330.8,82.9,238.7,24.8,241.6,0.8,0.8,True
dataset6_CLINIC_0101_data,sacrum,0.0,0,0,164.0,283.1,150.5,229.4,59.9,188.6,164.0,284.0,150.5,229.4,59.9,188.6,0.9,0.9,True
dataset6_CLINIC_0101_data,vertebrae_S1,0.0,0,0,195.3,248.2,175.6,235.6,147.0,188.6,195.3,249.1,176.5,233.9,147.0,188.6,1.8,1.8,True
dataset6_CLINIC_0101_data,hip_left,0.0,0,0,100.4,239.2,168.4,296.6,24.0,202.9,101.2,240.1,168.4,295.7,24.0,203.7,0.9,0.9,True
dataset6_CLINIC_0101_data,hip_right,0.0,0,0,240.1,369.2,159.5,287.6,17.6,207.7,241.0,368.3,159.5,288.5,17.6,206.9,0.9,0.9,True
dataset6_CLINIC_0102_data,sacrum,0.0,0,0,189.3,312.3,194.2,269.4,60.9,221.1,191.3,313.3,195.2,268.4,60.9,221.1,2.0,2.0,True
dataset6_CLINIC_0102_data,vertebrae_S1,0.0,0,0,216.7,280.1,214.7,285.0,176.2,226.7,217.6,281.1,215.7,284.0,174.6,226.7,1.6,1.6,True
dataset6_CLINIC_0102_data,hip_left,0.0,0,0,110.3,254.7,201.1,352.3,21.6,229.9,110.3,254.7,201.1,352.3,21.6,229.9,0.0,0.0,True
dataset6_CLINIC_0102_data,hip_right,0.0,0,0,255.7,396.3,200.1,349.4,28.0,229.9,256.7,395.3,201.1,349.4,27.2,229.9,1.0,1.0,True
dataset6_CLINIC_0103_data,sacrum,0.0,0,0,124.4,233.8,67.7,160.0,101.6,237.6,123.7,234.5,67.7,157.2,103.2,237.6,2.7,2.7,True
dataset6_CLINIC_0103_data,vertebrae_S1,0.0,0,0,147.0,206.4,96.4,162.7,185.6,237.6,146.3,205.8,95.0,163.4,185.6,237.6,1.4,1.4,True
dataset6_CLINIC_0103_data,hip_left,0.0,0,0,45.1,170.9,80.0,220.1,53.6,266.4,45.8,171.6,79.3,219.4,53.6,266.4,0.7,0.7,True
dataset6_CLINIC_0103_data,hip_right,0.0,0,0,183.2,317.9,82.7,215.3,44.8,255.2,183.9,317.2,82.7,214.6,44.8,255.2,0.7,0.7,True
dataset7_CLINIC_metal_0000_data,sacrum,0.0,0,0,125.1,238.3,100.6,196.1,100.0,241.6,124.3,239.0,99.9,195.4,98.4,242.4,1.6,1.6,True
dataset7_CLINIC_metal_0000_data,vertebrae_S1,0.0,0,0,147.3,211.6,145.8,200.5,197.6,244.8,146.5,212.4,145.0,199.8,197.6,244.8,0.7,0.7,True
dataset7_CLINIC_metal_0000_data,hip_left,0.0,0,0,52.5,191.7,112.5,251.6,44.0,244.8,51.8,192.4,111.7,250.9,44.8,244.8,0.8,0.8,True
dataset7_CLINIC_metal_0000_data,hip_right,0.0,0,0,195.4,301.9,128.8,262.0,51.2,263.2,196.1,301.2,128.0,262.7,52.0,263.2,0.8,0.8,True
dataset7_CLINIC_metal_0001_data,sacrum,0.0,0,0,129.1,246.5,112.9,197.8,77.6,200.0,129.9,245.8,112.2,198.5,77.6,200.0,0.7,0.7,True
dataset7_CLINIC_metal_0001_data,vertebrae_S1,0.0,0,0,158.7,215.5,150.6,206.6,155.2,195.2,157.9,216.2,149.8,206.6,155.2,195.2,0.7,0.7,True
dataset7_CLINIC_metal_0001_data,hip_left,0.0,0,0,55.3,192.6,137.3,259.8,18.4,213.6,56.1,191.9,136.5,260.5,18.4,213.6,0.7,0.7,True
dataset7_CLINIC_metal_0001_data,hip_right,0.0,0,0,193.4,311.4,132.8,261.3,24.8,222.4,192.6,310.7,133.6,260.5,24.8,222.4,0.7,0.7,True
dataset7_CLINIC_metal_0002_data,sacrum,0.0,0,0,181.0,289.8,126.6,220.4,112.0,252.8,181.0,289.8,127.6,218.6,108.8,252.8,3.2,3.2,True
dataset7_CLINIC_metal_0002_data,vertebrae_S1,0.0,0,0,206.4,260.8,162.3,225.1,191.2,239.2,207.3,261.7,162.3,224.2,191.2,239.2,0.9,0.9,True
dataset7_CLINIC_metal_0002_data,hip_left,0.0,0,0,93.8,240.1,143.5,275.8,71.2,279.2,94.7,239.2,143.5,275.8,71.2,279.2,0.9,0.9,True
dataset7_CLINIC_metal_0002_data,hip_right,0.0,0,0,238.3,385.5,141.6,270.1,56.0,268.8,238.3,384.6,142.6,270.1,56.0,268.8,0.9,0.9,True
dataset7_CLINIC_metal_0003_data,sacrum,0.0,0,0,152.0,269.9,123.0,209.2,88.0,253.6,152.0,269.0,123.0,213.5,88.0,254.4,4.3,4.3,True
dataset7_CLINIC_metal_0003_data,vertebrae_S1,0.0,0,0,179.3,241.7,146.9,222.9,202.4,253.6,177.6,240.0,146.9,222.0,202.4,254.4,1.7,1.7,True
dataset7_CLINIC_metal_0003_data,hip_left,0.0,0,0,67.5,216.1,140.1,288.7,44.0,270.4,68.3,216.1,139.2,288.7,43.2,268.8,1.6,1.6,True
dataset7_CLINIC_metal_0003_data,hip_right,0.0,0,0,217.8,360.4,132.4,288.7,47.2,279.2,218.6,360.4,131.5,289.5,48.0,279.2,0.9,0.9,True
dataset7_CLINIC_metal_0004_data,sacrum,0.0,0,0,181.6,307.4,126.8,223.3,81.6,232.0,182.6,308.4,126.8,223.3,81.6,232.0,0.9,0.9,True
dataset7_CLINIC_metal_0004_data,vertebrae_S1,0.0,0,0,213.8,277.2,158.0,232.7,180.0,228.8,213.8,275.3,158.9,232.7,180.0,228.8,1.9,1.9,True
dataset7_CLINIC_metal_0004_data,hip_left,0.0,0,0,97.4,253.5,144.7,303.7,24.8,251.2,98.4,249.7,144.7,301.8,24.8,251.2,3.8,3.8,True
dataset7_CLINIC_metal_0004_data,hip_right,0.0,0,0,247.9,403.9,139.1,296.1,29.6,254.4,247.9,403.0,139.1,296.1,28.8,254.4,0.9,0.9,True
dataset7_CLINIC_metal_0005_data,sacrum,0.0,0,0,186.5,309.0,140.4,247.7,19.2,158.4,187.5,308.0,139.4,247.7,19.2,158.4,0.9,0.9,True
dataset7_CLINIC_metal_0005_data,vertebrae_S1,0.0,0,0,216.7,278.8,181.8,253.4,114.4,163.2,215.7,279.8,180.9,254.3,113.6,162.4,0.9,0.9,True
dataset7_CLINIC_metal_0005_data,hip_left,0.0,0,0,102.7,238.3,173.3,300.5,0.0,182.4,103.6,239.3,172.4,300.5,0.0,182.4,0.9,0.9,True
dataset7_CLINIC_metal_0005_data,hip_right,0.0,0,0,240.2,390.9,163.9,297.7,0.0,182.4,241.2,390.0,164.8,297.7,0.0,182.4,0.9,0.9,True
dataset7_CLINIC_metal_0006_data,sacrum,0.0,0,0,176.2,294.8,171.4,256.2,66.4,219.2,176.2,294.8,172.4,258.1,65.6,219.2,1.9,1.9,True
dataset7_CLINIC_metal_0006_data,vertebrae_S1,0.0,0,0,204.4,263.8,198.8,264.7,174.4,222.4,204.4,263.8,197.8,265.6,175.2,222.4,0.9,0.9,True
dataset7_CLINIC_metal_0006_data,hip_left,0.0,0,0,93.3,233.6,179.0,330.6,32.0,235.2,93.3,231.7,179.9,330.6,31.2,236.0,1.9,1.9,True
dataset7_CLINIC_metal_0006_data,hip_right,0.0,0,0,232.7,370.2,184.6,334.4,28.8,241.6,232.7,370.2,184.6,333.5,28.0,241.6,0.9,0.9,True
dataset7_CLINIC_metal_0007_data,sacrum,0.0,0,0,133.4,261.6,91.1,179.3,98.4,233.6,131.9,262.3,90.4,180.1,98.4,232.8,1.5,1.5,True
dataset7_CLINIC_metal_0007_data,vertebrae_S1,0.0,0,0,168.9,227.5,124.5,186.7,192.0,233.6,169.7,227.5,123.7,186.0,192.0,232.8,0.8,0.8,True
dataset7_CLINIC_metal_0007_data,hip_left,0.0,0,0,56.3,188.2,111.9,251.2,46.4,252.8,55.6,188.2,111.9,249.7,46.4,252.8,1.5,1.5,True
dataset7_CLINIC_metal_0007_data,hip_right,0.0,0,0,190.4,335.7,108.9,246.8,40.0,245.6,190.4,335.7,108.2,246.8,40.0,244.8,0.8,0.8,True
dataset7_CLINIC_metal_0008_data,sacrum,0.0,0,0,137.1,247.5,123.0,201.6,60.0,200.8,136.3,246.8,123.7,202.3,60.0,200.0,0.8,0.8,True
dataset7_CLINIC_metal_0008_data,vertebrae_S1,0.0,0,0,163.0,220.8,142.3,210.4,156.0,200.8,161.5,219.3,143.0,209.7,157.6,200.0,1.6,1.6,True
dataset7_CLINIC_metal_0008_data,hip_left,0.0,0,0,62.2,197.8,134.9,258.6,20.8,220.0,63.0,198.6,135.6,259.3,20.8,220.0,0.7,0.7,True
dataset7_CLINIC_metal_0008_data,hip_right,0.0,0,0,198.6,317.9,130.4,261.6,14.4,220.0,199.3,317.1,131.2,260.8,14.4,220.0,0.7,0.7,True
dataset7_CLINIC_metal_0009_data,sacrum,0.0,0,0,85.3,218.8,79.3,174.9,0.0,132.8,85.3,218.8,77.5,170.7,0.0,132.0,4.2,4.2,True
dataset7_CLINIC_metal_0009_data,vertebrae_S1,0.0,0,0,127.4,188.7,114.2,179.7,63.2,113.6,129.2,188.7,114.2,179.7,63.2,113.6,1.8,1.8,True
dataset7_CLINIC_metal_0009_data,hip_left,0.0,0,0,13.2,119.6,98.6,221.8,0.0,148.0,13.2,122.6,98.6,221.8,0.0,147.2,3.0,3.0,True
dataset7_CLINIC_metal_0009_data,hip_right,0.0,0,0,192.3,295.7,94.4,223.6,0.0,148.0,192.3,296.9,94.4,223.6,0.0,148.8,1.2,1.2,True
dataset7_CLINIC_metal_0010_data,sacrum,0.0,0,0,128.0,256.8,113.2,204.2,96.0,237.6,128.0,257.5,114.0,205.0,95.2,237.6,0.8,0.8,True
dataset7_CLINIC_metal_0010_data,vertebrae_S1,0.0,0,0,164.3,222.0,146.5,207.2,188.8,232.0,163.5,222.0,147.3,207.9,188.8,232.0,0.7,0.7,True
dataset7_CLINIC_metal_0010_data,hip_left,0.0,0,0,43.7,194.6,137.6,272.3,46.4,254.4,43.7,196.1,136.9,271.6,47.2,254.4,1.5,1.5,True
dataset7_CLINIC_metal_0010_data,hip_right,0.0,0,0,193.9,345.6,131.0,272.3,43.2,249.6,193.9,344.8,131.7,271.6,42.4,250.4,0.8,0.8,True
dataset7_CLINIC_metal_0011_data,sacrum,0.0,0,0,156.2,266.8,142.1,218.6,71.3,215.5,157.1,267.6,142.1,218.6,71.3,215.5,0.8,0.8,True
dataset7_CLINIC_metal_0011_data,vertebrae_S1,0.0,0,0,187.0,240.2,163.7,220.2,170.6,213.9,187.0,239.3,163.7,219.4,170.6,212.3,1.6,1.6,True
dataset7_CLINIC_metal_0011_data,hip_left,0.0,0,0,72.3,203.6,137.9,286.7,36.8,249.9,72.3,202.8,137.9,287.5,36.8,249.9,0.8,0.8,True
dataset7_CLINIC_metal_0011_data,hip_right,0.0,0,0,220.2,344.0,145.4,289.2,40.1,248.3,218.6,344.0,145.4,290.0,40.1,248.3,1.7,1.7,True
dataset7_CLINIC_metal_0012_data,sacrum,0.0,0,0,159.0,272.9,103.4,199.0,62.4,210.4,158.2,272.0,103.4,201.6,62.4,210.4,2.6,2.6,True
dataset7_CLINIC_metal_0012_data,vertebrae_S1,0.0,0,0,183.4,246.8,138.2,212.0,164.8,210.4,182.5,246.8,136.4,212.0,164.8,208.8,1.7,1.7,True
dataset7_CLINIC_metal_0012_data,hip_left,0.0,0,0,66.0,203.3,123.4,272.0,12.0,231.2,66.9,204.2,122.5,272.9,12.0,231.2,0.9,0.9,True
dataset7_CLINIC_metal_0012_data,hip_right,0.0,0,0,204.2,365.8,106.9,255.5,7.2,229.6,203.3,365.0,107.8,254.6,7.2,228.8,0.9,0.9,True
dataset7_CLINIC_metal_0013_data,sacrum,0.0,0,0,130.6,247.7,74.6,167.1,67.2,228.0,130.6,247.7,74.6,170.1,67.2,228.8,3.0,3.0,True
dataset7_CLINIC_metal_0013_data,vertebrae_S1,0.0,0,0,155.2,226.1,98.5,180.6,168.8,227.2,155.2,223.1,98.5,180.6,168.0,227.2,3.0,3.0,True
dataset7_CLINIC_metal_0013_data,hip_left,0.0,0,0,48.5,175.3,83.6,234.3,34.4,256.8,47.0,175.3,83.6,235.8,34.4,256.8,1.5,1.5,True
dataset7_CLINIC_metal_0013_data,hip_right,0.0,0,0,185.0,335.7,85.1,225.3,17.6,237.6,183.5,337.2,85.1,225.3,17.6,237.6,1.5,1.5,True
dataset7_CLINIC_metal_0014_data,sacrum,0.0,0,0,190.8,313.6,120.1,216.8,77.6,236.8,192.6,312.7,120.1,215.9,79.2,236.8,1.8,1.8,True
dataset7_CLINIC_metal_0014_data,vertebrae_S1,0.0,0,0,223.1,286.7,160.4,220.4,188.0,235.2,224.0,287.6,161.3,220.4,187.2,235.2,0.9,0.9,True
dataset7_CLINIC_metal_0014_data,hip_left,0.0,0,0,117.4,229.4,128.1,267.0,49.6,256.0,117.4,228.5,128.1,267.0,50.4,257.6,1.6,1.6,True
dataset7_CLINIC_metal_0014_data,hip_right,0.0,0,0,230.3,375.4,141.6,289.4,43.2,244.0,229.4,376.3,141.6,289.4,42.4,244.0,0.9,0.9,True
dataset7_CLINIC_metal_0015_data,sacrum,0.0,0,0,128.2,247.1,115.7,197.1,79.2,200.0,127.5,247.1,115.0,197.1,78.4,200.0,0.8,0.8,True
dataset7_CLINIC_metal_0015_data,vertebrae_S1,0.0,0,0,158.0,215.8,153.3,201.8,188.8,200.0,158.7,215.1,154.1,201.8,188.8,200.0,0.8,0.8,True
dataset7_CLINIC_metal_0015_data,hip_left,0.0,0,0,71.2,172.0,122.8,270.6,53.6,200.0,70.4,172.8,122.0,270.6,54.4,200.0,0.8,0.8,True
dataset7_CLINIC_metal_0015_data,hip_right,0.0,0,0,174.4,318.3,125.9,270.6,41.6,200.0,173.6,317.5,126.7,270.6,42.4,200.0,0.8,0.8,True
dataset7_CLINIC_metal_0016_data,sacrum,0.0,0,0,170.8,293.8,130.1,223.9,79.2,232.0,169.9,293.8,131.0,223.9,80.0,232.0,0.9,0.9,True
dataset7_CLINIC_metal_0016_data,vertebrae_S1,0.0,0,0,199.1,291.2,171.7,239.8,160.0,232.0,199.1,288.5,171.7,239.8,160.0,232.0,2.7,2.7,True
dataset7_CLINIC_metal_0016_data,hip_left,0.0,0,0,85.0,207.1,145.1,273.5,26.4,251.2,84.1,208.9,145.1,272.6,26.4,251.2,1.8,1.8,True
dataset7_CLINIC_metal_0016_data,hip_right,0.0,0,0,206.2,368.2,152.2,295.6,19.2,232.8,208.0,368.2,152.2,295.6,18.4,232.8,1.8,1.8,True
dataset7_CLINIC_metal_0017_data,sacrum,0.0,0,0,135.0,252.0,90.3,188.4,104.8,248.8,135.0,251.2,90.3,190.0,104.8,248.8,1.6,1.6,True
dataset7_CLINIC_metal_0017_data,vertebrae_S1,0.0,0,0,164.1,232.4,133.5,201.7,198.4,252.8,163.3,223.7,133.5,202.5,198.4,252.8,8.6,8.6,True
dataset7_CLINIC_metal_0017_data,hip_left,0.0,0,0,62.8,203.3,111.5,248.8,55.2,256.0,62.8,204.9,111.5,248.8,55.2,256.0,1.6,1.6,True
dataset7_CLINIC_metal_0017_data,hip_right,0.0,0,0,205.7,328.1,111.5,248.8,60.0,260.8,205.7,328.1,111.5,247.3,58.4,260.8,1.6,1.6,True
dataset7_CLINIC_metal_0018_data,sacrum,0.0,0,0,131.2,244.5,105.2,185.2,78.4,216.0,130.4,243.8,106.0,185.2,80.0,216.0,1.6,1.6,True
dataset7_CLINIC_metal_0018_data,vertebrae_S1,0.0,0,0,154.9,215.6,118.6,192.7,175.2,215.2,155.6,216.4,119.3,192.7,174.4,214.4,0.8,0.8,True
dataset7_CLINIC_metal_0018_data,hip_left,0.0,0,0,65.2,190.4,114.1,246.8,40.8,234.4,65.9,191.2,113.4,246.8,40.8,235.2,0.8,0.8,True
dataset7_CLINIC_metal_0018_data,hip_right,0.0,0,0,191.2,314.9,118.6,245.3,42.4,232.8,191.9,314.2,119.3,245.3,42.4,232.0,0.8,0.8,True
dataset7_CLINIC_metal_0019_data,sacrum,0.0,0,0,95.9,212.6,69.4,136.9,82.4,227.2,94.6,212.6,68.8,137.6,81.6,227.2,1.3,1.3,True
dataset7_CLINIC_metal_0019_data,vertebrae_S1,0.0,0,0,121.8,182.4,80.1,130.6,181.6,227.2,121.8,183.0,80.8,131.2,181.6,227.2,0.6,0.6,True
dataset7_CLINIC_metal_0019_data,hip_left,0.0,0,0,25.2,162.8,75.7,213.9,46.4,240.8,25.9,163.4,76.4,214.5,47.2,240.8,0.8,0.8,True
dataset7_CLINIC_metal_0019_data,hip_right,0.0,0,0,165.3,301.0,69.4,198.8,44.8,237.6,165.3,301.6,70.0,199.4,44.0,237.6,0.8,0.8,True
dataset7_CLINIC_metal_0020_data,sacrum,0.0,0,0,136.9,253.1,62.9,132.5,48.0,190.4,136.9,252.3,63.6,132.5,48.0,192.0,1.6,1.6,True
dataset7_CLINIC_metal_0020_data,vertebrae_S1,0.0,0,0,168.0,229.4,71.8,123.6,145.6,190.4,168.7,229.4,71.0,119.1,144.8,190.4,4.4,4.4,True
dataset7_CLINIC_metal_0020_data,hip_left,0.0,0,0,55.5,190.2,55.5,199.1,13.6,204.0,54.8,188.7,54.8,199.1,13.6,204.0,1.5,1.5,True
dataset7_CLINIC_metal_0020_data,hip_right,0.0,0,0,188.0,328.6,71.8,210.9,10.4,200.8,188.0,328.6,71.0,210.9,10.4,200.8,0.7,0.7,True
dataset7_CLINIC_metal_0021_data,sacrum,0.0,0,0,159.0,272.9,103.4,199.0,62.4,210.4,158.2,272.0,103.4,201.6,62.4,210.4,2.6,2.6,True
dataset7_CLINIC_metal_0021_data,vertebrae_S1,0.0,0,0,183.4,246.8,138.2,212.0,164.8,210.4,182.5,246.8,136.4,212.0,164.8,208.8,1.7,1.7,True
dataset7_CLINIC_metal_0021_data,hip_left,0.0,0,0,66.0,203.3,123.4,272.0,12.0,231.2,66.9,204.2,122.5,272.9,12.0,231.2,0.9,0.9,True
dataset7_CLINIC_metal_0021_data,hip_right,0.0,0,0,204.2,365.8,106.9,255.5,7.2,229.6,203.3,365.0,107.8,254.6,7.2,228.8,0.9,0.9,True
dataset7_CLINIC_metal_0022_data,sacrum,0.0,0,0,177.1,289.0,124.2,207.0,104.0,209.6,175.3,289.0,123.3,203.5,103.2,209.6,3.5,3.5,True
dataset7_CLINIC_metal_0022_data,vertebrae_S1,0.0,0,0,205.3,257.3,180.6,211.4,200.0,209.6,206.2,256.4,181.5,211.4,200.0,209.6,0.9,0.9,True
dataset7_CLINIC_metal_0022_data,hip_left,0.0,0,0,104.8,227.3,144.5,280.2,56.0,209.6,104.8,227.3,144.5,281.9,56.8,209.6,1.8,1.8,True
dataset7_CLINIC_metal_0022_data,hip_right,0.0,0,0,228.2,370.0,140.1,264.3,51.2,209.6,228.2,370.9,140.1,263.4,50.4,209.6,0.9,0.9,True
dataset7_CLINIC_metal_0023_data,sacrum,0.0,0,0,170.6,292.6,136.3,232.5,112.0,272.0,170.6,292.6,136.3,233.5,112.0,268.8,3.2,3.2,True
dataset7_CLINIC_metal_0023_data,vertebrae_S1,0.0,0,0,194.4,255.4,160.1,234.4,214.4,266.4,194.4,254.5,160.1,233.5,214.4,266.4,1.0,1.0,True
dataset7_CLINIC_metal_0023_data,hip_left,0.0,0,0,84.8,244.9,146.8,294.5,59.2,270.4,84.8,244.0,146.8,293.5,58.4,270.4,1.0,1.0,True
dataset7_CLINIC_metal_0023_data,hip_right,0.0,0,0,245.9,375.5,155.3,305.0,68.0,279.2,244.9,374.5,155.3,305.0,67.2,279.2,1.0,1.0,True
dataset7_CLINIC_metal_0024_data,sacrum,0.0,0,0,194.2,307.4,164.0,244.0,63.2,199.2,194.2,307.4,164.9,245.0,63.2,199.2,1.0,1.0,True
dataset7_CLINIC_metal_0024_data,vertebrae_S1,0.0,0,0,219.6,282.1,188.4,251.8,159.2,200.8,219.6,282.1,187.4,252.8,159.2,200.8,1.0,1.0,True
dataset7_CLINIC_metal_0024_data,hip_left,0.0,0,0,108.3,234.2,172.8,302.6,13.6,214.4,108.3,234.2,173.7,303.5,13.6,214.4,1.0,1.0,True
dataset7_CLINIC_metal_0024_data,hip_right,0.0,0,0,236.2,379.7,174.7,312.3,13.6,209.6,236.2,379.7,174.7,312.3,13.6,209.6,0.0,0.0,True
dataset7_CLINIC_metal_0025_data,sacrum,0.0,0,0,160.7,291.0,141.3,228.4,77.6,218.4,161.6,290.2,142.1,227.6,79.2,218.4,1.6,1.6,True
dataset7_CLINIC_metal_0025_data,vertebrae_S1,0.0,0,0,166.7,254.6,166.7,233.5,173.6,218.4,166.7,255.5,166.7,233.5,175.2,216.8,1.6,1.6,True
dataset7_CLINIC_metal_0025_data,hip_left,0.0,0,0,93.1,236.9,161.6,300.3,36.8,244.0,93.1,236.0,161.6,301.2,36.8,244.0,0.8,0.8,True
dataset7_CLINIC_metal_0025_data,hip_right,0.0,0,0,234.3,373.1,153.1,291.9,28.0,233.6,234.3,373.9,153.1,291.9,28.0,233.6,0.8,0.8,True
dataset7_CLINIC_metal_0026_data,sacrum,0.0,0,0,205.8,333.4,175.8,261.6,58.4,196.0,204.8,334.5,175.8,261.6,58.4,196.0,1.1,1.1,True
dataset7_CLINIC_metal_0026_data,vertebrae_S1,0.0,0,0,218.7,299.1,203.7,268.0,148.8,197.6,219.8,300.2,203.7,268.0,148.8,196.0,1.6,1.6,True
dataset7_CLINIC_metal_0026_data,hip_left,0.0,0,0,127.6,260.5,191.9,329.1,14.4,223.2,126.5,260.5,191.9,329.1,14.4,223.2,1.1,1.1,True
dataset7_CLINIC_metal_0026_data,hip_right,0.0,0,0,263.7,410.6,193.0,333.4,4.0,208.0,263.7,410.6,193.0,334.5,4.0,208.0,1.1,1.1,True
dataset7_CLINIC_metal_0027_data,sacrum,0.0,0,0,181.8,307.7,171.8,275.7,106.4,251.2,182.8,306.7,171.8,275.7,106.4,251.2,1.0,1.0,True
dataset7_CLINIC_metal_0027_data,vertebrae_S1,0.0,0,0,214.8,274.7,216.8,281.7,205.6,252.8,215.8,273.7,216.8,281.7,205.6,252.8,1.0,1.0,True
dataset7_CLINIC_metal_0027_data,hip_left,0.0,0,0,120.9,242.8,193.8,322.7,56.8,244.8,119.9,241.8,193.8,320.7,56.8,244.8,2.0,2.0,True
dataset7_CLINIC_metal_0027_data,hip_right,0.0,0,0,241.8,368.6,196.8,319.7,67.2,261.6,242.8,368.6,196.8,319.7,68.8,261.6,1.6,1.6,True
dataset7_CLINIC_metal_0028_data,sacrum,0.0,0,0,132.5,258.3,107.3,218.3,102.4,230.4,131.0,259.0,106.6,217.6,103.2,229.6,1.5,1.5,True
dataset7_CLINIC_metal_0028_data,vertebrae_S1,0.0,0,0,167.2,239.8,156.9,224.2,184.8,230.4,167.2,239.0,159.1,225.0,185.6,229.6,2.2,2.2,True
dataset7_CLINIC_metal_0028_data,hip_left,0.0,0,0,71.0,199.8,142.1,267.9,42.4,233.6,71.0,199.8,142.8,268.6,41.6,232.8,0.8,0.8,True
dataset7_CLINIC_metal_0028_data,hip_right,0.0,0,0,197.6,319.7,136.2,259.0,54.4,247.2,196.1,318.9,135.4,258.3,53.6,246.4,1.5,1.5,True
dataset7_CLINIC_metal_0029_data,sacrum,0.0,0,0,135.3,254.9,89.9,189.2,67.2,228.8,133.7,251.8,89.9,188.5,67.2,228.8,3.1,3.1,True
dataset7_CLINIC_metal_0029_data,vertebrae_S1,0.0,0,0,164.2,222.1,124.3,198.6,172.0,225.6,164.2,222.1,124.3,198.6,172.8,227.2,1.6,1.6,True
dataset7_CLINIC_metal_0029_data,hip_left,0.0,0,0,48.5,179.9,115.0,247.9,22.4,251.2,48.5,179.9,115.7,248.7,22.4,251.2,0.8,0.8,True
dataset7_CLINIC_metal_0029_data,hip_right,0.0,0,0,179.1,341.0,108.7,251.0,14.4,242.4,179.1,341.0,109.5,251.8,14.4,242.4,0.8,0.8,True
dataset7_CLINIC_metal_0030_data,sacrum,0.0,0,0,136.3,251.2,83.7,170.4,43.2,188.0,134.9,251.9,84.5,169.7,43.2,188.0,1.5,1.5,True
dataset7_CLINIC_metal_0030_data,vertebrae_S1,0.0,0,0,166.0,223.0,112.6,184.5,142.4,191.2,165.2,221.6,111.9,183.8,144.0,191.2,1.6,1.6,True
dataset7_CLINIC_metal_0030_data,hip_left,0.0,0,0,56.3,185.2,97.1,234.2,14.4,213.6,57.1,185.2,96.3,233.4,14.4,213.6,0.7,0.7,True
dataset7_CLINIC_metal_0030_data,hip_right,0.0,0,0,187.5,329.7,95.6,232.7,10.4,208.0,187.5,329.7,96.3,231.9,10.4,208.0,0.7,0.7,True
dataset7_CLINIC_metal_0031_data,sacrum,0.0,0,0,135.3,251.8,93.1,180.6,0.0,120.8,135.3,251.8,93.1,180.6,0.0,119.2,1.6,1.6,True
dataset7_CLINIC_metal_0031_data,vertebrae_S1,0.0,0,0,164.2,222.1,119.6,186.9,73.6,119.2,164.2,222.1,119.6,186.9,73.6,119.2,0.0,0.0,True
dataset7_CLINIC_metal_0031_data,hip_left,0.0,0,0,53.2,183.0,100.1,247.1,0.0,138.4,52.4,184.6,100.1,247.9,0.0,138.4,1.6,1.6,True
dataset7_CLINIC_metal_0031_data,hip_right,0.0,0,0,192.4,339.4,101.7,257.3,0.0,140.0,190.8,339.4,101.7,260.4,0.0,140.0,3.1,3.1,True
dataset7_CLINIC_metal_0032_data,sacrum,0.0,0,0,131.0,251.6,71.0,176.1,55.2,196.8,130.2,252.3,71.8,173.2,55.2,196.8,3.0,3.0,True
dataset7_CLINIC_metal_0032_data,vertebrae_S1,0.0,0,0,163.5,223.5,102.9,177.6,157.6,203.2,164.3,222.7,103.6,178.3,159.2,203.2,1.6,1.6,True
dataset7_CLINIC_metal_0032_data,hip_left,0.0,0,0,54.0,194.6,87.3,225.7,7.2,218.4,54.8,193.9,88.1,225.0,8.8,218.4,1.6,1.6,True
dataset7_CLINIC_metal_0032_data,hip_right,0.0,0,0,195.4,328.6,95.5,231.6,12.0,216.8,196.1,327.8,95.5,232.4,12.0,216.8,0.7,0.7,True
dataset7_CLINIC_metal_0033_data,sacrum,0.0,0,0,147.1,263.4,104.7,185.3,59.2,220.8,147.1,263.4,105.5,184.5,58.4,221.6,0.8,0.8,True
dataset7_CLINIC_metal_0033_data,vertebrae_S1,0.0,0,0,175.3,239.3,126.3,192.8,176.8,227.2,176.2,239.3,125.5,192.0,176.0,226.4,0.8,0.8,True
dataset7_CLINIC_metal_0033_data,hip_left,0.0,0,0,64.0,206.1,118.8,259.3,33.6,231.2,64.8,205.3,118.8,258.4,32.8,230.4,0.8,0.8,True
dataset7_CLINIC_metal_0033_data,hip_right,0.0,0,0,208.6,344.9,112.2,255.1,38.4,236.0,207.7,343.2,111.4,255.1,39.2,236.8,1.7,1.7,True
dataset7_CLINIC_metal_0034_data,sacrum,0.0,0,0,156.2,266.8,142.1,218.6,71.3,213.9,157.1,267.6,142.1,218.6,71.3,213.9,0.8,0.8,True
dataset7_CLINIC_metal_0034_data,vertebrae_S1,0.0,0,0,186.1,239.3,163.7,220.2,170.6,212.3,185.3,239.3,163.7,219.4,171.4,212.3,0.8,0.8,True
dataset7_CLINIC_metal_0034_data,hip_left,0.0,0,0,69.0,203.6,137.9,284.2,38.4,249.9,74.0,202.8,137.9,285.9,36.8,249.9,5.0,5.0,True
dataset7_CLINIC_metal_0034_data,hip_right,0.0,0,0,219.4,344.9,145.4,290.8,40.1,248.3,218.6,343.2,145.4,290.0,40.1,248.3,1.7,1.7,True
dataset7_CLINIC_metal_0035_data,sacrum,0.0,0,0,132.8,242.1,88.6,175.6,73.6,229.6,132.1,242.8,89.3,177.1,73.6,229.6,1.5,1.5,True
dataset7_CLINIC_metal_0035_data,vertebrae_S1,0.0,0,0,158.7,213.3,118.8,180.1,184.0,228.0,159.4,212.5,119.6,180.1,184.0,228.0,0.7,0.7,True
dataset7_CLINIC_metal_0035_data,hip_left,0.0,0,0,31.0,166.8,105.5,243.5,39.2,264.8,31.7,167.5,104.1,243.5,39.2,264.8,1.5,1.5,True
dataset7_CLINIC_metal_0035_data,hip_right,0.0,0,0,166.0,326.2,98.9,245.0,39.2,256.8,166.8,325.5,98.2,245.0,39.2,256.8,0.7,0.7,True
dataset7_CLINIC_metal_0036_data,sacrum,0.0,0,0,178.5,295.2,115.8,222.2,99.9,237.3,178.5,293.4,115.8,220.5,99.1,237.3,1.7,1.7,True
dataset7_CLINIC_metal_0036_data,vertebrae_S1,0.0,0,0,204.2,267.7,163.0,224.8,187.0,235.7,204.2,266.8,162.2,224.8,186.2,235.7,0.9,0.9,True
dataset7_CLINIC_metal_0036_data,hip_left,0.0,0,0,109.0,235.1,145.9,280.6,52.7,259.7,108.1,235.1,145.9,280.6,53.5,259.7,0.9,0.9,True
dataset7_CLINIC_metal_0036_data,hip_right,0.0,0,0,236.8,364.6,145.9,274.6,43.9,249.3,237.7,363.8,145.9,274.6,43.1,249.3,0.9,0.9,True
dataset7_CLINIC_metal_0037_data,sacrum,0.0,0,0,157.9,279.2,121.3,227.7,64.0,206.4,157.9,278.4,122.2,229.4,64.0,206.4,1.7,1.7,True
dataset7_CLINIC_metal_0037_data,vertebrae_S1,0.0,0,0,187.8,251.0,163.7,235.2,163.2,212.0,187.8,250.1,164.5,236.0,163.2,212.0,0.8,0.8,True
dataset7_CLINIC_metal_0037_data,hip_left,0.0,0,0,70.6,300.0,150.4,272.6,0.8,228.8,70.6,209.4,149.6,273.4,0.8,228.8,90.6,90.6,True
dataset7_CLINIC_metal_0037_data,hip_right,0.0,0,0,211.1,359.0,154.6,290.8,5.6,228.8,211.9,358.2,153.7,290.0,5.6,230.4,1.6,1.6,True
dataset7_CLINIC_metal_0038_data,sacrum,0.0,0,0,264.0,384.4,235.8,343.8,77.6,220.8,264.0,384.4,234.5,343.8,77.6,220.8,1.2,1.2,True
dataset7_CLINIC_metal_0038_data,vertebrae_S1,0.0,0,0,295.9,359.8,277.5,350.0,172.0,224.0,295.9,359.8,277.5,350.0,172.0,224.0,0.0,0.0,True
dataset7_CLINIC_metal_0038_data,hip_left,0.0,0,0,174.4,298.4,262.8,389.3,16.0,248.0,174.4,298.4,262.8,389.3,16.0,248.0,0.0,0.0,True
dataset7_CLINIC_metal_0038_data,hip_right,0.0,0,0,299.6,459.3,270.2,413.8,16.0,239.2,299.6,459.3,270.2,412.6,16.0,239.2,1.2,1.2,True
dataset7_CLINIC_metal_0039_data,sacrum,0.0,0,0,179.6,303.5,155.2,234.2,55.2,208.0,180.6,303.5,155.2,235.2,55.2,208.0,1.0,1.0,True
dataset7_CLINIC_metal_0039_data,vertebrae_S1,0.0,0,0,210.8,271.3,179.6,243.0,164.8,211.2,210.8,271.3,178.6,242.0,165.6,211.2,1.0,1.0,True
dataset7_CLINIC_metal_0039_data,hip_left,0.0,0,0,108.3,247.9,165.9,303.5,17.6,232.0,108.3,247.9,164.9,302.6,17.6,231.2,1.0,1.0,True
dataset7_CLINIC_metal_0039_data,hip_right,0.0,0,0,249.9,387.5,168.8,300.6,16.0,232.0,249.9,387.5,168.8,299.6,16.0,231.2,1.0,1.0,True
dataset7_CLINIC_metal_0040_data,sacrum,0.0,0,0,168.1,273.9,122.0,199.8,83.2,244.8,168.1,274.8,122.9,201.6,83.2,244.8,1.8,1.8,True
dataset7_CLINIC_metal_0040_data,vertebrae_S1,0.0,0,0,192.6,253.1,141.9,211.5,194.4,244.8,193.5,254.0,141.9,212.4,194.4,244.8,0.9,0.9,True
dataset7_CLINIC_metal_0040_data,hip_left,0.0,0,0,91.3,235.0,137.4,283.9,49.6,248.0,91.3,234.1,137.4,283.0,49.6,248.0,0.9,0.9,True
dataset7_CLINIC_metal_0040_data,hip_right,0.0,0,0,231.4,368.8,139.2,285.7,42.4,241.6,232.3,368.8,139.2,284.8,42.4,243.2,1.6,1.6,True
dataset7_CLINIC_metal_0041_data,sacrum,0.0,0,0,245.6,373.5,215.2,307.6,84.0,206.4,245.6,374.7,215.2,308.9,84.0,206.4,1.3,1.3,True
dataset7_CLINIC_metal_0041_data,vertebrae_S1,0.0,0,0,282.3,338.0,253.2,315.2,168.0,208.0,281.1,338.0,253.2,315.2,168.0,208.0,1.3,1.3,True
dataset7_CLINIC_metal_0041_data,hip_left,0.0,0,0,182.3,311.4,243.1,392.5,31.2,228.8,183.6,311.4,243.1,391.2,31.2,228.8,1.3,1.3,True
dataset7_CLINIC_metal_0041_data,hip_right,0.0,0,0,311.4,453.2,235.5,373.5,20.8,227.2,311.4,454.5,235.5,373.5,20.8,227.2,1.3,1.3,True
dataset7_CLINIC_metal_0042_data,sacrum,0.0,0,0,125.2,239.8,40.2,125.2,83.2,231.2,125.2,240.6,40.2,125.2,83.2,232.0,0.8,0.8,True
dataset7_CLINIC_metal_0042_data,vertebrae_S1,0.0,0,0,147.2,216.3,72.1,129.8,190.4,234.4,147.2,216.3,72.1,129.8,188.8,234.4,1.6,1.6,True
dataset7_CLINIC_metal_0042_data,hip_left,0.0,0,0,69.1,202.7,58.4,215.6,23.2,251.2,69.1,202.7,58.4,215.6,23.2,251.2,0.0,0.0,True
dataset7_CLINIC_metal_0042_data,hip_right,0.0,0,0,203.4,317.3,41.7,182.2,20.0,249.6,203.4,317.3,41.7,182.2,20.0,249.6,0.0,0.0,True
dataset7_CLINIC_metal_0043_data,sacrum,0.0,0,0,130.6,247.7,74.6,167.1,67.2,228.0,130.6,247.7,74.6,170.1,67.2,228.8,3.0,3.0,True
dataset7_CLINIC_metal_0043_data,vertebrae_S1,0.0,0,0,155.2,226.1,98.5,180.6,168.8,227.2,155.2,223.1,98.5,180.6,168.0,227.2,3.0,3.0,True
dataset7_CLINIC_metal_0043_data,hip_left,0.0,0,0,48.5,175.3,83.6,234.3,34.4,256.8,47.0,175.3,83.6,235.8,34.4,256.8,1.5,1.5,True
dataset7_CLINIC_metal_0043_data,hip_right,0.0,0,0,185.0,335.7,85.1,225.3,17.6,237.6,183.5,337.2,85.1,225.3,17.6,237.6,1.5,1.5,True
dataset7_CLINIC_metal_0044_data,sacrum,0.0,0,0,165.4,283.2,85.7,181.0,71.2,227.2,165.4,283.2,85.7,181.0,71.2,230.4,3.2,3.2,True
dataset7_CLINIC_metal_0044_data,vertebrae_S1,0.0,0,0,192.3,257.2,111.7,194.8,169.6,228.8,192.3,258.9,111.7,194.8,169.6,228.8,1.7,1.7,True
dataset7_CLINIC_metal_0044_data,hip_left,0.0,0,0,82.3,213.9,101.3,245.9,36.8,257.6,81.4,213.0,101.3,245.9,36.8,257.6,0.9,0.9,True
dataset7_CLINIC_metal_0044_data,hip_right,0.0,0,0,229.5,371.5,97.9,233.8,21.6,244.0,228.6,371.5,97.9,233.8,21.6,244.0,0.9,0.9,True
dataset7_CLINIC_metal_0045_data,sacrum,0.0,0,0,138.5,259.1,105.8,193.7,0.0,80.0,139.3,259.9,105.8,195.3,0.0,80.0,1.6,1.6,True
dataset7_CLINIC_metal_0045_data,vertebrae_S1,0.0,0,0,168.0,236.5,123.7,206.2,20.8,78.4,167.3,235.7,123.7,205.4,20.8,78.4,0.8,0.8,True
dataset7_CLINIC_metal_0045_data,hip_left,0.0,0,0,49.8,160.3,119.0,245.1,0.0,105.6,50.6,161.0,119.0,244.3,0.0,105.6,0.8,0.8,True
dataset7_CLINIC_metal_0045_data,hip_right,0.0,0,0,237.3,344.7,108.9,238.8,0.0,93.6,236.5,345.4,108.9,238.8,0.0,93.6,0.8,0.8,True
dataset7_CLINIC_metal_0046_data,sacrum,0.0,0,0,136.9,248.4,80.0,174.3,55.2,192.0,136.1,249.1,83.8,173.5,55.2,192.0,3.7,3.7,True
dataset7_CLINIC_metal_0046_data,vertebrae_S1,0.0,0,0,163.1,219.2,114.5,180.3,144.0,190.4,162.3,218.4,113.7,179.5,144.0,190.4,0.7,0.7,True
dataset7_CLINIC_metal_0046_data,hip_left,0.0,0,0,60.6,195.2,105.5,225.2,13.6,212.8,59.8,196.0,106.2,224.4,13.6,212.8,0.7,0.7,True
dataset7_CLINIC_metal_0046_data,hip_right,0.0,0,0,196.0,320.2,101.0,226.7,2.4,209.6,195.2,319.4,100.2,227.4,2.4,209.6,0.7,0.7,True
dataset7_CLINIC_metal_0047_data,sacrum,0.0,0,0,127.3,238.3,74.0,157.6,95.2,235.2,128.8,239.0,74.7,158.4,95.2,234.4,1.5,1.5,True
dataset7_CLINIC_metal_0047_data,vertebrae_S1,0.0,0,0,153.2,209.4,98.4,163.5,188.8,235.2,153.9,209.4,96.9,164.3,190.4,234.4,1.6,1.6,True
dataset7_CLINIC_metal_0047_data,hip_left,0.0,0,0,52.5,187.2,87.3,207.9,54.4,252.8,53.3,186.5,88.1,207.9,54.4,252.8,0.7,0.7,True
dataset7_CLINIC_metal_0047_data,hip_right,0.0,0,0,189.4,307.1,85.8,212.4,47.2,254.4,188.7,307.1,86.6,212.4,47.2,254.4,0.7,0.7,True
dataset7_CLINIC_metal_0048_data,sacrum,0.0,0,0,141.5,251.9,85.2,171.2,14.4,153.6,140.8,251.2,84.5,169.7,14.4,153.6,1.5,1.5,True
dataset7_CLINIC_metal_0048_data,vertebrae_S1,0.0,0,0,166.0,223.8,111.9,177.1,106.4,152.0,166.7,224.5,111.1,177.1,106.4,152.0,0.7,0.7,True
dataset7_CLINIC_metal_0048_data,hip_left,0.0,0,0,66.7,205.3,103.0,219.3,0.0,168.8,65.9,206.0,103.7,220.8,0.0,168.0,1.5,1.5,True
dataset7_CLINIC_metal_0048_data,hip_right,0.0,0,0,207.5,322.3,98.6,219.3,0.0,172.8,208.2,321.6,97.8,219.3,0.0,172.8,0.7,0.7,True
dataset7_CLINIC_metal_0049_data,sacrum,0.0,0,0,173.7,298.7,141.5,236.2,64.8,226.4,172.8,298.7,141.5,235.3,64.0,227.2,0.9,0.9,True
dataset7_CLINIC_metal_0049_data,vertebrae_S1,0.0,0,0,203.1,267.4,171.9,249.0,176.0,232.8,204.9,266.5,173.7,249.0,176.8,232.8,1.8,1.8,True
dataset7_CLINIC_metal_0049_data,hip_left,0.0,0,0,89.1,241.7,162.7,307.9,22.4,240.0,89.1,241.7,162.7,307.9,23.2,240.0,0.8,0.8,True
dataset7_CLINIC_metal_0049_data,hip_right,0.0,0,0,244.5,385.1,155.3,298.7,28.8,246.4,243.5,384.1,155.3,298.7,28.8,246.4,0.9,0.9,True
dataset7_CLINIC_metal_0050_data,sacrum,0.0,0,0,134.7,249.5,73.1,159.4,81.6,217.6,134.7,249.5,73.1,160.9,81.6,217.6,1.5,1.5,True
dataset7_CLINIC_metal_0050_data,vertebrae_S1,0.0,0,0,166.3,224.1,100.1,170.2,172.0,216.0,166.3,224.1,100.1,170.2,172.0,216.0,0.0,0.0,True
dataset7_CLINIC_metal_0050_data,hip_left,0.0,0,0,56.2,189.4,86.2,235.6,33.6,244.8,56.2,189.4,87.0,238.7,33.6,244.8,3.1,3.1,True
dataset7_CLINIC_metal_0050_data,hip_right,0.0,0,0,188.6,328.0,90.9,235.6,28.8,236.0,188.6,328.0,90.9,240.2,28.8,236.0,4.6,4.6,True
dataset7_CLINIC_metal_0051_data,sacrum,0.0,0,0,146.2,261.8,147.9,213.3,63.2,202.4,146.2,261.8,147.9,213.3,61.6,202.4,1.6,1.6,True
dataset7_CLINIC_metal_0051_data,vertebrae_S1,0.0,0,0,179.4,231.9,158.4,222.2,160.8,202.4,178.6,231.9,158.4,221.4,160.8,202.4,0.8,0.8,True
dataset7_CLINIC_metal_0051_data,hip_left,0.0,0,0,74.3,214.9,155.1,278.8,25.6,216.8,74.3,214.9,155.1,280.4,25.6,216.0,1.6,1.6,True
dataset7_CLINIC_metal_0051_data,hip_right,0.0,0,0,217.4,336.9,149.5,277.1,28.8,223.2,137.4,336.9,149.5,278.8,28.8,223.2,80.0,80.0,True
dataset7_CLINIC_metal_0052_data,sacrum,0.0,0,0,194.2,301.6,155.2,240.1,99.9,247.7,194.2,301.6,155.2,242.0,99.9,247.7,2.0,2.0,True
dataset7_CLINIC_metal_0052_data,vertebrae_S1,0.0,0,0,220.6,277.2,185.4,247.9,207.7,252.5,219.6,277.2,186.4,248.9,207.7,252.5,1.0,1.0,True
dataset7_CLINIC_metal_0052_data,hip_left,0.0,0,0,122.0,251.8,165.9,294.8,57.5,264.5,122.0,251.8,164.9,293.8,57.5,264.5,1.0,1.0,True
dataset7_CLINIC_metal_0052_data,hip_right,0.0,0,0,247.9,394.3,165.9,285.0,59.1,266.1,252.8,394.3,164.9,286.0,59.1,266.1,4.9,4.9,True
dataset7_CLINIC_metal_0053_data,sacrum,0.0,0,0,177.9,262.4,94.3,159.9,60.0,148.8,177.9,259.9,95.1,160.7,60.0,148.8,2.5,2.5,True
dataset7_CLINIC_metal_0053_data,vertebrae_S1,0.0,0,0,,,,,,,,,,,,,,,False
dataset7_CLINIC_metal_0053_data,hip_left,0.0,0,0,81.2,209.9,106.6,223.0,20.8,148.8,81.2,207.5,107.4,220.6,20.8,148.8,2.5,2.5,True
dataset7_CLINIC_metal_0053_data,hip_right,0.0,0,0,209.1,348.5,122.2,240.3,17.6,148.8,209.9,347.7,123.8,240.3,17.6,148.8,1.6,1.6,True
dataset7_CLINIC_metal_0054_data,sacrum,0.0,0,0,137.4,245.7,130.3,213.5,118.4,266.4,137.4,245.7,131.1,212.7,118.4,266.4,0.8,0.8,True
dataset7_CLINIC_metal_0054_data,vertebrae_S1,0.0,0,0,164.1,222.2,158.6,221.4,226.4,270.4,163.3,221.4,157.8,222.2,226.4,270.4,0.8,0.8,True
dataset7_CLINIC_metal_0054_data,hip_left,0.0,0,0,64.4,196.3,138.9,268.5,76.0,279.2,65.2,193.9,138.2,269.3,76.0,279.2,2.4,2.4,True
dataset7_CLINIC_metal_0054_data,hip_right,0.0,0,0,195.5,336.8,138.9,259.1,76.0,279.2,193.1,337.6,138.2,259.8,77.6,279.2,2.4,2.4,True
dataset7_CLINIC_metal_0055_data,sacrum,0.0,0,0,197.7,320.7,177.3,274.2,67.2,213.6,197.7,319.8,176.4,273.3,67.2,213.6,1.0,1.0,True
dataset7_CLINIC_metal_0055_data,vertebrae_S1,0.0,0,0,226.7,285.9,213.2,278.1,168.0,210.4,225.8,286.8,212.2,279.1,166.4,211.2,1.6,1.6,True
dataset7_CLINIC_metal_0055_data,hip_left,0.0,0,0,124.0,270.4,205.4,360.5,22.4,228.8,124.0,270.4,205.4,361.4,22.4,228.8,1.0,1.0,True
dataset7_CLINIC_metal_0055_data,hip_right,0.0,0,0,273.3,406.0,198.6,327.5,17.6,228.8,272.3,407.0,197.7,328.5,17.6,228.8,1.0,1.0,True
dataset7_CLINIC_metal_0056_data,sacrum,0.0,0,0,125.1,247.2,104.3,186.5,88.8,217.6,124.3,247.2,105.1,185.0,88.8,217.6,1.5,1.5,True
dataset7_CLINIC_metal_0056_data,vertebrae_S1,0.0,0,0,157.6,216.1,126.5,190.9,168.0,214.4,157.6,215.3,125.8,190.9,168.8,214.4,0.8,0.8,True
dataset7_CLINIC_metal_0056_data,hip_left,0.0,0,0,37.7,194.6,116.2,264.9,41.6,248.8,37.7,194.6,116.9,263.4,42.4,248.8,1.5,1.5,True
dataset7_CLINIC_metal_0056_data,hip_right,0.0,0,0,198.3,328.6,113.2,263.4,32.8,243.2,199.8,327.8,114.0,263.4,33.6,243.2,1.5,1.5,True
dataset7_CLINIC_metal_0057_data,sacrum,0.0,0,0,152.2,268.8,119.1,215.0,55.2,204.0,152.2,269.6,119.1,215.0,55.2,204.0,0.8,0.8,True
dataset7_CLINIC_metal_0057_data,vertebrae_S1,0.0,0,0,175.3,237.3,155.5,220.8,155.2,202.4,176.2,238.2,155.5,220.8,155.2,202.4,0.8,0.8,True
dataset7_CLINIC_metal_0057_data,hip_left,0.0,0,0,76.9,217.5,142.2,296.1,5.6,219.2,76.9,217.5,141.4,296.1,5.6,219.2,0.8,0.8,True
dataset7_CLINIC_metal_0057_data,hip_right,0.0,0,0,217.5,359.7,133.1,288.6,13.6,229.6,218.3,359.7,132.3,288.6,13.6,229.6,0.8,0.8,True
dataset7_CLINIC_metal_0058_data,sacrum,0.0,0,0,122.1,242.7,100.6,199.1,94.4,251.2,121.4,242.7,99.9,196.8,94.4,251.2,2.2,2.2,True
dataset7_CLINIC_metal_0058_data,vertebrae_S1,0.0,0,0,151.7,213.1,127.3,200.5,202.4,248.0,151.7,212.4,126.5,199.8,202.4,248.0,0.7,0.7,True
dataset7_CLINIC_metal_0058_data,hip_left,0.0,0,0,45.1,187.2,114.0,260.5,56.8,268.8,45.1,188.7,113.2,259.7,56.8,268.8,1.5,1.5,True
dataset7_CLINIC_metal_0058_data,hip_right,0.0,0,0,189.4,319.7,116.9,272.3,55.2,270.4,189.4,320.4,117.7,271.6,55.2,270.4,0.7,0.7,True
dataset7_CLINIC_metal_0059_data,sacrum,0.0,0,0,147.5,256.4,131.8,220.9,70.4,188.8,147.5,256.4,131.0,220.9,70.4,188.0,0.8,0.8,True
dataset7_CLINIC_metal_0059_data,vertebrae_S1,0.0,0,0,171.2,226.4,172.8,224.1,133.6,178.4,172.8,226.4,173.6,224.1,135.2,177.6,1.6,1.6,True
dataset7_CLINIC_metal_0059_data,hip_left,0.0,0,0,70.2,206.7,156.2,278.5,24.0,202.4,70.2,206.7,157.0,278.5,24.0,201.6,0.8,0.8,True
dataset7_CLINIC_metal_0059_data,hip_right,0.0,0,0,205.9,339.3,151.5,273.8,8.8,185.6,205.9,339.3,150.7,273.8,8.8,186.4,0.8,0.8,True
dataset7_CLINIC_metal_0059u0071_union,sacrum,0.0,0,0,147.5,256.4,131.8,220.9,176.0,294.4,147.5,256.4,131.0,220.9,176.8,295.2,0.8,0.8,True
dataset7_CLINIC_metal_0059u0071_union,vertebrae_S1,0.0,0,0,171.2,226.4,172.8,224.1,240.8,285.6,171.2,226.4,172.0,224.1,241.6,284.8,0.8,0.8,True
dataset7_CLINIC_metal_0059u0071_union,hip_left,0.0,0,0,70.2,206.7,156.2,278.5,129.6,309.6,70.2,206.7,155.4,278.5,130.4,308.8,0.8,0.8,True
dataset7_CLINIC_metal_0059u0071_union,hip_right,0.0,0,0,205.9,339.3,151.5,273.8,116.0,292.8,205.9,339.3,150.7,273.8,116.8,293.6,0.8,0.8,True
dataset7_CLINIC_metal_0060_data,sacrum,0.0,0,0,127.3,239.8,90.3,178.3,100.8,228.0,126.5,239.8,91.0,180.6,101.6,228.8,2.2,2.2,True
dataset7_CLINIC_metal_0060_data,vertebrae_S1,0.0,0,0,150.2,206.5,122.1,176.9,174.4,219.2,151.0,207.2,122.8,177.6,175.2,220.0,0.8,0.8,True
dataset7_CLINIC_metal_0060_data,hip_left,0.0,0,0,58.5,193.1,111.7,233.1,51.2,241.6,59.2,191.7,112.5,233.8,52.0,240.8,1.5,1.5,True
dataset7_CLINIC_metal_0060_data,hip_right,0.0,0,0,108.0,330.0,108.0,219.8,49.6,229.6,110.3,330.0,108.8,222.0,48.8,228.8,2.2,2.2,True
dataset7_CLINIC_metal_0061_data,sacrum,0.0,0,0,158.2,264.8,125.2,198.0,72.8,211.2,157.4,265.6,125.2,198.0,74.4,211.2,1.6,1.6,True
dataset7_CLINIC_metal_0061_data,vertebrae_S1,0.0,0,0,186.1,241.1,142.1,201.3,162.4,202.4,185.3,242.0,142.1,201.3,162.4,204.0,1.6,1.6,True
dataset7_CLINIC_metal_0061_data,hip_left,0.0,0,0,69.4,198.0,132.8,285.1,24.8,217.6,70.2,196.3,132.8,285.9,24.8,217.6,1.7,1.7,True
dataset7_CLINIC_metal_0061_data,hip_right,0.0,0,0,198.8,345.2,121.0,275.0,32.0,228.0,197.1,345.2,121.8,275.0,32.0,228.0,1.7,1.7,True
dataset7_CLINIC_metal_0062_data,sacrum,0.0,0,0,131.0,245.7,72.5,153.2,88.8,224.8,130.2,244.9,73.3,152.4,88.8,224.0,0.8,0.8,True
dataset7_CLINIC_metal_0062_data,vertebrae_S1,0.0,0,0,160.6,214.6,96.9,159.1,184.8,224.8,159.8,215.3,97.7,159.8,184.8,224.0,0.8,0.8,True
dataset7_CLINIC_metal_0062_data,hip_left,0.0,0,0,64.4,187.2,88.8,233.1,39.2,239.2,65.1,186.5,89.5,232.4,39.2,239.2,0.7,0.7,True
dataset7_CLINIC_metal_0062_data,hip_right,0.0,0,0,186.5,316.7,81.4,218.3,36.0,235.2,185.7,316.0,82.1,217.6,36.0,235.2,0.7,0.7,True
dataset7_CLINIC_metal_0063_data,sacrum,0.0,0,0,140.0,247.9,117.3,218.2,0.0,113.6,140.8,247.9,116.5,216.6,0.0,113.6,1.6,1.6,True
dataset7_CLINIC_metal_0063_data,vertebrae_S1,0.0,0,0,165.8,225.2,156.4,226.0,66.4,115.2,166.6,226.0,155.6,226.0,66.4,115.2,0.8,0.8,True
dataset7_CLINIC_metal_0063_data,hip_left,0.0,0,0,44.6,176.7,137.6,245.5,0.0,144.0,44.6,177.5,139.2,242.4,0.0,144.0,3.1,3.1,True
dataset7_CLINIC_metal_0063_data,hip_right,0.0,0,0,224.4,328.4,145.5,273.7,0.0,128.8,223.7,329.2,144.7,273.7,0.0,128.8,0.8,0.8,True
dataset7_CLINIC_metal_0064_data,sacrum,0.0,0,0,105.0,211.2,57.6,163.8,97.6,215.2,105.0,211.2,58.2,162.6,97.6,215.2,1.3,1.3,True
dataset7_CLINIC_metal_0064_data,vertebrae_S1,0.0,0,0,133.8,186.9,112.0,170.2,171.2,213.6,132.5,187.5,112.6,170.2,171.2,213.6,1.3,1.3,True
dataset7_CLINIC_metal_0064_data,hip_left,0.0,0,0,41.6,142.1,92.2,227.2,27.2,218.4,42.2,140.8,92.8,227.2,25.6,218.4,1.6,1.6,True
dataset7_CLINIC_metal_0064_data,hip_right,0.0,0,0,140.8,280.3,87.7,210.6,40.8,228.8,140.2,279.0,88.3,210.6,40.8,228.8,1.3,1.3,True
dataset7_CLINIC_metal_0065_data,sacrum,0.0,0,0,159.5,267.2,179.5,251.3,52.8,216.0,160.3,266.4,178.7,250.5,54.4,216.0,1.6,1.6,True
dataset7_CLINIC_metal_0065_data,vertebrae_S1,0.0,0,0,182.0,241.3,192.0,264.7,174.4,224.8,182.9,240.5,191.2,263.9,172.8,224.8,1.6,1.6,True
dataset7_CLINIC_metal_0065_data,hip_left,0.0,0,0,91.8,229.6,190.4,337.3,37.6,243.2,91.8,228.8,191.2,338.2,37.6,243.2,0.8,0.8,True
dataset7_CLINIC_metal_0065_data,hip_right,0.0,0,0,230.5,355.7,179.5,316.5,32.0,240.0,229.6,354.9,178.7,317.3,31.2,240.0,0.8,0.8,True
dataset7_CLINIC_metal_0066_data,sacrum,0.0,0,0,139.4,247.2,104.7,174.8,52.0,218.4,139.4,247.2,103.2,173.2,52.8,217.6,1.5,1.5,True
dataset7_CLINIC_metal_0066_data,vertebrae_S1,0.0,0,0,161.7,219.4,117.8,191.0,173.6,224.8,161.7,219.4,118.6,191.0,173.6,224.0,0.8,0.8,True
dataset7_CLINIC_metal_0066_data,hip_left,0.0,0,0,67.0,206.4,110.9,255.6,36.8,240.8,67.0,206.4,110.9,255.6,38.4,240.0,1.6,1.6,True
dataset7_CLINIC_metal_0066_data,hip_right,0.0,0,0,208.7,331.1,110.9,246.4,35.2,244.0,208.7,331.1,110.9,246.4,35.2,243.2,0.8,0.8,True
dataset7_CLINIC_metal_0067_data,sacrum,0.0,0,0,160.4,274.2,94.7,173.7,73.6,228.0,161.2,274.2,93.9,175.3,73.6,228.0,1.7,1.7,True
dataset7_CLINIC_metal_0067_data,vertebrae_S1,0.0,0,0,189.5,250.1,115.5,179.5,182.4,229.6,187.8,250.1,114.7,180.3,181.6,229.6,1.7,1.7,True
dataset7_CLINIC_metal_0067_data,hip_left,0.0,0,0,91.4,214.4,107.2,244.3,32.8,248.8,92.2,225.2,105.5,243.5,32.8,268.0,19.2,19.2,True
dataset7_CLINIC_metal_0067_data,hip_right,0.0,0,0,211.9,354.0,102.2,241.0,25.6,235.2,210.2,354.0,101.4,241.8,25.6,235.2,1.7,1.7,True
dataset7_CLINIC_metal_0068_data,sacrum,0.0,0,0,208.9,317.2,176.7,268.4,89.6,215.2,209.8,317.2,176.7,272.3,88.0,215.2,3.9,3.9,True
dataset7_CLINIC_metal_0068_data,vertebrae_S1,0.0,0,0,239.1,288.9,216.7,276.2,172.0,216.8,239.1,288.9,215.7,277.2,172.8,218.4,1.6,1.6,True
dataset7_CLINIC_metal_0068_data,hip_left,0.0,0,0,127.9,248.9,200.1,325.0,40.8,244.0,127.9,249.9,199.1,325.0,40.8,242.4,1.6,1.6,True
dataset7_CLINIC_metal_0068_data,hip_right,0.0,0,0,252.8,400.2,205.0,333.8,30.4,232.0,251.8,401.1,205.0,332.8,30.4,232.0,1.0,1.0,True
dataset7_CLINIC_metal_0069_data,sacrum,0.0,0,0,153.8,273.7,128.2,210.1,72.0,224.8,153.8,272.9,129.0,210.1,72.0,224.8,0.8,0.8,True
dataset7_CLINIC_metal_0069_data,vertebrae_S1,0.0,0,0,183.6,237.3,153.8,215.8,179.2,223.2,183.6,237.3,154.6,217.5,179.2,223.2,1.7,1.7,True
dataset7_CLINIC_metal_0069_data,hip_left,0.0,0,0,81.0,211.7,142.2,277.9,39.2,250.4,81.0,296.1,141.4,277.9,39.2,250.4,84.4,84.4,True
dataset7_CLINIC_metal_0069_data,hip_right,0.0,0,0,210.9,350.6,138.9,272.1,39.2,248.8,210.9,347.3,139.8,274.6,39.2,248.8,3.3,3.3,True
dataset7_CLINIC_metal_0070_data,sacrum,0.0,0,0,170.1,284.1,114.9,194.7,86.4,243.2,171.0,284.1,114.0,192.9,85.6,243.2,1.8,1.8,True
dataset7_CLINIC_metal_0070_data,vertebrae_S1,0.0,0,0,201.7,257.0,135.9,196.4,196.0,243.2,200.8,258.7,135.9,195.6,196.0,243.2,1.8,1.8,True
dataset7_CLINIC_metal_0070_data,hip_left,0.0,0,0,89.5,227.1,117.5,264.0,42.4,249.6,90.3,227.1,116.6,264.9,43.2,249.6,0.9,0.9,True
dataset7_CLINIC_metal_0070_data,hip_right,0.0,0,0,224.5,356.1,132.4,276.3,56.0,266.4,225.4,356.9,131.5,275.4,56.8,266.4,0.9,0.9,True
dataset7_CLINIC_metal_0071_data,sacrum,0.0,0,0,148.3,256.4,131.8,220.1,176.0,279.2,148.3,256.4,131.0,220.9,176.8,279.2,0.8,0.8,True
dataset7_CLINIC_metal_0071_data,vertebrae_S1,0.0,0,0,172.8,226.4,172.8,224.1,240.8,279.2,172.8,224.9,173.6,224.1,241.6,279.2,1.6,1.6,True
dataset7_CLINIC_metal_0071_data,hip_left,0.0,0,0,70.2,206.7,156.2,278.5,129.6,279.2,70.2,206.7,157.0,278.5,130.4,279.2,0.8,0.8,True
dataset7_CLINIC_metal_0071_data,hip_right,0.0,0,0,205.9,339.3,151.5,273.8,116.0,279.2,205.9,339.3,150.7,273.8,116.8,279.2,0.8,0.8,True
dataset7_CLINIC_metal_0072_data,sacrum,0.0,0,0,141.9,258.3,96.8,186.1,68.9,239.5,141.0,257.5,97.6,186.1,68.9,239.5,0.8,0.8,True
dataset7_CLINIC_metal_0072_data,vertebrae_S1,0.0,0,0,169.7,229.6,120.5,195.2,185.8,237.9,169.7,228.8,119.7,195.2,185.8,237.9,0.8,0.8,True
dataset7_CLINIC_metal_0072_data,hip_left,0.0,0,0,52.5,188.6,109.9,262.4,31.2,261.9,52.5,188.6,110.7,261.6,31.2,261.9,0.8,0.8,True
dataset7_CLINIC_metal_0072_data,hip_right,0.0,0,0,189.4,340.3,109.9,265.7,26.4,261.9,191.1,340.3,110.7,264.9,26.4,261.9,1.6,1.6,True
dataset7_CLINIC_metal_0073_data,sacrum,0.0,0,0,186.2,295.3,166.3,246.8,84.9,206.7,187.1,296.2,166.3,245.1,84.9,206.7,1.7,1.7,True
dataset7_CLINIC_metal_0073_data,vertebrae_S1,0.0,0,0,216.5,265.0,192.3,250.3,163.4,201.9,215.6,265.0,193.1,249.4,163.4,201.9,0.9,0.9,True
dataset7_CLINIC_metal_0073_data,hip_left,0.0,0,0,118.6,235.6,188.8,323.9,38.4,230.7,119.5,236.4,188.8,323.0,38.4,230.7,0.9,0.9,True
dataset7_CLINIC_metal_0073_data,hip_right,0.0,0,0,236.4,366.3,186.2,317.8,28.0,215.5,235.6,367.2,186.2,318.7,28.0,215.5,0.9,0.9,True
dataset7_CLINIC_metal_0074_data,sacrum,0.0,0,0,136.9,248.4,80.0,174.3,55.2,192.0,136.1,249.1,83.8,173.5,55.2,192.0,3.7,3.7,True
dataset7_CLINIC_metal_0074_data,vertebrae_S1,0.0,0,0,163.1,219.2,114.5,180.3,144.0,190.4,162.3,218.4,113.7,179.5,144.0,190.4,0.7,0.7,True
dataset7_CLINIC_metal_0074_data,hip_left,0.0,0,0,60.6,195.2,105.5,225.2,13.6,212.8,59.8,196.0,106.2,224.4,13.6,212.8,0.7,0.7,True
dataset7_CLINIC_metal_0074_data,hip_right,0.0,0,0,196.0,320.2,101.0,226.7,2.4,209.6,195.2,319.4,100.2,227.4,2.4,209.6,0.7,0.7,True
