Caso,Dataset,Grupo,cohorte,S1_hallado_R1,auditoria_S1_clinico,auditoria_S1_agente,s1_discordante,dz_S1_3mm,dz_S1_6mm,n_vox_S1_3mm,S1_toca_fov,estado_TS,estrato
dataset6_CLINIC_0001_data,dataset6,grupo 2,otro,si,,,True,7.8,7.8,68114,,concordante,"otro, discordante"
dataset6_CLINIC_0002_data,dataset6,grupo 3,calibracion,si,,,True,-24.6,-23.8,74150,,R1 arriba de TS,"calibracion, discordante"
dataset6_CLINIC_0003_data,dataset6,grupo 3,calibracion,si,,,False,5.3,6.1,82322,,concordante,"calibracion, no discordante"
dataset6_CLINIC_0004_data,dataset6,grupo 3,calibracion,si,,,False,14.6,13.8,97428,,concordante,"calibracion, no discordante"
dataset6_CLINIC_0005_data,dataset6,grupo 2,otro,si,,,True,-23.0,-23.8,91761,,R1 arriba de TS,"otro, discordante"
dataset6_CLINIC_0006_data,dataset6,grupo 3,calibracion,no,,,False,,,54697,,sin S1 en R1,"calibracion, no discordante"
dataset6_CLINIC_0007_data,dataset6,grupo 2,otro,si,,,True,-32.1,-32.1,105037,,R1 arriba de TS,"otro, discordante"
dataset6_CLINIC_0008_data,dataset6,grupo 2,otro,si,,,False,6.4,6.4,49357,,concordante,"otro, no discordante"
dataset6_CLINIC_0009_data,dataset6,grupo 3,calibracion,no,,,False,,,123430,,sin S1 en R1,"calibracion, no discordante"
dataset6_CLINIC_0010_data,dataset6,grupo 3,calibracion,si,,,False,8.5,8.5,76770,z+,concordante,"calibracion, no discordante"
dataset6_CLINIC_0011_data,dataset6,grupo 3,calibracion,no,,,False,,,101200,z+,sin S1 en R1,"calibracion, no discordante"
dataset6_CLINIC_0012_data,dataset6,grupo 3,calibracion,si,,,False,9.4,9.4,53367,,concordante,"calibracion, no discordante"
dataset6_CLINIC_0013_data,dataset6,grupo 3,calibracion,si,,,False,5.9,5.9,53398,,concordante,"calibracion, no discordante"
dataset6_CLINIC_0014_data,dataset6,grupo 3,calibracion,si,,,False,6.4,6.4,65295,,concordante,"calibracion, no discordante"
dataset6_CLINIC_0015_data,dataset6,grupo 3,calibracion,si,,,True,3.7,3.7,54456,,concordante,"calibracion, discordante"
dataset6_CLINIC_0016_data,dataset6,grupo 3,calibracion,si,,,False,5.4,4.6,75720,,concordante,"calibracion, no discordante"
dataset6_CLINIC_0017_data,dataset6,grupo 2,otro,si,,,False,7.0,7.0,58153,,concordante,"otro, no discordante"
dataset6_CLINIC_0018_data,dataset6,grupo 3,calibracion,si,,,False,7.9,7.9,67664,,concordante,"calibracion, no discordante"
dataset6_CLINIC_0019_data,dataset6,grupo 2,otro,si,,,True,-41.3,-41.3,87401,,R1 arriba de TS,"otro, discordante"
dataset6_CLINIC_0020_data,dataset6,grupo 3,calibracion,si,,,False,5.6,5.6,93810,,concordante,"calibracion, no discordante"
dataset6_CLINIC_0021_data,dataset6,grupo 3,calibracion,si,,,False,7.3,7.3,93223,,concordante,"calibracion, no discordante"
dataset6_CLINIC_0022_data,dataset6,grupo 3,calibracion,si,,,True,3.9,3.9,101275,,concordante,"calibracion, discordante"
dataset6_CLINIC_0023_data,dataset6,grupo 3,calibracion,si,,,True,7.7,7.7,85898,,concordante,"calibracion, discordante"
dataset6_CLINIC_0024_data,dataset6,grupo 3,calibracion,si,,,False,6.3,7.1,93121,,concordante,"calibracion, no discordante"
dataset6_CLINIC_0025_data,dataset6,grupo 3,calibracion,si,,,True,7.2,7.2,77405,,concordante,"calibracion, discordante"
dataset6_CLINIC_0026_data,dataset6,grupo 3,calibracion,si,,,False,7.5,7.5,79172,,concordante,"calibracion, no discordante"
dataset6_CLINIC_0027_data,dataset6,grupo 3,calibracion,si,,,True,5.9,5.9,77844,,concordante,"calibracion, discordante"
dataset6_CLINIC_0028_data,dataset6,grupo 2,otro,no,,,False,,,102423,,sin S1 en R1,"otro, no discordante"
dataset6_CLINIC_0029_data,dataset6,grupo 3,calibracion,no,,,False,,,81884,,sin S1 en R1,"calibracion, no discordante"
dataset6_CLINIC_0030_data,dataset6,grupo 3,calibracion,si,,,False,6.9,5.3,63807,,concordante,"calibracion, no discordante"
dataset6_CLINIC_0031_data,dataset6,grupo 2,otro,si,,,False,7.3,6.5,86695,,concordante,"otro, no discordante"
dataset6_CLINIC_0032_data,dataset6,grupo 3,calibracion,si,,,True,-40.5,-40.5,125150,,R1 arriba de TS,"calibracion, discordante"
dataset6_CLINIC_0033_data,dataset6,grupo 3,calibracion,si,,,False,8.0,6.4,95241,,concordante,"calibracion, no discordante"
dataset6_CLINIC_0034_data,dataset6,grupo 3,calibracion,no,,,False,,,98524,,sin S1 en R1,"calibracion, no discordante"
dataset6_CLINIC_0035_data,dataset6,grupo 3,calibracion,si,,,False,6.2,6.2,69566,,concordante,"calibracion, no discordante"
dataset6_CLINIC_0036_data,dataset6,grupo 2,otro,si,,,False,5.7,6.5,112791,,concordante,"otro, no discordante"
dataset6_CLINIC_0039_data,dataset6,grupo 2,calibracion,si,,,True,6.1,5.3,44744,,concordante,"calibracion, discordante"
dataset6_CLINIC_0040_data,dataset6,grupo 2,otro,no,,,False,,,68635,,sin S1 en R1,"otro, no discordante"
dataset6_CLINIC_0041_data,dataset6,grupo 2,otro,si,,,False,7.1,7.1,69528,,concordante,"otro, no discordante"
dataset6_CLINIC_0042_data,dataset6,grupo 3,calibracion,si,,,False,6.3,5.5,76830,,concordante,"calibracion, no discordante"
dataset6_CLINIC_0043_data,dataset6,grupo 3,calibracion,si,,,False,8.0,8.0,69283,,concordante,"calibracion, no discordante"
dataset6_CLINIC_0044_data,dataset6,grupo 3,calibracion,si,,,False,5.7,5.7,75774,,concordante,"calibracion, no discordante"
dataset6_CLINIC_0045_data,dataset6,grupo 3,calibracion,si,,,True,6.8,6.8,116645,,concordante,"calibracion, discordante"
dataset6_CLINIC_0046_data,dataset6,grupo 3,calibracion,si,,,True,-35.0,-35.0,53495,,R1 arriba de TS,"calibracion, discordante"
dataset6_CLINIC_0047_data,dataset6,grupo 3,calibracion,si,,,False,4.9,4.9,71288,,concordante,"calibracion, no discordante"
dataset6_CLINIC_0049_data,dataset6,grupo 3,calibracion,si,,,False,7.2,7.2,55119,,concordante,"calibracion, no discordante"
dataset6_CLINIC_0050_data,dataset6,grupo 3,calibracion,si,,,True,6.2,6.2,61971,,concordante,"calibracion, discordante"
dataset6_CLINIC_0051_data,dataset6,grupo 3,calibracion,si,,,True,6.9,6.9,70351,,concordante,"calibracion, discordante"
dataset6_CLINIC_0052_data,dataset6,grupo 2,otro,si,,,False,7.8,7.8,72017,,concordante,"otro, no discordante"
dataset6_CLINIC_0053_data,dataset6,grupo 2,otro,si,,,True,-36.2,-36.2,68737,,R1 arriba de TS,"otro, discordante"
dataset6_CLINIC_0054_data,dataset6,grupo 2,otro,si,,,False,-27.2,-25.6,85646,,R1 arriba de TS,"otro, no discordante"
dataset6_CLINIC_0055_data,dataset6,grupo 3,calibracion,si,,,False,7.7,7.7,63322,,concordante,"calibracion, no discordante"
dataset6_CLINIC_0056_data,dataset6,grupo 2,otro,si,,,True,6.7,6.7,73610,,concordante,"otro, discordante"
dataset6_CLINIC_0057_data,dataset6,grupo 3,calibracion,si,,,True,-52.2,-51.4,105898,,R1 arriba de TS,"calibracion, discordante"
dataset6_CLINIC_0058_data,dataset6,grupo 3,calibracion,si,,,False,5.6,5.6,78698,,concordante,"calibracion, no discordante"
dataset6_CLINIC_0059_data,dataset6,grupo 3,calibracion,si,,,False,6.1,6.9,97313,,concordante,"calibracion, no discordante"
dataset6_CLINIC_0060_data,dataset6,grupo 3,calibracion,si,,,False,4.8,4.8,66964,,concordante,"calibracion, no discordante"
dataset6_CLINIC_0061_data,dataset6,grupo 3,calibracion,si,,,True,7.8,7.0,66832,,concordante,"calibracion, discordante"
dataset6_CLINIC_0062_data,dataset6,grupo 3,calibracion,no,,,False,,,64962,,sin S1 en R1,"calibracion, no discordante"
dataset6_CLINIC_0063_data,dataset6,grupo 3,calibracion,si,,,False,6.1,6.1,66681,,concordante,"calibracion, no discordante"
dataset6_CLINIC_0064_data,dataset6,grupo 3,calibracion,si,,,False,5.7,5.7,81840,,concordante,"calibracion, no discordante"
dataset6_CLINIC_0065_data,dataset6,grupo 3,calibracion,no,,,False,,,46405,,sin S1 en R1,"calibracion, no discordante"
dataset6_CLINIC_0066_data,dataset6,grupo 2,calibracion,si,,,False,5.9,5.9,72054,,concordante,"calibracion, no discordante"
dataset6_CLINIC_0067_data,dataset6,grupo 2,otro,si,,,False,7.9,7.9,63626,,concordante,"otro, no discordante"
dataset6_CLINIC_0068_data,dataset6,grupo 2,otro,si,,,True,-16.0,-16.8,57669,,R1 arriba de TS,"otro, discordante"
dataset6_CLINIC_0069_data,dataset6,grupo 2,otro,si,,,True,-37.9,-37.9,81331,,R1 arriba de TS,"otro, discordante"
dataset6_CLINIC_0071_data,dataset6,grupo 2,otro,si,,,True,-54.1,-54.1,92614,,R1 arriba de TS,"otro, discordante"
dataset6_CLINIC_0072_data,dataset6,grupo 2,otro,si,,,True,14.6,15.4,62736,,concordante,"otro, discordante"
dataset6_CLINIC_0073_data,dataset6,grupo 3,calibracion,si,,,True,8.3,8.3,66273,,concordante,"calibracion, discordante"
dataset6_CLINIC_0074_data,dataset6,grupo 3,calibracion,si,,,False,7.0,7.0,83644,,concordante,"calibracion, no discordante"
dataset6_CLINIC_0075_data,dataset6,grupo 2,otro,si,,,False,6.6,8.2,75481,,concordante,"otro, no discordante"
dataset6_CLINIC_0076_data,dataset6,grupo 2,otro,si,,,False,5.7,5.7,76088,,concordante,"otro, no discordante"
dataset6_CLINIC_0077_data,dataset6,grupo 2,calibracion,si,,,True,7.7,7.7,72334,,concordante,"calibracion, discordante"
dataset6_CLINIC_0078_data,dataset6,grupo 2,otro,si,,,False,3.1,4.7,102379,,concordante,"otro, no discordante"
dataset6_CLINIC_0079_data,dataset6,grupo 3,calibracion,si,,,False,5.8,5.8,86907,,concordante,"calibracion, no discordante"
dataset6_CLINIC_0080_data,dataset6,grupo 2,otro,no,,,False,,,76971,,sin S1 en R1,"otro, no discordante"
dataset6_CLINIC_0081_data,dataset6,grupo 3,calibracion,si,,,True,6.0,5.2,74100,,concordante,"calibracion, discordante"
dataset6_CLINIC_0082_data,dataset6,grupo 3,calibracion,si,,,True,6.3,7.1,59042,,concordante,"calibracion, discordante"
dataset6_CLINIC_0083_data,dataset6,grupo 3,calibracion,si,,,False,6.4,6.4,71690,,concordante,"calibracion, no discordante"
dataset6_CLINIC_0084_data,dataset6,grupo 2,otro,si,,,True,5.6,5.6,75572,,concordante,"otro, discordante"
dataset6_CLINIC_0085_data,dataset6,grupo 3,calibracion,si,,,True,-26.7,-26.7,57699,,R1 arriba de TS,"calibracion, discordante"
dataset6_CLINIC_0086_data,dataset6,grupo 3,calibracion,si,,,True,5.7,5.7,92797,,concordante,"calibracion, discordante"
dataset6_CLINIC_0087_data,dataset6,grupo 3,calibracion,no,,,False,,,70531,,sin S1 en R1,"calibracion, no discordante"
dataset6_CLINIC_0088_data,dataset6,grupo 3,calibracion,si,,,False,6.4,7.2,69021,,concordante,"calibracion, no discordante"
dataset6_CLINIC_0089_data,dataset6,grupo 2,otro,si,,,False,8.3,8.3,79806,,concordante,"otro, no discordante"
dataset6_CLINIC_0090_data,dataset6,grupo 3,calibracion,si,,,False,6.1,6.1,66658,,concordante,"calibracion, no discordante"
dataset6_CLINIC_0091_data,dataset6,grupo 2,otro,si,,,False,5.7,6.5,42370,,concordante,"otro, no discordante"
dataset6_CLINIC_0092_data,dataset6,grupo 3,calibracion,si,,,False,6.3,7.1,121438,,concordante,"calibracion, no discordante"
dataset6_CLINIC_0093_data,dataset6,grupo 2,otro,si,,,False,5.4,5.4,91005,,concordante,"otro, no discordante"
dataset6_CLINIC_0094_data,dataset6,grupo 3,calibracion,si,,,False,5.3,5.3,83079,,concordante,"calibracion, no discordante"
dataset6_CLINIC_0095_data,dataset6,grupo 3,calibracion,si,,,False,-22.5,-22.5,50822,,R1 arriba de TS,"calibracion, no discordante"
dataset6_CLINIC_0096_data,dataset6,grupo 3,calibracion,si,,,False,7.2,7.2,87763,,concordante,"calibracion, no discordante"
dataset6_CLINIC_0097_data,dataset6,grupo 2,otro,si,,,False,6.4,6.4,37017,,concordante,"otro, no discordante"
dataset6_CLINIC_0098_data,dataset6,grupo 3,calibracion,no,,,False,,,85363,,sin S1 en R1,"calibracion, no discordante"
dataset6_CLINIC_0099_data,dataset6,grupo 3,calibracion,si,,,True,-24.8,-24.8,108016,,R1 arriba de TS,"calibracion, discordante"
dataset6_CLINIC_0100_data,dataset6,grupo 3,calibracion,si,,,True,8.8,8.0,82282,,concordante,"calibracion, discordante"
dataset6_CLINIC_0101_data,dataset6,grupo 3,calibracion,si,,,True,9.7,8.1,56990,,concordante,"calibracion, discordante"
dataset6_CLINIC_0102_data,dataset6,grupo 2,otro,si,,,True,6.8,6.8,72710,,concordante,"otro, discordante"
dataset6_CLINIC_0103_data,dataset6,grupo 3,calibracion,si,,,True,5.1,5.1,129174,,concordante,"calibracion, discordante"
dataset7_CLINIC_metal_0000_data,dataset7,grupo 1,evaluacion,si,ok,ok,False,13.5,13.5,105021,,concordante,"evaluacion, clinico ok"
dataset7_CLINIC_metal_0001_data,dataset7,grupo 1,evaluacion,si,ok,ok,False,7.1,7.1,79510,,concordante,"evaluacion, clinico ok"
dataset7_CLINIC_metal_0002_data,dataset7,grupo 1,evaluacion,si,ok,ok,True,7.2,7.2,59661,,concordante,"evaluacion, clinico ok"
dataset7_CLINIC_metal_0003_data,dataset7,grupo 1,evaluacion,si,ok,ambiguo,False,5.3,6.1,99027,,concordante,"evaluacion, clinico ok"
dataset7_CLINIC_metal_0004_data,dataset7,grupo 1,evaluacion,si,ok,ok,True,6.2,6.2,86643,,concordante,"evaluacion, clinico ok"
dataset7_CLINIC_metal_0005_data,dataset7,grupo 1,evaluacion,si,ok,ok,True,7.1,7.1,73498,,concordante,"evaluacion, clinico ok"
dataset7_CLINIC_metal_0006_data,dataset7,grupo 1,evaluacion,si,ok,ok,False,7.1,7.1,68515,,concordante,"evaluacion, clinico ok"
dataset7_CLINIC_metal_0007_data,dataset7,grupo 1,evaluacion,si,ok,ok,False,6.0,5.2,96119,,concordante,"evaluacion, clinico ok"
dataset7_CLINIC_metal_0008_data,dataset7,grupo 1,evaluacion,si,ok,ok,False,6.2,6.2,85356,,concordante,"evaluacion, clinico ok"
dataset7_CLINIC_metal_0009_data,dataset7,grupo 1,evaluacion,si,ok,ok,True,5.9,5.9,170729,,concordante,"evaluacion, clinico ok"
dataset7_CLINIC_metal_0010_data,dataset7,grupo 1,evaluacion,si,+1,+1 nivel,True,-34.3,-34.3,93907,,R1 arriba de TS,"evaluacion, clinico +1"
dataset7_CLINIC_metal_0011_data,dataset7,grupo 1,evaluacion,si,+1,+1 nivel,True,-32.7,-32.7,70812,,R1 arriba de TS,"evaluacion, clinico +1"
dataset7_CLINIC_metal_0012_data,dataset7,grupo 1,evaluacion,si,+1,ok,False,-24.3,-24.3,78277,,R1 arriba de TS,"evaluacion, clinico +1"
dataset7_CLINIC_metal_0013_data,dataset7,grupo 1,evaluacion,si,ok,ok,True,7.5,7.5,148204,,concordante,"evaluacion, clinico ok"
dataset7_CLINIC_metal_0014_data,dataset7,grupo 1,evaluacion,si,+1,+1 nivel,True,-32.3,-32.3,74691,,R1 arriba de TS,"evaluacion, clinico +1"
dataset7_CLINIC_metal_0015_data,dataset7,grupo 1,evaluacion,si,?,error grosero,False,,,15726,z+,sin techo,"evaluacion, clinico ?"
dataset7_CLINIC_metal_0016_data,dataset7,grupo 1,evaluacion,no,no hallado,no hallado,False,,,75186,,sin S1 en R1,"evaluacion, clinico no hallado"
dataset7_CLINIC_metal_0017_data,dataset7,grupo 1,evaluacion,si,ok,ok,False,8.1,8.1,108543,,concordante,"evaluacion, clinico ok"
dataset7_CLINIC_metal_0018_data,dataset7,grupo 1,evaluacion,si,ok,ok,False,5.0,5.0,108945,,concordante,"evaluacion, clinico ok"
dataset7_CLINIC_metal_0019_data,dataset7,grupo 1,evaluacion,si,ok,ok,False,15.7,14.9,118687,,concordante,"evaluacion, clinico ok"
dataset7_CLINIC_metal_0020_data,dataset7,grupo 1,evaluacion,si,ok,ok,False,4.4,4.4,79846,,concordante,"evaluacion, clinico ok"
dataset7_CLINIC_metal_0022_data,dataset7,grupo 1,evaluacion,no,no hallado,no hallado,False,,,9158,z+,sin S1 en R1,"evaluacion, clinico no hallado"
dataset7_CLINIC_metal_0023_data,dataset7,grupo 1,evaluacion,no,no hallado,no hallado,False,,,75657,,sin S1 en R1,"evaluacion, clinico no hallado"
dataset7_CLINIC_metal_0024_data,dataset7,grupo 1,evaluacion,si,ok,ok,False,6.3,6.3,48926,,concordante,"evaluacion, clinico ok"
dataset7_CLINIC_metal_0025_data,dataset7,grupo 1,evaluacion,si,ok,ok,False,5.8,5.8,73839,,concordante,"evaluacion, clinico ok"
dataset7_CLINIC_metal_0026_data,dataset7,grupo 1,evaluacion,si,+1,ok,False,,,45778,,sin techo,"evaluacion, clinico +1"
dataset7_CLINIC_metal_0027_data,dataset7,grupo 1,evaluacion,si,ok,ok,False,4.5,6.1,52646,,concordante,"evaluacion, clinico ok"
dataset7_CLINIC_metal_0028_data,dataset7,grupo 1,evaluacion,si,ok,ok,False,7.3,6.5,95576,,concordante,"evaluacion, clinico ok"
dataset7_CLINIC_metal_0029_data,dataset7,grupo 1,evaluacion,si,ok,ok,False,6.6,6.6,114557,,concordante,"evaluacion, clinico ok"
dataset7_CLINIC_metal_0030_data,dataset7,grupo 1,evaluacion,si,ok,ok,False,3.7,3.7,92148,,concordante,"evaluacion, clinico ok"
dataset7_CLINIC_metal_0031_data,dataset7,grupo 1,evaluacion,si,ok,ok,True,7.8,7.8,98879,,concordante,"evaluacion, clinico ok"
dataset7_CLINIC_metal_0032_data,dataset7,grupo 1,evaluacion,si,ok,ok,False,5.1,5.1,109377,,concordante,"evaluacion, clinico ok"
dataset7_CLINIC_metal_0033_data,dataset7,grupo 1,evaluacion,si,ok,ok,False,9.8,9.0,90536,,concordante,"evaluacion, clinico ok"
dataset7_CLINIC_metal_0035_data,dataset7,grupo 1,evaluacion,si,ok,ok,False,9.8,9.8,97346,,concordante,"evaluacion, clinico ok"
dataset7_CLINIC_metal_0036_data,dataset7,grupo 2,otro,si,,,False,6.3,6.3,87216,,concordante,"otro, no discordante"
dataset7_CLINIC_metal_0037_data,dataset7,grupo 1,evaluacion,si,ok,ok,False,6.9,6.1,95625,,concordante,"evaluacion, clinico ok"
dataset7_CLINIC_metal_0038_data,dataset7,grupo 1,evaluacion,si,+1,ambiguo,False,-33.1,-33.1,44241,,R1 arriba de TS,"evaluacion, clinico +1"
dataset7_CLINIC_metal_0039_data,dataset7,grupo 1,evaluacion,si,ok,ok,False,6.9,6.9,56648,,concordante,"evaluacion, clinico ok"
dataset7_CLINIC_metal_0040_data,dataset7,grupo 1,evaluacion,si,ok,ok,False,7.1,7.1,72292,,concordante,"evaluacion, clinico ok"
dataset7_CLINIC_metal_0041_data,dataset7,grupo 1,evaluacion,si,ok,ok,False,6.7,6.7,32438,,concordante,"evaluacion, clinico ok"
dataset7_CLINIC_metal_0042_data,dataset7,grupo 1,evaluacion,si,ok,ok,False,5.5,5.5,92144,,concordante,"evaluacion, clinico ok"
dataset7_CLINIC_metal_0044_data,dataset7,grupo 1,evaluacion,si,ok,ok,False,7.5,7.5,106433,,concordante,"evaluacion, clinico ok"
dataset7_CLINIC_metal_0045_data,dataset7,grupo 1,evaluacion,si,ok,ok,False,6.7,5.1,129882,,concordante,"evaluacion, clinico ok"
dataset7_CLINIC_metal_0046_data,dataset7,grupo 1,evaluacion,si,otro,ok,False,6.1,6.1,89564,,concordante,"evaluacion, clinico otro"
dataset7_CLINIC_metal_0047_data,dataset7,grupo 1,evaluacion,si,ok,ok,True,6.8,6.8,87576,,concordante,"evaluacion, clinico ok"
dataset7_CLINIC_metal_0048_data,dataset7,grupo 1,evaluacion,si,ok,ok,True,7.0,7.0,85716,,concordante,"evaluacion, clinico ok"
dataset7_CLINIC_metal_0049_data,dataset7,grupo 1,evaluacion,si,ok,ok,False,6.6,6.6,88204,,concordante,"evaluacion, clinico ok"
dataset7_CLINIC_metal_0050_data,dataset7,grupo 1,evaluacion,si,ok,ok,False,4.2,4.2,93171,,concordante,"evaluacion, clinico ok"
dataset7_CLINIC_metal_0051_data,dataset7,grupo 1,evaluacion,si,ok,ok,True,5.8,5.8,57739,,concordante,"evaluacion, clinico ok"
dataset7_CLINIC_metal_0052_data,dataset7,grupo 1,evaluacion,si,ok,ok,False,6.2,6.2,53934,,concordante,"evaluacion, clinico ok"
dataset7_CLINIC_metal_0053_data,dataset7,grupo 1,evaluacion,no,no hallado,no hallado,False,,,0,,sin S1 en R1,"evaluacion, clinico no hallado"
dataset7_CLINIC_metal_0054_data,dataset7,grupo 1,evaluacion,si,ok,ok,False,6.0,6.0,81613,,concordante,"evaluacion, clinico ok"
dataset7_CLINIC_metal_0055_data,dataset7,grupo 1,evaluacion,si,ok,ok,False,6.1,6.1,57661,,concordante,"evaluacion, clinico ok"
dataset7_CLINIC_metal_0056_data,dataset7,grupo 1,evaluacion,si,ok,ok,False,4.9,4.9,101186,,concordante,"evaluacion, clinico ok"
dataset7_CLINIC_metal_0057_data,dataset7,grupo 1,evaluacion,si,ok,ok,False,5.2,5.2,93084,,concordante,"evaluacion, clinico ok"
dataset7_CLINIC_metal_0058_data,dataset7,grupo 1,evaluacion,si,otro,error grosero,True,-14.3,-12.7,110702,,R1 arriba de TS,"evaluacion, clinico otro"
dataset7_CLINIC_metal_0059u0071_union,dataset7,grupo 1,evaluacion,si,ok,ok,True,6.1,6.9,59488,,concordante,"evaluacion, clinico ok"
dataset7_CLINIC_metal_0060_data,dataset7,grupo 1,evaluacion,si,ok,ok,False,6.2,7.0,71498,,concordante,"evaluacion, clinico ok"
dataset7_CLINIC_metal_0061_data,dataset7,grupo 2,otro,si,,,True,-25.7,-25.7,60093,,R1 arriba de TS,"otro, discordante"
dataset7_CLINIC_metal_0062_data,dataset7,grupo 1,evaluacion,si,ok,ok,False,5.5,5.5,81186,,concordante,"evaluacion, clinico ok"
dataset7_CLINIC_metal_0063_data,dataset7,grupo 1,evaluacion,si,ok,ok,False,7.2,7.2,92199,,concordante,"evaluacion, clinico ok"
dataset7_CLINIC_metal_0064_data,dataset7,grupo 2,otro,si,,,True,-24.7,-23.1,101471,,R1 arriba de TS,"otro, discordante"
dataset7_CLINIC_metal_0066_data,dataset7,grupo 1,evaluacion,si,ok,ok,False,5.3,6.9,108338,,concordante,"evaluacion, clinico ok"
dataset7_CLINIC_metal_0067_data,dataset7,grupo 1,evaluacion,si,+1,+1 nivel,True,-32.0,-33.6,86516,,R1 arriba de TS,"evaluacion, clinico +1"
dataset7_CLINIC_metal_0068_data,dataset7,grupo 2,otro,si,,error grosero,True,-36.3,-35.5,44360,,R1 arriba de TS,"otro, discordante"
dataset7_CLINIC_metal_0069_data,dataset7,grupo 1,evaluacion,si,ok,ok,False,7.9,7.9,79801,,concordante,"evaluacion, clinico ok"
dataset7_CLINIC_metal_0070_data,dataset7,grupo 1,evaluacion,si,ok,ok,False,5.8,5.8,62424,,concordante,"evaluacion, clinico ok"
dataset7_CLINIC_metal_0072_data,dataset7,grupo 1,evaluacion,si,ok,ok,False,5.4,5.4,105448,,concordante,"evaluacion, clinico ok"
dataset7_CLINIC_metal_0073_data,dataset7,grupo 1,evaluacion,si,ok,ok,True,6.7,5.1,52483,,concordante,"evaluacion, clinico ok"
