Caso,modo,estructura,n_vox,vol_ml,toca_fov,x_min_mm,x_max_mm,y_min_mm,y_max_mm,z_min_mm,z_max_mm,hu_p50,frac_bajo150,solape_otras_vox,techo_linea_media_dz_mm,dice_3v6,solo_este_modo_vox,dif_caja_3v6_max_mm
dataset7_CLINIC_metal_0008_data,robust3mm,sacrum,328262,144.2,,137.1,247.5,123.0,201.6,60.0,200.8,154.0,0.492,0,-17.8,0.9297,21857,0.8
dataset7_CLINIC_metal_0008_data,default6mm,sacrum,330884,145.4,,136.3,246.8,123.7,202.3,60.0,200.0,154.0,0.493,0,6.2,0.9297,24479,0.8
dataset7_CLINIC_metal_0008_data,robust3mm,vertebrae_S1,85356,37.5,,163.0,220.8,142.3,210.4,156.0,200.8,297.0,0.166,0,6.2,0.9327,5563,1.6
dataset7_CLINIC_metal_0008_data,default6mm,vertebrae_S1,85746,37.7,,161.5,219.3,143.0,209.7,157.6,200.0,297.0,0.166,0,6.2,0.9327,5953,1.6
dataset7_CLINIC_metal_0008_data,robust3mm,hip_left,644563,283.2,,62.2,197.8,134.9,258.6,20.8,220.0,217.0,0.349,0,,0.9438,35036,0.7
dataset7_CLINIC_metal_0008_data,default6mm,hip_left,647077,284.3,,63.0,198.6,135.6,259.3,20.8,220.0,216.0,0.35,0,,0.9438,37550,0.7
dataset7_CLINIC_metal_0008_data,robust3mm,hip_right,656977,288.6,,198.6,317.9,130.4,261.6,14.4,220.0,217.0,0.354,0,,0.9464,34666,0.7
dataset7_CLINIC_metal_0008_data,default6mm,hip_right,658136,289.1,,199.3,317.1,131.2,260.8,14.4,220.0,216.0,0.355,0,,0.9464,35825,0.7
dataset6_CLINIC_0002_data,robust3mm,sacrum,276125,134.8,,141.4,257.8,62.5,159.4,79.2,192.8,142.0,0.52,0,,0.9455,13681,0.8
dataset6_CLINIC_0002_data,default6mm,sacrum,279009,136.2,,140.6,257.8,62.5,159.4,79.2,192.0,142.0,0.522,0,,0.9455,16565,0.8
dataset6_CLINIC_0002_data,robust3mm,vertebrae_S1,74150,36.2,,169.5,227.3,111.7,166.4,148.8,189.6,265.0,0.205,0,-24.6,0.9392,5261,0.8
dataset6_CLINIC_0002_data,default6mm,vertebrae_S1,72549,35.4,,169.5,227.3,111.7,166.4,148.8,188.8,266.0,0.2,0,-23.8,0.9392,3660,0.8
dataset6_CLINIC_0002_data,robust3mm,hip_left,540815,264.1,,71.9,197.7,98.4,221.1,16.0,209.6,229.0,0.314,0,,0.9547,24047,0.8
dataset6_CLINIC_0002_data,default6mm,hip_left,541748,264.5,,71.9,198.4,98.4,221.9,16.0,210.4,229.0,0.314,0,,0.9547,24980,0.8
dataset6_CLINIC_0002_data,robust3mm,hip_right,551988,269.5,,200.0,321.9,92.2,216.4,20.8,216.8,222.0,0.337,0,,0.9724,14620,1.6
dataset6_CLINIC_0002_data,default6mm,hip_right,553208,270.1,,199.2,321.9,92.2,216.4,19.2,216.0,221.0,0.337,0,,0.9724,15840,1.6
