Caso,comp,particion,vol_mm3,largo_mm,ancho2_mm,ancho3_mm,parches,voxel_itksnap,corte_axial,propuesta_auto,lamina,veredicto,nota
dataset6_CLINIC_0005_data,5,train,901.9,16.6,15.3,9.3,49,"279, 93, 251",251,otro implante,experiments/objetivo3/outputs/a3/laminas/dataset6_CLINIC_0005_data_c005.png,externo,boton
dataset6_CLINIC_0005_data,8,train,162.1,9.4,6.8,4.3,41,"509, 284, 163",163,fragmento,experiments/objetivo3/outputs/a3/laminas/dataset6_CLINIC_0005_data_c008.png,externo,
dataset6_CLINIC_0005_data,9,train,65.4,8.1,5.0,1.9,39,"510, 187, 157",157,fragmento,experiments/objetivo3/outputs/a3/laminas/dataset6_CLINIC_0005_data_c009.png,externo,
dataset6_CLINIC_0007_data,2,train,92.7,5.7,5.1,4.9,36,"190, 385, 56",56,fragmento,experiments/objetivo3/outputs/a3/laminas/dataset6_CLINIC_0007_data_c002.png,externo,
dataset6_CLINIC_0007_data,3,train,93.2,6.3,4.8,4.0,23,"217, 131, 5",5,fragmento,experiments/objetivo3/outputs/a3/laminas/dataset6_CLINIC_0007_data_c003.png,externo,
dataset6_CLINIC_0028_data,0,train,14.7,6.8,2.2,1.0,37,"5, 299, 168",168,fragmento,experiments/objetivo3/outputs/a3/laminas/dataset6_CLINIC_0028_data_c000.png,externo,
dataset6_CLINIC_0053_data,1,train,194.5,7.9,6.4,6.1,37,"111, 152, 205",205,fragmento,experiments/objetivo3/outputs/a3/laminas/dataset6_CLINIC_0053_data_c001.png,externo,
dataset6_CLINIC_0075_data,3,train,290.0,14.0,14.0,5.9,36,"470, 146, 13",13,otro implante,experiments/objetivo3/outputs/a3/laminas/dataset6_CLINIC_0075_data_c003.png,externo,
dataset6_CLINIC_0076_data,2,train,181.4,9.1,7.5,6.6,37,"399, 173, 29",29,fragmento,experiments/objetivo3/outputs/a3/laminas/dataset6_CLINIC_0076_data_c002.png,externo,
dataset7_CLINIC_metal_0000_data,2,train,398.2,27.6,7.1,6.5,37,"344, 310, 271",271,otro implante,experiments/objetivo3/outputs/a3/laminas/dataset7_CLINIC_metal_0000_data_c002.png,tornillo,fragmento de tornillo acertado pero longitud no acertada porque las otras partes del tornillo no cumplen con el HU
dataset7_CLINIC_metal_0003_data,2,train,950.4,59.8,6.6,5.2,74,"184, 297, 246",246,tornillo,experiments/objetivo3/outputs/a3/laminas/dataset7_CLINIC_metal_0003_data_c002.png,tornillo,no estoy segura de si el tornillo es de la misma longitud que el original porque las otras partes del tornillo no cumplen con el HU
dataset7_CLINIC_metal_0003_data,5,train,113.2,17.6,5.5,2.8,33,"199, 287, 212",212,fragmento,experiments/objetivo3/outputs/a3/laminas/dataset7_CLINIC_metal_0003_data_c005.png,dudoso,tiene cierto aspecto de tornillo pero no estoy segura de si es un fragmento o un tornillo
dataset7_CLINIC_metal_0004_data,0,train,458.2,47.6,6.8,6.4,37,"162, 301, 242",242,tornillo,experiments/objetivo3/outputs/a3/laminas/dataset7_CLINIC_metal_0004_data_c000.png,tornillo,fragmento de tornillo acertado pero longitud no acertada porque las otras partes del tornillo no cumplen con el HU
dataset7_CLINIC_metal_0008_data,4,train,16.3,11.6,2.1,0.0,29,"218, 266, 210",210,fragmento,experiments/objetivo3/outputs/a3/laminas/dataset7_CLINIC_metal_0008_data_c004.png,dudoso,parece un fragmento de tornillo muy pequeño de un clavo realmente enorme
dataset7_CLINIC_metal_0011_data,8,val,1514.5,25.0,10.2,9.5,62,"275, 32, 276",276,otro implante,experiments/objetivo3/outputs/a3/laminas/dataset7_CLINIC_metal_0011_data_c008.png,otro implante,
dataset7_CLINIC_metal_0011_data,11,val,15529.9,144.2,54.3,27.6,66,"449, 144, 266",266,otro implante,experiments/objetivo3/outputs/a3/laminas/dataset7_CLINIC_metal_0011_data_c011.png,otro implante,se trata de otro implante en conjunto con dos tornillos unidos pero son tornillos más grandes
dataset7_CLINIC_metal_0012_data,5,train,83.4,10.4,5.0,3.7,34,"264, 312, 221",221,fragmento,experiments/objetivo3/outputs/a3/laminas/dataset7_CLINIC_metal_0012_data_c005.png,fragmento,se trata de la parte final de un tornillo más grande el cual no está identificado totalmente por HU
dataset7_CLINIC_metal_0013_data,4,train,3459.2,46.7,13.0,11.0,75,"190, 7, 319",319,otro implante,experiments/objetivo3/outputs/a3/laminas/dataset7_CLINIC_metal_0013_data_c004.png,otro implante,
dataset7_CLINIC_metal_0026_data,0,train,7163.4,69.6,61.8,43.1,115,"318, 284, 216",216,otro implante,experiments/objetivo3/outputs/a3/laminas/dataset7_CLINIC_metal_0026_data_c000.png,otro implante,es otro implante parecido a una cadeja y también otros componentes que son tornillos pero son tornillos más grandes. La totalidad de los tornillos sí fue identificada correctamente en longitud pero dado que se incluye al implante mi veredicto es otro implante
dataset7_CLINIC_metal_0027_data,1,train,115.0,14.4,5.4,2.3,47,"61, 328, 72",72,fragmento,experiments/objetivo3/outputs/a3/laminas/dataset7_CLINIC_metal_0027_data_c001.png,externo,
dataset7_CLINIC_metal_0027_data,2,train,135.7,8.3,7.5,7.5,38,"181, 265, 272",272,fragmento,experiments/objetivo3/outputs/a3/laminas/dataset7_CLINIC_metal_0027_data_c002.png,fragmento,se trata de la parte final de un tornillo más grande el cual no está identificado totalmente por HU
dataset7_CLINIC_metal_0029_data,0,train,7122.5,118.3,25.6,16.9,153,"117, 263, 242",242,otro implante,experiments/objetivo3/outputs/a3/laminas/dataset7_CLINIC_metal_0029_data_c000.png,otro implante,se trata de un conjunto de otro implante con tornillos. Los tornillos fueron identificados correctamente en longitud pero dado que se incluye al implante mi veredicto es otro implante
dataset7_CLINIC_metal_0029_data,3,train,617.9,49.6,5.6,5.5,37,"188, 296, 183",183,tornillo,experiments/objetivo3/outputs/a3/laminas/dataset7_CLINIC_metal_0029_data_c003.png,tornillo,parece identificado correctamente
dataset7_CLINIC_metal_0040_data,1,train,387.7,12.0,12.0,9.9,44,"191, 319, 243",243,otro implante,experiments/objetivo3/outputs/a3/laminas/dataset7_CLINIC_metal_0040_data_c001.png,fragmento,se trata de un fragmento de tornillo más grande el cual no está identificado totalmente por HU
dataset7_CLINIC_metal_0044_data,5,train,4342.2,46.7,16.1,14.5,81,"191, 60, 313",313,otro implante,experiments/objetivo3/outputs/a3/laminas/dataset7_CLINIC_metal_0044_data_c005.png,otro implante,
dataset7_CLINIC_metal_0045_data,0,train,162.2,54.9,9.7,2.5,65,"148, 85, 279",279,fragmento,experiments/objetivo3/outputs/a3/laminas/dataset7_CLINIC_metal_0045_data_c000.png,externo,fragmento de pulsera
dataset7_CLINIC_metal_0045_data,1,train,21.8,7.2,2.4,1.9,33,"127, 92, 280",280,fragmento,experiments/objetivo3/outputs/a3/laminas/dataset7_CLINIC_metal_0045_data_c001.png,externo,fragmento de pulsera
dataset7_CLINIC_metal_0045_data,3,train,419.9,35.7,5.5,5.3,36,"254, 260, 46",46,tornillo,experiments/objetivo3/outputs/a3/laminas/dataset7_CLINIC_metal_0045_data_c003.png,fragmento,es un fragmento de un tornillo más grande con gran longitud en total el cual no está identificado totalmente por HU. Está en el mismo tornillo que el componente 4
dataset7_CLINIC_metal_0045_data,4,train,625.7,66.5,11.7,11.5,44,"344, 292, 53",53,tornillo,experiments/objetivo3/outputs/a3/laminas/dataset7_CLINIC_metal_0045_data_c004.png,fragmento,es un fragmento de un tornillo más grande con gran longitud en total el cual no está identificado totalmente por HU. Está en el mismo tornillo que el componente 3
dataset7_CLINIC_metal_0047_data,0,train,189.7,16.3,5.6,4.9,37,"90, 146, 115",115,fragmento,experiments/objetivo3/outputs/a3/laminas/dataset7_CLINIC_metal_0047_data_c000.png,otro implante,es un fragmento de otro implante más grande
dataset7_CLINIC_metal_0047_data,3,train,397.4,27.4,6.3,4.1,34,"102, 95, 190",190,otro implante,experiments/objetivo3/outputs/a3/laminas/dataset7_CLINIC_metal_0047_data_c003.png,fragmento,es un fragmento exterior a la piel de un tornillo más grande el cual no está identificado totalmente por HU. Este tornillo es tan gigante que incluso tiene una parte que sale de la piel y se mete hasta el hueso
dataset7_CLINIC_metal_0047_data,12,train,11.0,8.2,1.8,0.0,29,"251, 355, 235",235,fragmento,experiments/objetivo3/outputs/a3/laminas/dataset7_CLINIC_metal_0047_data_c012.png,fragmento,se trata de la parte media de un tornillo más grande el cual no está identificado totalmente por HU
dataset7_CLINIC_metal_0057_data,1,train,15227.9,157.9,113.6,55.9,224,"177, 251, 132",132,otro implante,experiments/objetivo3/outputs/a3/laminas/dataset7_CLINIC_metal_0057_data_c001.png,otro implante,es un implante muy grande que tiene tornillos y otros componentes. Los tornillos fueron identificados correctamente en longitud pero dado que se incluye al implante mi veredicto es otro implante
dataset7_CLINIC_metal_0061_data,4,train,80.7,12.6,4.4,2.3,45,"509, 229, 186",186,fragmento,experiments/objetivo3/outputs/a3/laminas/dataset7_CLINIC_metal_0061_data_c004.png,externo,
dataset7_CLINIC_metal_0062_data,1,train,1555.5,62.7,6.8,6.6,76,"221, 246, 100",100,tornillo,experiments/objetivo3/outputs/a3/laminas/dataset7_CLINIC_metal_0062_data_c001.png,tornillo,
dataset7_CLINIC_metal_0062_data,2,train,267.6,20.8,20.7,2.3,40,"246, 291, 182",182,otro implante,experiments/objetivo3/outputs/a3/laminas/dataset7_CLINIC_metal_0062_data_c002.png,diu,
dataset7_CLINIC_metal_0069_data,0,train,7666.4,143.5,49.5,26.2,139,"214, 219, 133",133,otro implante,experiments/objetivo3/outputs/a3/laminas/dataset7_CLINIC_metal_0069_data_c000.png,otro implante,es un implante muy grande que tiene tornillos y otros componentes. Los tornillos fueron identificados correctamente en longitud pero dado que se incluye al implante mi veredicto es otro implante
dataset7_CLINIC_metal_0073_data,7,train,330.4,9.5,8.8,7.8,41,"40, 242, 234",234,otro implante,experiments/objetivo3/outputs/a3/laminas/dataset7_CLINIC_metal_0073_data_c007.png,externo,
dataset7_CLINIC_metal_0073_data,12,train,1810.0,91.2,16.3,8.3,120,"355, 131, 161",161,otro implante,experiments/objetivo3/outputs/a3/laminas/dataset7_CLINIC_metal_0073_data_c012.png,externo,
dataset7_CLINIC_metal_0073_data,13,train,585.1,18.6,7.5,5.6,31,"382, 164, 339",339,otro implante,experiments/objetivo3/outputs/a3/laminas/dataset7_CLINIC_metal_0073_data_c013.png,externo,
