Caso A,Cortes A,Caso B,Cortes B,Cortes identicos compartidos
dataset6_CLINIC_0048_data,350,dataset7_CLINIC_metal_0036_data,350,350
dataset7_CLINIC_metal_0011_data,351,dataset7_CLINIC_metal_0034_data,350,350
dataset7_CLINIC_metal_0012_data,350,dataset7_CLINIC_metal_0021_data,350,350
dataset7_CLINIC_metal_0013_data,350,dataset7_CLINIC_metal_0043_data,350,350
dataset7_CLINIC_metal_0046_data,350,dataset7_CLINIC_metal_0074_data,350,350
dataset6_CLINIC_0038_data,331,dataset6_CLINIC_0090_data,350,331
dataset6_CLINIC_0037_data,319,dataset7_CLINIC_metal_0061_data,319,319
dataset6_CLINIC_0070_data,313,dataset7_CLINIC_metal_0064_data,313,313
dataset7_CLINIC_metal_0059_data,288,dataset7_CLINIC_metal_0071_data,350,216
