Caso,Dataset,Grupo paciente,Archivo,Grupo,Elegible Obj1,Elegible Obj2,Elegible Obj3,Motivo,Regla,Estado regla,Metal,Tipo de estructura observada,Artefactos,Procedencia artefacto,Procedencia metal,Grupo duplicado
dataset6_CLINIC_0001_data,dataset6,P001,data/dataset6/dataset6_CLINIC_0001_data.nii.gz,grupo 2,si,si,no,objeto no ortopedico presente: electrodo,reparto por objetivo (#35 ABIERTA),PROPUESTA #35,sí,electrodo,incierto,agente-laminas,autora-3D,
dataset6_CLINIC_0002_data,dataset6,P002,data/dataset6/dataset6_CLINIC_0002_data.nii.gz,grupo 3,si,si,si,sin metal y sin objeto observado,reparto por objetivo (#35 ABIERTA),PROPUESTA #35,no,,,sin dato,autora-3D,
dataset6_CLINIC_0003_data,dataset6,P003,data/dataset6/dataset6_CLINIC_0003_data.nii.gz,grupo 3,si,si,si,sin metal y sin objeto observado,reparto por objetivo (#35 ABIERTA),PROPUESTA #35,no,,,sin dato,autora-3D,
dataset6_CLINIC_0004_data,dataset6,P004,data/dataset6/dataset6_CLINIC_0004_data.nii.gz,grupo 3,si,si,si,sin metal y sin objeto observado,reparto por objetivo (#35 ABIERTA),PROPUESTA #35,no,,,sin dato,autora-3D,
dataset6_CLINIC_0005_data,dataset6,P005,data/dataset6/dataset6_CLINIC_0005_data.nii.gz,grupo 2,si,si,no,objeto no ortopedico presente: electrodos y zipper (cursor),reparto por objetivo (#35 ABIERTA),PROPUESTA #35,sí,electrodos y zipper (cursor),no,agente-laminas,autora-3D,
dataset6_CLINIC_0006_data,dataset6,P006,data/dataset6/dataset6_CLINIC_0006_data.nii.gz,grupo 3,si,si,si,sin metal y sin objeto observado,reparto por objetivo (#35 ABIERTA),PROPUESTA #35,no,,,sin dato,autora-3D,
dataset6_CLINIC_0007_data,dataset6,P007,data/dataset6/dataset6_CLINIC_0007_data.nii.gz,grupo 2,si,si,no,objeto no ortopedico presente: zipper (cursor y dientes) y accesorios,reparto por objetivo (#35 ABIERTA),PROPUESTA #35,sí,zipper (cursor y dientes) y accesorios,sí,agente-laminas,autora-3D,
dataset6_CLINIC_0008_data,dataset6,P008,data/dataset6/dataset6_CLINIC_0008_data.nii.gz,grupo 2,si,si,no,objeto no ortopedico presente: accesorio de la ropa,reparto por objetivo (#35 ABIERTA),PROPUESTA #35,sí,accesorio de la ropa,incierto,agente-laminas,autora-3D,
dataset6_CLINIC_0009_data,dataset6,P009,data/dataset6/dataset6_CLINIC_0009_data.nii.gz,grupo 3,si,si,si,sin metal y sin objeto observado,reparto por objetivo (#35 ABIERTA),PROPUESTA #35,no,,,sin dato,autora-3D,
dataset6_CLINIC_0010_data,dataset6,P010,data/dataset6/dataset6_CLINIC_0010_data.nii.gz,grupo 3,si,si,si,sin metal y sin objeto observado,reparto por objetivo (#35 ABIERTA),PROPUESTA #35,no,,,sin dato,autora-3D,
dataset6_CLINIC_0011_data,dataset6,P011,data/dataset6/dataset6_CLINIC_0011_data.nii.gz,grupo 3,si,si,si,sin metal y sin objeto observado,reparto por objetivo (#35 ABIERTA),PROPUESTA #35,no,,,sin dato,autora-3D,
dataset6_CLINIC_0012_data,dataset6,P012,data/dataset6/dataset6_CLINIC_0012_data.nii.gz,grupo 3,si,si,si,sin metal y sin objeto observado,reparto por objetivo (#35 ABIERTA),PROPUESTA #35,no,,,sin dato,autora-3D,
dataset6_CLINIC_0013_data,dataset6,P013,data/dataset6/dataset6_CLINIC_0013_data.nii.gz,grupo 3,si,si,si,sin metal y sin objeto observado,reparto por objetivo (#35 ABIERTA),PROPUESTA #35,no,,,sin dato,autora-3D,
dataset6_CLINIC_0014_data,dataset6,P014,data/dataset6/dataset6_CLINIC_0014_data.nii.gz,grupo 3,si,si,si,sin metal y sin objeto observado,reparto por objetivo (#35 ABIERTA),PROPUESTA #35,no,,,sin dato,autora-3D,
dataset6_CLINIC_0015_data,dataset6,P015,data/dataset6/dataset6_CLINIC_0015_data.nii.gz,grupo 3,si,si,si,sin metal y sin objeto observado,reparto por objetivo (#35 ABIERTA),PROPUESTA #35,no,,,sin dato,autora-3D,
dataset6_CLINIC_0016_data,dataset6,P016,data/dataset6/dataset6_CLINIC_0016_data.nii.gz,grupo 3,si,si,si,sin metal y sin objeto observado,reparto por objetivo (#35 ABIERTA),PROPUESTA #35,no,,,sin dato,autora-3D,
dataset6_CLINIC_0017_data,dataset6,P017,data/dataset6/dataset6_CLINIC_0017_data.nii.gz,grupo 2,si,si,no,objeto no ortopedico presente: Estructura hiperdensa compatible con DIU y electrodo,reparto por objetivo (#35 ABIERTA),PROPUESTA #35,sí,Estructura hiperdensa compatible con DIU y electrodo,Por determinar,agente-laminas,autora-3D,
dataset6_CLINIC_0018_data,dataset6,P018,data/dataset6/dataset6_CLINIC_0018_data.nii.gz,grupo 3,si,si,si,sin metal y sin objeto observado,reparto por objetivo (#35 ABIERTA),PROPUESTA #35,no,,,sin dato,autora-3D,
dataset6_CLINIC_0019_data,dataset6,P019,data/dataset6/dataset6_CLINIC_0019_data.nii.gz,grupo 2,si,si,no,objeto no ortopedico presente: accesorio,reparto por objetivo (#35 ABIERTA),PROPUESTA #35,sí,accesorio,incierto,agente-laminas,autora-3D,
dataset6_CLINIC_0020_data,dataset6,P020,data/dataset6/dataset6_CLINIC_0020_data.nii.gz,grupo 3,si,si,si,sin metal y sin objeto observado,reparto por objetivo (#35 ABIERTA),PROPUESTA #35,no,,,sin dato,autora-3D,
dataset6_CLINIC_0021_data,dataset6,P021,data/dataset6/dataset6_CLINIC_0021_data.nii.gz,grupo 3,si,si,si,sin metal y sin objeto observado,reparto por objetivo (#35 ABIERTA),PROPUESTA #35,no,,,sin dato,autora-3D,
dataset6_CLINIC_0022_data,dataset6,P022,data/dataset6/dataset6_CLINIC_0022_data.nii.gz,grupo 3,si,si,si,sin metal y sin objeto observado,reparto por objetivo (#35 ABIERTA),PROPUESTA #35,no,,,sin dato,autora-3D,
dataset6_CLINIC_0023_data,dataset6,P023,data/dataset6/dataset6_CLINIC_0023_data.nii.gz,grupo 3,si,si,si,sin metal y sin objeto observado,reparto por objetivo (#35 ABIERTA),PROPUESTA #35,no,,,sin dato,autora-3D,
dataset6_CLINIC_0024_data,dataset6,P024,data/dataset6/dataset6_CLINIC_0024_data.nii.gz,grupo 3,si,si,si,sin metal y sin objeto observado,reparto por objetivo (#35 ABIERTA),PROPUESTA #35,no,,,sin dato,autora-3D,
dataset6_CLINIC_0025_data,dataset6,P025,data/dataset6/dataset6_CLINIC_0025_data.nii.gz,grupo 3,si,si,si,sin metal y sin objeto observado,reparto por objetivo (#35 ABIERTA),PROPUESTA #35,no,,,sin dato,autora-3D,
dataset6_CLINIC_0026_data,dataset6,P026,data/dataset6/dataset6_CLINIC_0026_data.nii.gz,grupo 3,si,si,si,sin metal y sin objeto observado,reparto por objetivo (#35 ABIERTA),PROPUESTA #35,no,,,sin dato,autora-3D,
dataset6_CLINIC_0027_data,dataset6,P027,data/dataset6/dataset6_CLINIC_0027_data.nii.gz,grupo 3,si,si,si,sin metal y sin objeto observado,reparto por objetivo (#35 ABIERTA),PROPUESTA #35,no,,,sin dato,autora-3D,
dataset6_CLINIC_0028_data,dataset6,P028,data/dataset6/dataset6_CLINIC_0028_data.nii.gz,grupo 2,si,si,no,objeto no ortopedico presente: 1 electrodo y 2 accesorios,reparto por objetivo (#35 ABIERTA),PROPUESTA #35,sí,1 electrodo y 2 accesorios,incierto,agente-laminas,autora-3D,
dataset6_CLINIC_0029_data,dataset6,P029,data/dataset6/dataset6_CLINIC_0029_data.nii.gz,grupo 3,si,si,si,sin metal y sin objeto observado,reparto por objetivo (#35 ABIERTA),PROPUESTA #35,no,,,sin dato,autora-3D,
dataset6_CLINIC_0030_data,dataset6,P030,data/dataset6/dataset6_CLINIC_0030_data.nii.gz,grupo 3,si,si,si,sin metal y sin objeto observado,reparto por objetivo (#35 ABIERTA),PROPUESTA #35,no,,,sin dato,autora-3D,
dataset6_CLINIC_0031_data,dataset6,P031,data/dataset6/dataset6_CLINIC_0031_data.nii.gz,grupo 2,si,si,no,objeto no ortopedico presente: electrodo,reparto por objetivo (#35 ABIERTA),PROPUESTA #35,sí,electrodo,no,agente-laminas,autora-3D,
dataset6_CLINIC_0032_data,dataset6,P032,data/dataset6/dataset6_CLINIC_0032_data.nii.gz,grupo 3,si,si,si,sin metal y sin objeto observado,reparto por objetivo (#35 ABIERTA),PROPUESTA #35,no,,,sin dato,autora-3D,
dataset6_CLINIC_0033_data,dataset6,P033,data/dataset6/dataset6_CLINIC_0033_data.nii.gz,grupo 3,si,si,si,sin metal y sin objeto observado,reparto por objetivo (#35 ABIERTA),PROPUESTA #35,no,,,sin dato,autora-3D,
dataset6_CLINIC_0034_data,dataset6,P034,data/dataset6/dataset6_CLINIC_0034_data.nii.gz,grupo 3,si,si,si,sin metal y sin objeto observado,reparto por objetivo (#35 ABIERTA),PROPUESTA #35,no,,,sin dato,autora-3D,
dataset6_CLINIC_0035_data,dataset6,P035,data/dataset6/dataset6_CLINIC_0035_data.nii.gz,grupo 3,si,si,si,sin metal y sin objeto observado,reparto por objetivo (#35 ABIERTA),PROPUESTA #35,no,,,sin dato,autora-3D,
dataset6_CLINIC_0036_data,dataset6,P036,data/dataset6/dataset6_CLINIC_0036_data.nii.gz,grupo 2,si,si,no,objeto no ortopedico presente: accesorio,reparto por objetivo (#35 ABIERTA),PROPUESTA #35,sí,accesorio,no,agente-laminas,autora-3D,
dataset6_CLINIC_0037_data,dataset6,P037,data/dataset6/dataset6_CLINIC_0037_data.nii.gz,excluido,no,no,no,retirado: copia exacta de un volumen de dataset7; prevalece dataset7 -> dataset7_CLINIC_metal_0061_data,exclusiones.csv (01-decisiones.md 2026-09-07),decidida,sí,3 electrodos y un zipper (cursor),no,agente-laminas,autora-3D,be75f505cd2b74546e1d90f9a04a30a13a25f825f4cb52b25083ea546e080fec
dataset6_CLINIC_0038_data,dataset6,P038,data/dataset6/dataset6_CLINIC_0038_data.nii.gz,excluido,no,no,no,retirado: subconjunto exacto (331 de 350 cortes); los cortes restantes no aportan -> dataset6_CLINIC_0090_data,exclusiones.csv (01-decisiones.md 2026-09-10),decidida,no,,,sin dato,autora-3D,
dataset6_CLINIC_0039_data,dataset6,P039,data/dataset6/dataset6_CLINIC_0039_data.nii.gz,grupo 2,si,si,no,objeto no ortopedico presente: borde FOV,reparto por objetivo (#35 ABIERTA),PROPUESTA #35,no,borde FOV,sí,agente-laminas,autora-regla,
dataset6_CLINIC_0040_data,dataset6,P040,data/dataset6/dataset6_CLINIC_0040_data.nii.gz,grupo 2,si,si,no,objeto no ortopedico presente: accesorio,reparto por objetivo (#35 ABIERTA),PROPUESTA #35,sí,accesorio,no,agente-laminas,autora-3D,
dataset6_CLINIC_0041_data,dataset6,P041,data/dataset6/dataset6_CLINIC_0041_data.nii.gz,grupo 2,si,si,no,objeto no ortopedico presente: electrodo,reparto por objetivo (#35 ABIERTA),PROPUESTA #35,sí,electrodo,incierto,agente-laminas,autora-3D,
dataset6_CLINIC_0042_data,dataset6,P042,data/dataset6/dataset6_CLINIC_0042_data.nii.gz,grupo 3,si,si,si,sin metal y sin objeto observado,reparto por objetivo (#35 ABIERTA),PROPUESTA #35,no,,,sin dato,autora-3D,
dataset6_CLINIC_0043_data,dataset6,P043,data/dataset6/dataset6_CLINIC_0043_data.nii.gz,grupo 3,si,si,si,sin metal y sin objeto observado,reparto por objetivo (#35 ABIERTA),PROPUESTA #35,no,,,sin dato,autora-3D,
dataset6_CLINIC_0044_data,dataset6,P044,data/dataset6/dataset6_CLINIC_0044_data.nii.gz,grupo 3,si,si,si,sin metal y sin objeto observado,reparto por objetivo (#35 ABIERTA),PROPUESTA #35,no,,,sin dato,autora-3D,
dataset6_CLINIC_0045_data,dataset6,P045,data/dataset6/dataset6_CLINIC_0045_data.nii.gz,grupo 3,si,si,si,sin metal y sin objeto observado,reparto por objetivo (#35 ABIERTA),PROPUESTA #35,no,,,sin dato,autora-3D,
dataset6_CLINIC_0046_data,dataset6,P046,data/dataset6/dataset6_CLINIC_0046_data.nii.gz,grupo 3,si,si,si,sin metal y sin objeto observado,reparto por objetivo (#35 ABIERTA),PROPUESTA #35,no,,,sin dato,autora-3D,
dataset6_CLINIC_0047_data,dataset6,P047,data/dataset6/dataset6_CLINIC_0047_data.nii.gz,grupo 3,si,si,si,sin metal y sin objeto observado,reparto por objetivo (#35 ABIERTA),PROPUESTA #35,no,,,sin dato,autora-3D,
dataset6_CLINIC_0048_data,dataset6,P048,data/dataset6/dataset6_CLINIC_0048_data.nii.gz,excluido,no,no,no,retirado: copia exacta de un volumen de dataset7; prevalece dataset7 -> dataset7_CLINIC_metal_0036_data,exclusiones.csv (01-decisiones.md 2026-09-07),decidida,sí,zipper (cursor),no,agente-laminas,autora-3D,36b9c1861b496999adbb6f3636b19d23a47264cabe7146a829aced95d1204812
dataset6_CLINIC_0049_data,dataset6,P049,data/dataset6/dataset6_CLINIC_0049_data.nii.gz,grupo 3,si,si,si,sin metal y sin objeto observado,reparto por objetivo (#35 ABIERTA),PROPUESTA #35,no,,,sin dato,autora-3D,
dataset6_CLINIC_0050_data,dataset6,P050,data/dataset6/dataset6_CLINIC_0050_data.nii.gz,grupo 3,si,si,si,sin metal y sin objeto observado,reparto por objetivo (#35 ABIERTA),PROPUESTA #35,no,,,sin dato,autora-3D,
dataset6_CLINIC_0051_data,dataset6,P051,data/dataset6/dataset6_CLINIC_0051_data.nii.gz,grupo 3,si,si,si,sin metal y sin objeto observado,reparto por objetivo (#35 ABIERTA),PROPUESTA #35,no,,,sin dato,autora-3D,
dataset6_CLINIC_0052_data,dataset6,P052,data/dataset6/dataset6_CLINIC_0052_data.nii.gz,grupo 2,si,si,no,objeto no ortopedico presente: electrodo,reparto por objetivo (#35 ABIERTA),PROPUESTA #35,sí,electrodo,no,agente-laminas,autora-3D,
dataset6_CLINIC_0053_data,dataset6,P053,data/dataset6/dataset6_CLINIC_0053_data.nii.gz,grupo 2,si,si,no,objeto no ortopedico presente: 1 zipper (cursor) y 2 electrodos,reparto por objetivo (#35 ABIERTA),PROPUESTA #35,sí,1 zipper (cursor) y 2 electrodos,no,agente-laminas,autora-3D,
dataset6_CLINIC_0054_data,dataset6,P054,data/dataset6/dataset6_CLINIC_0054_data.nii.gz,grupo 2,si,si,no,objeto no ortopedico presente: accesorio,reparto por objetivo (#35 ABIERTA),PROPUESTA #35,sí,accesorio,no,agente-laminas,autora-3D,
dataset6_CLINIC_0055_data,dataset6,P055,data/dataset6/dataset6_CLINIC_0055_data.nii.gz,grupo 3,si,si,si,sin metal y sin objeto observado,reparto por objetivo (#35 ABIERTA),PROPUESTA #35,no,,,sin dato,autora-3D,
dataset6_CLINIC_0056_data,dataset6,P056,data/dataset6/dataset6_CLINIC_0056_data.nii.gz,grupo 2,si,si,no,objeto no ortopedico presente: DIU,reparto por objetivo (#35 ABIERTA),PROPUESTA #35,sí,DIU,no,agente-laminas,autora-3D,
dataset6_CLINIC_0057_data,dataset6,P057,data/dataset6/dataset6_CLINIC_0057_data.nii.gz,grupo 3,si,si,si,sin metal y sin objeto observado,reparto por objetivo (#35 ABIERTA),PROPUESTA #35,no,,,sin dato,autora-3D,
dataset6_CLINIC_0058_data,dataset6,P058,data/dataset6/dataset6_CLINIC_0058_data.nii.gz,grupo 3,si,si,si,sin metal y sin objeto observado,reparto por objetivo (#35 ABIERTA),PROPUESTA #35,no,,no,agente-laminas,autora-regla,
dataset6_CLINIC_0059_data,dataset6,P059,data/dataset6/dataset6_CLINIC_0059_data.nii.gz,grupo 3,si,si,si,sin metal y sin objeto observado,reparto por objetivo (#35 ABIERTA),PROPUESTA #35,no,,,sin dato,autora-3D,
dataset6_CLINIC_0060_data,dataset6,P060,data/dataset6/dataset6_CLINIC_0060_data.nii.gz,grupo 3,si,si,si,sin metal y sin objeto observado,reparto por objetivo (#35 ABIERTA),PROPUESTA #35,no,,,sin dato,autora-3D,
dataset6_CLINIC_0061_data,dataset6,P061,data/dataset6/dataset6_CLINIC_0061_data.nii.gz,grupo 3,si,si,si,sin metal y sin objeto observado,reparto por objetivo (#35 ABIERTA),PROPUESTA #35,no,,,sin dato,autora-3D,
dataset6_CLINIC_0062_data,dataset6,P062,data/dataset6/dataset6_CLINIC_0062_data.nii.gz,grupo 3,si,si,si,sin metal y sin objeto observado,reparto por objetivo (#35 ABIERTA),PROPUESTA #35,no,,,sin dato,autora-3D,
dataset6_CLINIC_0063_data,dataset6,P063,data/dataset6/dataset6_CLINIC_0063_data.nii.gz,grupo 3,si,si,si,sin metal y sin objeto observado,reparto por objetivo (#35 ABIERTA),PROPUESTA #35,no,,,sin dato,autora-3D,
dataset6_CLINIC_0064_data,dataset6,P064,data/dataset6/dataset6_CLINIC_0064_data.nii.gz,grupo 3,si,si,si,sin metal y sin objeto observado,reparto por objetivo (#35 ABIERTA),PROPUESTA #35,no,,,sin dato,autora-3D,
dataset6_CLINIC_0065_data,dataset6,P065,data/dataset6/dataset6_CLINIC_0065_data.nii.gz,grupo 3,si,si,si,sin metal y sin objeto observado,reparto por objetivo (#35 ABIERTA),PROPUESTA #35,no,,,sin dato,autora-3D,
dataset6_CLINIC_0066_data,dataset6,P066,data/dataset6/dataset6_CLINIC_0066_data.nii.gz,grupo 2,si,si,no,objeto no ortopedico presente: borde FOV,reparto por objetivo (#35 ABIERTA),PROPUESTA #35,no,borde FOV,incierto,agente-laminas,autora-regla,
dataset6_CLINIC_0067_data,dataset6,P067,data/dataset6/dataset6_CLINIC_0067_data.nii.gz,grupo 2,si,si,no,objeto no ortopedico presente: DIU,reparto por objetivo (#35 ABIERTA),PROPUESTA #35,sí,DIU,sí,agente-laminas,autora-3D,
dataset6_CLINIC_0068_data,dataset6,P068,data/dataset6/dataset6_CLINIC_0068_data.nii.gz,grupo 2,si,si,no,objeto no ortopedico presente: accesorio,reparto por objetivo (#35 ABIERTA),PROPUESTA #35,sí,accesorio,no,agente-laminas,autora-3D,
dataset6_CLINIC_0069_data,dataset6,P069,data/dataset6/dataset6_CLINIC_0069_data.nii.gz,grupo 2,si,si,no,objeto no ortopedico presente: accesorio,reparto por objetivo (#35 ABIERTA),PROPUESTA #35,sí,accesorio,sí,agente-laminas,autora-3D,
dataset6_CLINIC_0070_data,dataset6,P070,data/dataset6/dataset6_CLINIC_0070_data.nii.gz,excluido,no,no,no,retirado: copia exacta de un volumen de dataset7; prevalece dataset7 -> dataset7_CLINIC_metal_0064_data,exclusiones.csv (01-decisiones.md 2026-09-07),decidida,sí,DIU,no,agente-laminas,autora-3D,62d23a1c4c010a8f3fb8296229190364e785c8eb836998aabb4c05d62468a4cc
dataset6_CLINIC_0071_data,dataset6,P071,data/dataset6/dataset6_CLINIC_0071_data.nii.gz,grupo 2,si,si,no,objeto no ortopedico presente: electrodo,reparto por objetivo (#35 ABIERTA),PROPUESTA #35,sí,electrodo,incierto,agente-laminas,autora-3D,
dataset6_CLINIC_0072_data,dataset6,P072,data/dataset6/dataset6_CLINIC_0072_data.nii.gz,grupo 2,si,si,no,objeto no ortopedico presente: DIU y 2 accesorios,reparto por objetivo (#35 ABIERTA),PROPUESTA #35,sí,DIU y 2 accesorios,no,agente-laminas,autora-3D,
dataset6_CLINIC_0073_data,dataset6,P073,data/dataset6/dataset6_CLINIC_0073_data.nii.gz,grupo 3,si,si,si,sin metal y sin objeto observado,reparto por objetivo (#35 ABIERTA),PROPUESTA #35,no,,,sin dato,autora-3D,
dataset6_CLINIC_0074_data,dataset6,P074,data/dataset6/dataset6_CLINIC_0074_data.nii.gz,grupo 3,si,si,si,sin metal y sin objeto observado,reparto por objetivo (#35 ABIERTA),PROPUESTA #35,no,,no,agente-laminas,autora-3D,
dataset6_CLINIC_0075_data,dataset6,P075,data/dataset6/dataset6_CLINIC_0075_data.nii.gz,grupo 2,si,si,no,objeto no ortopedico presente: 2 botones y 2 accesorios de la ropa,reparto por objetivo (#35 ABIERTA),PROPUESTA #35,sí,2 botones y 2 accesorios de la ropa,no,agente-laminas,autora-3D,
dataset6_CLINIC_0076_data,dataset6,P076,data/dataset6/dataset6_CLINIC_0076_data.nii.gz,grupo 2,si,si,no,objeto no ortopedico presente: accesorios,reparto por objetivo (#35 ABIERTA),PROPUESTA #35,sí,accesorios,no,agente-laminas,autora-3D,
dataset6_CLINIC_0077_data,dataset6,P077,data/dataset6/dataset6_CLINIC_0077_data.nii.gz,grupo 2,si,si,no,objeto no ortopedico presente: borde FOV,reparto por objetivo (#35 ABIERTA),PROPUESTA #35,no,borde FOV,no,agente-laminas,autora-regla,
dataset6_CLINIC_0078_data,dataset6,P078,data/dataset6/dataset6_CLINIC_0078_data.nii.gz,grupo 2,si,si,no,objeto no ortopedico presente: 2 accesorios,reparto por objetivo (#35 ABIERTA),PROPUESTA #35,sí,2 accesorios,no,agente-laminas,autora-3D,
dataset6_CLINIC_0079_data,dataset6,P079,data/dataset6/dataset6_CLINIC_0079_data.nii.gz,grupo 3,si,si,si,sin metal y sin objeto observado,reparto por objetivo (#35 ABIERTA),PROPUESTA #35,no,,,sin dato,autora-3D,
dataset6_CLINIC_0080_data,dataset6,P080,data/dataset6/dataset6_CLINIC_0080_data.nii.gz,grupo 2,si,si,no,objeto no ortopedico presente: DIU,reparto por objetivo (#35 ABIERTA),PROPUESTA #35,sí,DIU,sí,agente-laminas,autora-3D,
dataset6_CLINIC_0081_data,dataset6,P081,data/dataset6/dataset6_CLINIC_0081_data.nii.gz,grupo 3,si,si,si,sin metal y sin objeto observado,reparto por objetivo (#35 ABIERTA),PROPUESTA #35,no,,,sin dato,autora-3D,
dataset6_CLINIC_0082_data,dataset6,P082,data/dataset6/dataset6_CLINIC_0082_data.nii.gz,grupo 3,si,si,si,sin metal y sin objeto observado,reparto por objetivo (#35 ABIERTA),PROPUESTA #35,no,,,sin dato,autora-3D,
dataset6_CLINIC_0083_data,dataset6,P083,data/dataset6/dataset6_CLINIC_0083_data.nii.gz,grupo 3,si,si,si,sin metal y sin objeto observado,reparto por objetivo (#35 ABIERTA),PROPUESTA #35,no,,,sin dato,autora-3D,
dataset6_CLINIC_0084_data,dataset6,P084,data/dataset6/dataset6_CLINIC_0084_data.nii.gz,grupo 2,si,si,no,objeto no ortopedico presente: accesorio,reparto por objetivo (#35 ABIERTA),PROPUESTA #35,sí,accesorio,no,agente-laminas,autora-3D,
dataset6_CLINIC_0085_data,dataset6,P085,data/dataset6/dataset6_CLINIC_0085_data.nii.gz,grupo 3,si,si,si,sin metal y sin objeto observado,reparto por objetivo (#35 ABIERTA),PROPUESTA #35,no,,,sin dato,autora-3D,
dataset6_CLINIC_0086_data,dataset6,P086,data/dataset6/dataset6_CLINIC_0086_data.nii.gz,grupo 3,si,si,si,sin metal y sin objeto observado,reparto por objetivo (#35 ABIERTA),PROPUESTA #35,no,,,sin dato,autora-3D,
dataset6_CLINIC_0087_data,dataset6,P087,data/dataset6/dataset6_CLINIC_0087_data.nii.gz,grupo 3,si,si,si,sin metal y sin objeto observado,reparto por objetivo (#35 ABIERTA),PROPUESTA #35,no,,,sin dato,autora-3D,
dataset6_CLINIC_0088_data,dataset6,P088,data/dataset6/dataset6_CLINIC_0088_data.nii.gz,grupo 3,si,si,si,sin metal y sin objeto observado,reparto por objetivo (#35 ABIERTA),PROPUESTA #35,no,,,sin dato,autora-3D,
dataset6_CLINIC_0089_data,dataset6,P089,data/dataset6/dataset6_CLINIC_0089_data.nii.gz,grupo 2,si,si,no,objeto no ortopedico presente: 1 electrodo y 1 accesorio,reparto por objetivo (#35 ABIERTA),PROPUESTA #35,sí,1 electrodo y 1 accesorio,no,agente-laminas,autora-3D,
dataset6_CLINIC_0090_data,dataset6,P038,data/dataset6/dataset6_CLINIC_0090_data.nii.gz,grupo 3,si,si,si,sin metal y sin objeto observado,reparto por objetivo (#35 ABIERTA),PROPUESTA #35,no,,,sin dato,autora-3D,
dataset6_CLINIC_0091_data,dataset6,P090,data/dataset6/dataset6_CLINIC_0091_data.nii.gz,grupo 2,si,si,no,objeto no ortopedico presente: 8 accesorios y 2 zipper (cursor),reparto por objetivo (#35 ABIERTA),PROPUESTA #35,sí,8 accesorios y 2 zipper (cursor),sí,agente-laminas,autora-3D,
dataset6_CLINIC_0092_data,dataset6,P091,data/dataset6/dataset6_CLINIC_0092_data.nii.gz,grupo 3,si,si,si,sin metal y sin objeto observado,reparto por objetivo (#35 ABIERTA),PROPUESTA #35,no,,,sin dato,autora-3D,
dataset6_CLINIC_0093_data,dataset6,P092,data/dataset6/dataset6_CLINIC_0093_data.nii.gz,grupo 2,si,si,no,objeto no ortopedico presente: zipper (cursor),reparto por objetivo (#35 ABIERTA),PROPUESTA #35,sí,zipper (cursor),incierto,agente-laminas,autora-3D,
dataset6_CLINIC_0094_data,dataset6,P093,data/dataset6/dataset6_CLINIC_0094_data.nii.gz,grupo 3,si,si,si,sin metal y sin objeto observado,reparto por objetivo (#35 ABIERTA),PROPUESTA #35,no,,,sin dato,autora-3D,
dataset6_CLINIC_0095_data,dataset6,P094,data/dataset6/dataset6_CLINIC_0095_data.nii.gz,grupo 3,si,si,si,sin metal y sin objeto observado,reparto por objetivo (#35 ABIERTA),PROPUESTA #35,no,,,sin dato,autora-3D,
dataset6_CLINIC_0096_data,dataset6,P095,data/dataset6/dataset6_CLINIC_0096_data.nii.gz,grupo 3,si,si,si,sin metal y sin objeto observado,reparto por objetivo (#35 ABIERTA),PROPUESTA #35,no,,,sin dato,autora-3D,
dataset6_CLINIC_0097_data,dataset6,P096,data/dataset6/dataset6_CLINIC_0097_data.nii.gz,grupo 2,si,si,no,objeto no ortopedico presente: accesorio cortado por borde FOV,reparto por objetivo (#35 ABIERTA),PROPUESTA #35,sí,accesorio cortado por borde FOV,incierto,agente-laminas,autora-3D,
dataset6_CLINIC_0098_data,dataset6,P097,data/dataset6/dataset6_CLINIC_0098_data.nii.gz,grupo 3,si,si,si,sin metal y sin objeto observado,reparto por objetivo (#35 ABIERTA),PROPUESTA #35,no,,,sin dato,autora-3D,
dataset6_CLINIC_0099_data,dataset6,P098,data/dataset6/dataset6_CLINIC_0099_data.nii.gz,grupo 3,si,si,si,sin metal y sin objeto observado,reparto por objetivo (#35 ABIERTA),PROPUESTA #35,no,,,sin dato,autora-3D,
dataset6_CLINIC_0100_data,dataset6,P099,data/dataset6/dataset6_CLINIC_0100_data.nii.gz,grupo 3,si,si,si,sin metal y sin objeto observado,reparto por objetivo (#35 ABIERTA),PROPUESTA #35,no,,,sin dato,autora-3D,
dataset6_CLINIC_0101_data,dataset6,P100,data/dataset6/dataset6_CLINIC_0101_data.nii.gz,grupo 3,si,si,si,sin metal y sin objeto observado,reparto por objetivo (#35 ABIERTA),PROPUESTA #35,no,,,sin dato,autora-3D,
dataset6_CLINIC_0102_data,dataset6,P101,data/dataset6/dataset6_CLINIC_0102_data.nii.gz,grupo 2,si,si,no,objeto no ortopedico presente: zipper (cursor),reparto por objetivo (#35 ABIERTA),PROPUESTA #35,sí,zipper (cursor),no,agente-laminas,autora-3D,
dataset6_CLINIC_0103_data,dataset6,P102,data/dataset6/dataset6_CLINIC_0103_data.nii.gz,grupo 3,si,si,si,sin metal y sin objeto observado,reparto por objetivo (#35 ABIERTA),PROPUESTA #35,no,,,sin dato,autora-3D,
dataset7_CLINIC_metal_0000_data,dataset7,P103,data/dataset7/dataset7_CLINIC_metal_0000_data.nii.gz,grupo 1,si,no,no,material ortopedico presente,reparto por objetivo (#35 ABIERTA),PROPUESTA #35,sí,material ortopedico,sí,agente-laminas,autora-regla,
dataset7_CLINIC_metal_0001_data,dataset7,P104,data/dataset7/dataset7_CLINIC_metal_0001_data.nii.gz,grupo 1,si,no,no,material ortopedico presente,reparto por objetivo (#35 ABIERTA),PROPUESTA #35,sí,material ortopedico,sí,agente-laminas,autora-regla,
dataset7_CLINIC_metal_0002_data,dataset7,P105,data/dataset7/dataset7_CLINIC_metal_0002_data.nii.gz,grupo 1,si,no,no,material ortopedico presente,reparto por objetivo (#35 ABIERTA),PROPUESTA #35,sí,material ortopedico,sí,agente-laminas,autora-regla,
dataset7_CLINIC_metal_0003_data,dataset7,P106,data/dataset7/dataset7_CLINIC_metal_0003_data.nii.gz,grupo 1,si,no,no,material ortopedico presente,reparto por objetivo (#35 ABIERTA),PROPUESTA #35,sí,material ortopedico,sí,agente-laminas,autora-regla,
dataset7_CLINIC_metal_0004_data,dataset7,P107,data/dataset7/dataset7_CLINIC_metal_0004_data.nii.gz,grupo 1,si,no,no,material ortopedico presente,reparto por objetivo (#35 ABIERTA),PROPUESTA #35,sí,material ortopedico,sí,agente-laminas,autora-regla,
dataset7_CLINIC_metal_0005_data,dataset7,P108,data/dataset7/dataset7_CLINIC_metal_0005_data.nii.gz,grupo 1,si,no,no,material ortopedico presente,reparto por objetivo (#35 ABIERTA),PROPUESTA #35,sí,material ortopedico,sí,agente-laminas,autora-regla,
dataset7_CLINIC_metal_0006_data,dataset7,P109,data/dataset7/dataset7_CLINIC_metal_0006_data.nii.gz,grupo 1,si,no,no,material ortopedico presente,reparto por objetivo (#35 ABIERTA),PROPUESTA #35,sí,material ortopedico,sí,agente-laminas,autora-regla,
dataset7_CLINIC_metal_0007_data,dataset7,P110,data/dataset7/dataset7_CLINIC_metal_0007_data.nii.gz,grupo 1,si,no,no,material ortopedico presente,reparto por objetivo (#35 ABIERTA),PROPUESTA #35,sí,material ortopedico,sí,agente-laminas,autora-regla,
dataset7_CLINIC_metal_0008_data,dataset7,P111,data/dataset7/dataset7_CLINIC_metal_0008_data.nii.gz,grupo 1,si,no,no,material ortopedico presente,reparto por objetivo (#35 ABIERTA),PROPUESTA #35,sí,material ortopedico,sí,agente-laminas,autora-regla,
dataset7_CLINIC_metal_0009_data,dataset7,P112,data/dataset7/dataset7_CLINIC_metal_0009_data.nii.gz,grupo 1,si,no,no,material ortopedico presente,reparto por objetivo (#35 ABIERTA),PROPUESTA #35,sí,material ortopedico,sí,agente-laminas,autora-regla,
dataset7_CLINIC_metal_0010_data,dataset7,P113,data/dataset7/dataset7_CLINIC_metal_0010_data.nii.gz,grupo 1,si,no,no,material ortopedico presente,reparto por objetivo (#35 ABIERTA),PROPUESTA #35,sí,material ortopedico,sí,agente-laminas,autora-regla,
dataset7_CLINIC_metal_0011_data,dataset7,P114,data/dataset7/dataset7_CLINIC_metal_0011_data.nii.gz,grupo 1,si,no,no,material ortopedico presente,reparto por objetivo (#35 ABIERTA),PROPUESTA #35,sí,material ortopedico,sí,agente-laminas,autora-regla,
dataset7_CLINIC_metal_0012_data,dataset7,P115,data/dataset7/dataset7_CLINIC_metal_0012_data.nii.gz,grupo 1,si,no,no,material ortopedico presente,reparto por objetivo (#35 ABIERTA),PROPUESTA #35,sí,material ortopedico,sí,agente-laminas,autora-regla,733d47aa0bd8860389fc23feae7404b54023c217bc1f51c3b9e6d5360e1ca9f8
dataset7_CLINIC_metal_0013_data,dataset7,P116,data/dataset7/dataset7_CLINIC_metal_0013_data.nii.gz,grupo 1,si,no,no,material ortopedico presente,reparto por objetivo (#35 ABIERTA),PROPUESTA #35,sí,material ortopedico,sí,agente-laminas,autora-regla,3b82dc1a5ca1be08bff0f44edeba807c50411adb3e1bc868dd8aedcfb060e0e4
dataset7_CLINIC_metal_0014_data,dataset7,P117,data/dataset7/dataset7_CLINIC_metal_0014_data.nii.gz,grupo 1,si,no,no,material ortopedico presente,reparto por objetivo (#35 ABIERTA),PROPUESTA #35,sí,material ortopedico,sí,agente-laminas,autora-regla,
dataset7_CLINIC_metal_0015_data,dataset7,P118,data/dataset7/dataset7_CLINIC_metal_0015_data.nii.gz,grupo 1,si,no,no,material ortopedico presente,reparto por objetivo (#35 ABIERTA),PROPUESTA #35,sí,material ortopedico,sí,agente-laminas,autora-regla,
dataset7_CLINIC_metal_0016_data,dataset7,P119,data/dataset7/dataset7_CLINIC_metal_0016_data.nii.gz,grupo 1,si,no,no,material ortopedico presente,reparto por objetivo (#35 ABIERTA),PROPUESTA #35,sí,material ortopedico,sí,agente-laminas,autora-regla,
dataset7_CLINIC_metal_0017_data,dataset7,P120,data/dataset7/dataset7_CLINIC_metal_0017_data.nii.gz,grupo 1,si,no,no,material ortopedico presente,reparto por objetivo (#35 ABIERTA),PROPUESTA #35,sí,material ortopedico,sí,agente-laminas,autora-regla,
dataset7_CLINIC_metal_0018_data,dataset7,P121,data/dataset7/dataset7_CLINIC_metal_0018_data.nii.gz,grupo 1,si,no,no,material ortopedico presente,reparto por objetivo (#35 ABIERTA),PROPUESTA #35,sí,material ortopedico,sí,agente-laminas,autora-regla,
dataset7_CLINIC_metal_0019_data,dataset7,P122,data/dataset7/dataset7_CLINIC_metal_0019_data.nii.gz,grupo 1,si,no,no,material ortopedico presente,reparto por objetivo (#35 ABIERTA),PROPUESTA #35,sí,material ortopedico,sí,agente-laminas,autora-regla,
dataset7_CLINIC_metal_0020_data,dataset7,P123,data/dataset7/dataset7_CLINIC_metal_0020_data.nii.gz,grupo 1,si,no,no,material ortopedico presente,reparto por objetivo (#35 ABIERTA),PROPUESTA #35,sí,material ortopedico,sí,agente-laminas,autora-regla,
dataset7_CLINIC_metal_0021_data,dataset7,P115,data/dataset7/dataset7_CLINIC_metal_0021_data.nii.gz,excluido,no,no,no,retirado: copia exacta interna de dataset7; se conserva el de indice menor -> dataset7_CLINIC_metal_0012_data,exclusiones.csv (#20; autora 2026-09-10),decidida (autora 2026-09-10: indice menor; contenido identico),sí,material ortopedico,sí,agente-laminas,autora-regla,733d47aa0bd8860389fc23feae7404b54023c217bc1f51c3b9e6d5360e1ca9f8
dataset7_CLINIC_metal_0022_data,dataset7,P124,data/dataset7/dataset7_CLINIC_metal_0022_data.nii.gz,grupo 1,si,no,no,material ortopedico presente,reparto por objetivo (#35 ABIERTA),PROPUESTA #35,sí,material ortopedico,sí,agente-laminas,autora-regla,
dataset7_CLINIC_metal_0023_data,dataset7,P125,data/dataset7/dataset7_CLINIC_metal_0023_data.nii.gz,grupo 1,si,no,no,material ortopedico presente,reparto por objetivo (#35 ABIERTA),PROPUESTA #35,sí,material ortopedico,sí,agente-laminas,autora-regla,
dataset7_CLINIC_metal_0024_data,dataset7,P126,data/dataset7/dataset7_CLINIC_metal_0024_data.nii.gz,grupo 1,si,no,no,material ortopedico presente,reparto por objetivo (#35 ABIERTA),PROPUESTA #35,sí,material ortopedico,sí,agente-laminas,autora-regla,
dataset7_CLINIC_metal_0025_data,dataset7,P127,data/dataset7/dataset7_CLINIC_metal_0025_data.nii.gz,grupo 1,si,no,no,material ortopedico presente,reparto por objetivo (#35 ABIERTA),PROPUESTA #35,sí,material ortopedico,sí,agente-laminas,autora-regla,
dataset7_CLINIC_metal_0026_data,dataset7,P128,data/dataset7/dataset7_CLINIC_metal_0026_data.nii.gz,grupo 1,si,no,no,material ortopedico presente,reparto por objetivo (#35 ABIERTA),PROPUESTA #35,sí,material ortopedico,sí,agente-laminas,autora-regla,
dataset7_CLINIC_metal_0027_data,dataset7,P129,data/dataset7/dataset7_CLINIC_metal_0027_data.nii.gz,grupo 1,si,no,no,material ortopedico presente,reparto por objetivo (#35 ABIERTA),PROPUESTA #35,sí,material ortopedico,sí,agente-laminas,autora-regla,
dataset7_CLINIC_metal_0028_data,dataset7,P130,data/dataset7/dataset7_CLINIC_metal_0028_data.nii.gz,grupo 1,si,no,no,material ortopedico presente,reparto por objetivo (#35 ABIERTA),PROPUESTA #35,sí,material ortopedico,sí,agente-laminas,autora-regla,
dataset7_CLINIC_metal_0029_data,dataset7,P131,data/dataset7/dataset7_CLINIC_metal_0029_data.nii.gz,grupo 1,si,no,no,material ortopedico presente,reparto por objetivo (#35 ABIERTA),PROPUESTA #35,sí,material ortopedico,sí,agente-laminas,autora-regla,
dataset7_CLINIC_metal_0030_data,dataset7,P132,data/dataset7/dataset7_CLINIC_metal_0030_data.nii.gz,grupo 1,si,no,no,material ortopedico presente,reparto por objetivo (#35 ABIERTA),PROPUESTA #35,sí,material ortopedico,sí,agente-laminas,autora-regla,
dataset7_CLINIC_metal_0031_data,dataset7,P133,data/dataset7/dataset7_CLINIC_metal_0031_data.nii.gz,grupo 1,si,no,no,material ortopedico presente,reparto por objetivo (#35 ABIERTA),PROPUESTA #35,sí,material ortopedico,sí,agente-laminas,autora-regla,
dataset7_CLINIC_metal_0032_data,dataset7,P134,data/dataset7/dataset7_CLINIC_metal_0032_data.nii.gz,grupo 1,si,no,no,material ortopedico presente,reparto por objetivo (#35 ABIERTA),PROPUESTA #35,sí,material ortopedico,sí,agente-laminas,autora-regla,
dataset7_CLINIC_metal_0033_data,dataset7,P135,data/dataset7/dataset7_CLINIC_metal_0033_data.nii.gz,grupo 1,si,no,no,material ortopedico presente,reparto por objetivo (#35 ABIERTA),PROPUESTA #35,sí,material ortopedico,sí,agente-laminas,autora-regla,
dataset7_CLINIC_metal_0034_data,dataset7,P114,data/dataset7/dataset7_CLINIC_metal_0034_data.nii.gz,excluido,no,no,no,retirado: subconjunto exacto (350 de 351 cortes); el corte restante no aporta -> dataset7_CLINIC_metal_0011_data,exclusiones.csv (01-decisiones.md 2026-09-10),decidida,sí,material ortopedico,sí,agente-laminas,autora-regla,
dataset7_CLINIC_metal_0035_data,dataset7,P136,data/dataset7/dataset7_CLINIC_metal_0035_data.nii.gz,grupo 1,si,no,no,material ortopedico presente,reparto por objetivo (#35 ABIERTA),PROPUESTA #35,sí,material ortopedico,sí,agente-laminas,autora-regla,
dataset7_CLINIC_metal_0036_data,dataset7,P048,data/dataset7/dataset7_CLINIC_metal_0036_data.nii.gz,grupo 2,si,si,no,objeto no ortopedico presente: zipper (cursor) (representante de duplicado cruzado (2026-09-07)),reparto por objetivo (#35 ABIERTA),PROPUESTA #35,sí,zipper (cursor),sí,agente-laminas,autora-regla,36b9c1861b496999adbb6f3636b19d23a47264cabe7146a829aced95d1204812
dataset7_CLINIC_metal_0037_data,dataset7,P137,data/dataset7/dataset7_CLINIC_metal_0037_data.nii.gz,grupo 1,si,no,no,material ortopedico presente,reparto por objetivo (#35 ABIERTA),PROPUESTA #35,sí,material ortopedico,sí,agente-laminas,autora-regla,
dataset7_CLINIC_metal_0038_data,dataset7,P138,data/dataset7/dataset7_CLINIC_metal_0038_data.nii.gz,grupo 1,si,no,no,material ortopedico presente,reparto por objetivo (#35 ABIERTA),PROPUESTA #35,sí,material ortopedico,sí,agente-laminas,autora-regla,
dataset7_CLINIC_metal_0039_data,dataset7,P139,data/dataset7/dataset7_CLINIC_metal_0039_data.nii.gz,grupo 1,si,no,no,material ortopedico presente,reparto por objetivo (#35 ABIERTA),PROPUESTA #35,sí,material ortopedico,sí,agente-laminas,autora-regla,
dataset7_CLINIC_metal_0040_data,dataset7,P140,data/dataset7/dataset7_CLINIC_metal_0040_data.nii.gz,grupo 1,si,no,no,material ortopedico presente,reparto por objetivo (#35 ABIERTA),PROPUESTA #35,sí,material ortopedico,sí,agente-laminas,autora-regla,
dataset7_CLINIC_metal_0041_data,dataset7,P141,data/dataset7/dataset7_CLINIC_metal_0041_data.nii.gz,grupo 1,si,no,no,material ortopedico presente,reparto por objetivo (#35 ABIERTA),PROPUESTA #35,sí,material ortopedico,sí,agente-laminas,autora-regla,
dataset7_CLINIC_metal_0042_data,dataset7,P142,data/dataset7/dataset7_CLINIC_metal_0042_data.nii.gz,grupo 1,si,no,no,material ortopedico presente,reparto por objetivo (#35 ABIERTA),PROPUESTA #35,sí,material ortopedico,sí,agente-laminas,autora-regla,
dataset7_CLINIC_metal_0043_data,dataset7,P116,data/dataset7/dataset7_CLINIC_metal_0043_data.nii.gz,excluido,no,no,no,retirado: copia exacta interna de dataset7; se conserva el de indice menor -> dataset7_CLINIC_metal_0013_data,exclusiones.csv (#20; autora 2026-09-10),decidida (autora 2026-09-10: indice menor; contenido identico),sí,material ortopedico,sí,agente-laminas,autora-regla,3b82dc1a5ca1be08bff0f44edeba807c50411adb3e1bc868dd8aedcfb060e0e4
dataset7_CLINIC_metal_0044_data,dataset7,P143,data/dataset7/dataset7_CLINIC_metal_0044_data.nii.gz,grupo 1,si,no,no,material ortopedico presente,reparto por objetivo (#35 ABIERTA),PROPUESTA #35,sí,material ortopedico,sí,agente-laminas,autora-regla,
dataset7_CLINIC_metal_0045_data,dataset7,P144,data/dataset7/dataset7_CLINIC_metal_0045_data.nii.gz,grupo 1,si,no,no,material ortopedico presente,reparto por objetivo (#35 ABIERTA),PROPUESTA #35,sí,material ortopedico,sí,agente-laminas,autora-regla,
dataset7_CLINIC_metal_0046_data,dataset7,P145,data/dataset7/dataset7_CLINIC_metal_0046_data.nii.gz,grupo 1,si,no,no,material ortopedico presente,reparto por objetivo (#35 ABIERTA),PROPUESTA #35,sí,2 zippers (cursor),incierto,agente-laminas,autora-regla,cfb02190c13f8eebf070db9419c4223a0df32e7f96d7724b85a9a4c173999508
dataset7_CLINIC_metal_0047_data,dataset7,P146,data/dataset7/dataset7_CLINIC_metal_0047_data.nii.gz,grupo 1,si,no,no,material ortopedico presente,reparto por objetivo (#35 ABIERTA),PROPUESTA #35,sí,material ortopedico,sí,agente-laminas,autora-regla,
dataset7_CLINIC_metal_0048_data,dataset7,P147,data/dataset7/dataset7_CLINIC_metal_0048_data.nii.gz,grupo 1,si,no,no,material ortopedico presente,reparto por objetivo (#35 ABIERTA),PROPUESTA #35,sí,material ortopedico,sí,agente-laminas,autora-regla,
dataset7_CLINIC_metal_0049_data,dataset7,P148,data/dataset7/dataset7_CLINIC_metal_0049_data.nii.gz,grupo 1,si,no,no,material ortopedico presente,reparto por objetivo (#35 ABIERTA),PROPUESTA #35,sí,material ortopedico,sí,agente-laminas,autora-regla,
dataset7_CLINIC_metal_0050_data,dataset7,P149,data/dataset7/dataset7_CLINIC_metal_0050_data.nii.gz,grupo 1,si,no,no,material ortopedico presente,reparto por objetivo (#35 ABIERTA),PROPUESTA #35,sí,material ortopedico,sí,agente-laminas,autora-regla,
dataset7_CLINIC_metal_0051_data,dataset7,P150,data/dataset7/dataset7_CLINIC_metal_0051_data.nii.gz,grupo 1,si,no,no,material ortopedico presente,reparto por objetivo (#35 ABIERTA),PROPUESTA #35,sí,material ortopédico y DIU,sí,agente-laminas,autora-regla,
dataset7_CLINIC_metal_0052_data,dataset7,P151,data/dataset7/dataset7_CLINIC_metal_0052_data.nii.gz,grupo 1,si,no,no,material ortopedico presente,reparto por objetivo (#35 ABIERTA),PROPUESTA #35,sí,material ortopedico,sí,agente-laminas,autora-regla,
dataset7_CLINIC_metal_0053_data,dataset7,P152,data/dataset7/dataset7_CLINIC_metal_0053_data.nii.gz,grupo 1,si,no,no,material ortopedico presente,reparto por objetivo (#35 ABIERTA),PROPUESTA #35,sí,material ortopedico,sí,agente-laminas,autora-regla,
dataset7_CLINIC_metal_0054_data,dataset7,P153,data/dataset7/dataset7_CLINIC_metal_0054_data.nii.gz,grupo 1,si,no,no,material ortopedico presente,reparto por objetivo (#35 ABIERTA),PROPUESTA #35,sí,material ortopedico,sí,agente-laminas,autora-regla,
dataset7_CLINIC_metal_0055_data,dataset7,P154,data/dataset7/dataset7_CLINIC_metal_0055_data.nii.gz,grupo 1,si,no,no,material ortopedico presente,reparto por objetivo (#35 ABIERTA),PROPUESTA #35,sí,material ortopedico,sí,agente-laminas,autora-regla,
dataset7_CLINIC_metal_0056_data,dataset7,P155,data/dataset7/dataset7_CLINIC_metal_0056_data.nii.gz,grupo 1,si,no,no,material ortopedico presente,reparto por objetivo (#35 ABIERTA),PROPUESTA #35,sí,material ortopedico,sí,agente-laminas,autora-regla,
dataset7_CLINIC_metal_0057_data,dataset7,P156,data/dataset7/dataset7_CLINIC_metal_0057_data.nii.gz,grupo 1,si,no,no,material ortopedico presente,reparto por objetivo (#35 ABIERTA),PROPUESTA #35,sí,material ortopedico,sí,agente-laminas,autora-regla,
dataset7_CLINIC_metal_0058_data,dataset7,P157,data/dataset7/dataset7_CLINIC_metal_0058_data.nii.gz,grupo 1,si,no,no,material ortopedico presente,reparto por objetivo (#35 ABIERTA),PROPUESTA #35,sí,material ortopedico,sí,agente-laminas,autora-regla,
dataset7_CLINIC_metal_0059_data,dataset7,P158,data/dataset7/dataset7_CLINIC_metal_0059_data.nii.gz,excluido,no,no,no,fusionado: mismo escaneo con FOV solapado; aporta los cortes superiores -> data/derivados/dataset7_CLINIC_metal_0059u0071_union.nii.gz,exclusiones.csv (01-decisiones.md 2026-09-10),decidida,sí,material ortopedico,sí,agente-laminas,autora-regla,
dataset7_CLINIC_metal_0060_data,dataset7,P159,data/dataset7/dataset7_CLINIC_metal_0060_data.nii.gz,grupo 1,si,no,no,material ortopedico presente,reparto por objetivo (#35 ABIERTA),PROPUESTA #35,sí,material ortopedico,sí,agente-laminas,autora-regla,
dataset7_CLINIC_metal_0061_data,dataset7,P037,data/dataset7/dataset7_CLINIC_metal_0061_data.nii.gz,grupo 2,si,si,no,objeto no ortopedico presente: 3 electrodos y un zipper (cursor) (derivado del duplicado dataset6_CLINIC_0037_data) (representante de duplicado cruzado (2026-09-07)),reparto por objetivo (#35 ABIERTA),PROPUESTA #35,sí,3 electrodos y un zipper (cursor) (derivado del duplicado dataset6_CLINIC_0037_data),no,agente-laminas,autora-regla,be75f505cd2b74546e1d90f9a04a30a13a25f825f4cb52b25083ea546e080fec
dataset7_CLINIC_metal_0062_data,dataset7,P160,data/dataset7/dataset7_CLINIC_metal_0062_data.nii.gz,grupo 1,si,no,no,material ortopedico presente,reparto por objetivo (#35 ABIERTA),PROPUESTA #35,sí,material ortopédico y DIU,sí,agente-laminas,autora-regla,
dataset7_CLINIC_metal_0063_data,dataset7,P161,data/dataset7/dataset7_CLINIC_metal_0063_data.nii.gz,grupo 1,si,no,no,material ortopedico presente,reparto por objetivo (#35 ABIERTA),PROPUESTA #35,sí,material ortopedico,sí,agente-laminas,autora-regla,
dataset7_CLINIC_metal_0064_data,dataset7,P070,data/dataset7/dataset7_CLINIC_metal_0064_data.nii.gz,grupo 2,si,si,no,objeto no ortopedico presente: DIU (derivado del duplicado dataset6_CLINIC_0070_data) (representante de duplicado cruzado (2026-09-07)),reparto por objetivo (#35 ABIERTA),PROPUESTA #35,sí,DIU (derivado del duplicado dataset6_CLINIC_0070_data),sí,agente-laminas,autora-regla,62d23a1c4c010a8f3fb8296229190364e785c8eb836998aabb4c05d62468a4cc
dataset7_CLINIC_metal_0065_data,dataset7,P162,data/dataset7/dataset7_CLINIC_metal_0065_data.nii.gz,reproducibilidad,no,no,no,secundario: otra adquisicion del mismo paciente; primario = dataset7_CLINIC_metal_0066_data por regla a priori (spacing en plano 0.770 vs 0.835 mm; empate -> mas cortes) -> dataset7_CLINIC_metal_0066_data,exclusiones.csv (01-decisiones.md 2026-09-10),"decidida (regla propuesta por el asistente, aplicada por orden de la autora)",sí,material ortopedico,sí,agente-laminas,autora-regla,
dataset7_CLINIC_metal_0066_data,dataset7,P162,data/dataset7/dataset7_CLINIC_metal_0066_data.nii.gz,grupo 1,si,no,no,material ortopedico presente,reparto por objetivo (#35 ABIERTA),PROPUESTA #35,sí,material ortopedico,sí,agente-laminas,autora-regla,
dataset7_CLINIC_metal_0067_data,dataset7,P163,data/dataset7/dataset7_CLINIC_metal_0067_data.nii.gz,grupo 1,si,no,no,material ortopedico presente,reparto por objetivo (#35 ABIERTA),PROPUESTA #35,sí,material ortopedico,sí,agente-laminas,autora-regla,
dataset7_CLINIC_metal_0068_data,dataset7,P164,data/dataset7/dataset7_CLINIC_metal_0068_data.nii.gz,grupo 2,si,si,no,objeto no ortopedico presente: zipper (cursor) y accesorios (observado por la autora (2026-09-10)),reparto por objetivo (#35 ABIERTA),PROPUESTA #35,sí,zipper (cursor) y accesorios,sí,agente-laminas,autora-3D,
dataset7_CLINIC_metal_0069_data,dataset7,P165,data/dataset7/dataset7_CLINIC_metal_0069_data.nii.gz,grupo 1,si,no,no,material ortopedico presente,reparto por objetivo (#35 ABIERTA),PROPUESTA #35,sí,material ortopedico,sí,agente-laminas,autora-regla,
dataset7_CLINIC_metal_0070_data,dataset7,P166,data/dataset7/dataset7_CLINIC_metal_0070_data.nii.gz,grupo 1,si,no,no,material ortopedico presente,reparto por objetivo (#35 ABIERTA),PROPUESTA #35,sí,material ortopedico,sí,agente-laminas,autora-regla,
dataset7_CLINIC_metal_0071_data,dataset7,P158,data/dataset7/dataset7_CLINIC_metal_0071_data.nii.gz,excluido,no,no,no,fusionado: mismo escaneo con FOV solapado; aporta los cortes inferiores -> data/derivados/dataset7_CLINIC_metal_0059u0071_union.nii.gz,exclusiones.csv (01-decisiones.md 2026-09-10),decidida,sí,material ortopedico,sí,agente-laminas,autora-regla,
dataset7_CLINIC_metal_0072_data,dataset7,P167,data/dataset7/dataset7_CLINIC_metal_0072_data.nii.gz,grupo 1,si,no,no,material ortopedico presente,reparto por objetivo (#35 ABIERTA),PROPUESTA #35,sí,material ortopedico,sí,agente-laminas,autora-regla,
dataset7_CLINIC_metal_0073_data,dataset7,P168,data/dataset7/dataset7_CLINIC_metal_0073_data.nii.gz,grupo 1,si,no,no,material ortopedico presente,reparto por objetivo (#35 ABIERTA),PROPUESTA #35,sí,accesorios de ropa,incierto,agente-laminas,autora-regla,
dataset7_CLINIC_metal_0074_data,dataset7,P145,data/dataset7/dataset7_CLINIC_metal_0074_data.nii.gz,excluido,no,no,no,retirado: copia exacta interna de dataset7; se conserva el de indice menor -> dataset7_CLINIC_metal_0046_data,exclusiones.csv (#20; autora 2026-09-10),decidida (autora 2026-09-10: indice menor; contenido identico),sí,zippers (cursor),incierto,agente-laminas,autora-regla,cfb02190c13f8eebf070db9419c4223a0df32e7f96d7724b85a9a4c173999508
dataset7_CLINIC_metal_0059u0071_union,dataset7 (derivado),P158,data/derivados/dataset7_CLINIC_metal_0059u0071_union.nii.gz,grupo 1,si,no,no,material ortopedico presente,reparto por objetivo (#35 ABIERTA),PROPUESTA #35,sí,material ortopedico,sí,agente-laminas,autora-regla,
