Caso,Tipo de estructura observada,Cantidad aprox.,Ubicación anatómica,Lateralidad,Artefactos,Severidad,Confianza,Metal,Objeto extraño,Evidencia,Láminas,Umbral HU,Fecha propuesta,Estado,Notas
dataset6_CLINIC_0017_data,"Objeto hiperdenso lineal en forma de T/Y en la linea media pelvica, no continuo con hueso; foco hiperdenso puntiforme dentro de una banda anterior situada fuera del contorno corporal",2 componentes conexos sobre umbral (>=5 voxeles); rango 1-2 objetos; por determinar,"Objeto en T/Y: tejido blando de la linea media pelvica, cortes axiales 134-148. Foco puntiforme: banda anterior separada de la piel, cortes axiales 276-284. Ninguno aparece dentro de hueso en los cortes mostrados",Geometrica por x RAS: objeto en T/Y derecha (x=+52.6 mm); foco anterior izquierda (x=-36.2 mm). No es lateralidad clinica,incierto,leve (si se confirma),baja,incierto,sí (propuesto),"hallazgos.json componente 1: 425 voxeles, 303.87 mm3, bbox 17.0x23.6x12.0 mm, HU max 7573, cortes_axiales_ijk 134-148, toca_borde_fov=false; se ve en axiales.png corte 139 y en proyecciones.png (MIP axial y MIP coronal, forma en T/Y). Componente 2: 89 voxeles, 63.63 mm3, bbox 7.6x5.7x7.2 mm, HU max 3898, cortes 276-284, toca_borde_fov=false; se ve en axiales.png corte 278 como foco brillante sobre una banda anterior que en los cortes 129, 139 y 150 aparece separada del contorno cutaneo. revision.csv: Voxeles sobre umbral=515, HU maximo=7573, Candidato HU=si, sin Grupo duplicado",experiments/exploration-3d/outputs/laminas/dataset6_CLINIC_0017_data/proyecciones.png; ortogonales.png; axiales.png; hallazgos.json,2500,2026-09-07,propuesta sin validar,"Antecedente 2D en revision.csv: 'excluded_clinic_ids.csv: estado=metal; notas=DIU', y existe una anotacion parcial previa firmada por otro asistente (Codex). Ambos son observaciones sin validar: no confirman material ni dispositivo y no mandan sobre lo observado. No se propone modelo, marca, material ni indicacion. Severidad y Confianza son cualitativas (leve/moderada/marcada, baja/media/alta) y NO son una escala clinica validada. Criterio usado para Objeto extraño: estructura hiperdensa no anatomica y no continua con hueso. Las laminas muestran 16 cortes axiales, no todo el CT: la ausencia de objetos no queda demostrada. La lateralidad procede de lado_por_x_ras (signo de x en RAS): es geometrica, depende del header; no es lateralidad clinica confirmada. Cantidad aprox. viene del numero de componentes conexos sobre el umbral, no de un conteo de implantes: un componente puede ser un tornillo, un fragmento o varias piezas fusionadas por el artefacto."
dataset6_CLINIC_0054_data,"Dos estructuras hiperdensas curvilineas alargadas situadas fuera del contorno corporal, en los bordes laterales del campo de vision",2 componentes conexos sobre umbral; podrian ser un mismo objeto cortado por el FOV o dos objetos simetricos; por determinar,"Extracorporeas, a ambos lados del abdomen/pelvis alta (nivel de L4-L5 y ala iliaca), cortes axiales 298-349. No se observa estructura densa dentro de hueso en los cortes mostrados","Geometrica por x RAS: una izquierda (x=-165.3 mm) y otra derecha (x=+195.8 mm), disposicion bilateral aproximadamente simetrica. No es lateralidad clinica",no,no aplica (no se observa artefacto en los cortes mostrados),media,incierto,incierto,"hallazgos.json componente 1: 994 voxeles, 485.65 mm3, bbox 14.9x21.1x41.5 mm, HU max 11341, cortes 298-349, toca_borde_fov=true. Componente 2: 946 voxeles, 462.19 mm3, bbox 33.6x27.4x29.6 mm, HU max 8861, cortes 313-349, toca_borde_fov=true. Se ven en axiales.png cortes 300, 315, 330 y 349 como focos en los extremos laterales, separados del contorno cutaneo, y en ortogonales.png (axial 327 y coronal 193). En ventana 500/4000 no se aprecian estrias dentro del cuerpo en esos cortes. revision.csv: Voxeles sobre umbral=1940, HU maximo=11341, Candidato HU=si, sin Grupo duplicado",experiments/exploration-3d/outputs/laminas/dataset6_CLINIC_0054_data/proyecciones.png; ortogonales.png; axiales.png; hallazgos.json,2500,2026-09-07,propuesta sin validar,"toca_borde_fov=true en los dos componentes: es una ALERTA, no una conclusion. Podria ser mesa, soporte, brazo, ropa o un objeto cortado por el FOV; por eso Metal y Objeto extraño quedan en incierto. Antecedente 2D sin validar: 'excluded_clinic_ids.csv: estado=metal; notas=accesorio'. Severidad y Confianza son cualitativas (leve/moderada/marcada, baja/media/alta) y NO son una escala clinica validada. Criterio usado para Objeto extraño: estructura hiperdensa no anatomica y no continua con hueso. Las laminas muestran 16 cortes axiales, no todo el CT: la ausencia de objetos no queda demostrada. La lateralidad procede de lado_por_x_ras (signo de x en RAS): es geometrica, depende del header; no es lateralidad clinica confirmada. Cantidad aprox. viene del numero de componentes conexos sobre el umbral, no de un conteo de implantes: un componente puede ser un tornillo, un fragmento o varias piezas fusionadas por el artefacto."
dataset6_CLINIC_0076_data,"Objeto hiperdenso alargado y segmentado (aspecto arrosariado) apoyado sobre la cara anterior del muslo, por fuera del contorno cutaneo",3 componentes conexos alineados y contiguos; probablemente un unico objeto dividido por el umbral; rango 1-3; por determinar,"Extracorporea/superficial, anterior al muslo izquierdo, en el extremo caudal del volumen (cortes axiales 12-33), por debajo de la pelvis osea; en esos cortes solo se ven ambos femures. No hay estructura densa intraosea en los cortes mostrados","Geometrica por x RAS: izquierda en los tres componentes (x=-110.8, -136.2 y -147.4 mm). No es lateralidad clinica",no,no aplica (no se observa artefacto en los cortes mostrados),media,incierto,sí (propuesto),"hallazgos.json componente 1: 866 voxeles, 510.05 mm3, bbox 20.6x10.3x10.4 mm, HU max 9741, cortes 12-24. Componente 2: 417 voxeles, 245.6 mm3, bbox 12.9x10.3x7.2 mm, HU max 8365, cortes 24-32. Componente 3: 308 voxeles, 181.4 mm3, bbox 9.4x8.6x7.2 mm, HU max 6195, cortes 25-33. Los tres con toca_borde_fov=false. Se ven en axiales.png cortes 15, 17, 19, 21, 23, 25, 27, 29 y 31 como una banda segmentada por delante y por fuera de la piel del muslo, y en ortogonales.png (coronal 343 y axial 23). proyecciones.png MIP coronal los muestra alineados por debajo de los femures. revision.csv: Voxeles sobre umbral=1591, HU maximo=9741, Candidato HU=si, sin Grupo duplicado",experiments/exploration-3d/outputs/laminas/dataset6_CLINIC_0076_data/proyecciones.png; ortogonales.png; axiales.png; hallazgos.json,2500,2026-09-07,propuesta sin validar,"Objeto extraño se propone porque el objeto aparece separado del contorno cutaneo y sin continuidad con hueso en los cortes mostrados; el material no se puede establecer con el umbral. No se propone modelo, marca ni finalidad. Antecedente 2D sin validar: 'excluded_clinic_ids.csv: estado=metal; notas=accesorio'. Severidad y Confianza son cualitativas (leve/moderada/marcada, baja/media/alta) y NO son una escala clinica validada. Criterio usado para Objeto extraño: estructura hiperdensa no anatomica y no continua con hueso. Las laminas muestran 16 cortes axiales, no todo el CT: la ausencia de objetos no queda demostrada. La lateralidad procede de lado_por_x_ras (signo de x en RAS): es geometrica, depende del header; no es lateralidad clinica confirmada. Cantidad aprox. viene del numero de componentes conexos sobre el umbral, no de un conteo de implantes: un componente puede ser un tornillo, un fragmento o varias piezas fusionadas por el artefacto."
dataset7_CLINIC_metal_0002_data,"Barra densa larga y curva de trayecto anterior, superficial respecto al hueso, con extremos engrosados sobre ambas regiones supraacetabulares; segunda estructura lineal alargada en la region sacroiliaca/iliaca posterior; dos focos puntiformes adicionales, uno de ellos en la periferia coincidente con el arco de la mesa/soporte",4 componentes conexos (2 mayores y 2 de <=17 voxeles); rango 2-6 elementos; no es conteo de implantes,"Barra curva: plano anterior de la pelvis, superficial/subcutanea, cruzando la linea media, cortes axiales 170-239. Estructura lineal: region sacroiliaca/iliaca posterior, cortes 255-274. Focos puntiformes: cortes 262 y 104-105","Geometrica por x RAS: el componente mayor cruza la linea media (bbox 245.8 mm en x, centroide x=-11.4 mm, etiquetado 'izquierda' solo por el signo del centroide); componente 2 x=-53.4 mm (izquierda). Bilateral de hecho. No es lateralidad clinica",sí,moderada,media,sí (propuesto),incierto,"hallazgos.json componente 1: 16576 voxeles, 11666.37 mm3, bbox 245.8x106.9x56.0 mm, HU max 7274, cortes 170-239, toca_borde_fov=false; se ve en axiales.png cortes 175, 189, 202, 216 y 229, y en ortogonales.png axial 203 (ventanas -200/2000 y 500/4000) con halo denso y estrias alrededor. Componente 2: 1289 voxeles, 907.21 mm3, bbox 108.8x18.8x16.0 mm, HU max 5821, cortes 255-274; se ve en axiales.png cortes 256 y 270. Componentes 3 y 4: 17 y 5 voxeles, cortes 262 y 104-105. proyecciones.png MIP coronal y MIP axial muestran la barra curva completa. revision.csv: Voxeles sobre umbral=17909, HU maximo=7274, Candidato HU=si, sin Grupo duplicado",experiments/exploration-3d/outputs/laminas/dataset7_CLINIC_metal_0002_data/proyecciones.png; ortogonales.png; axiales.png; hallazgos.json,2500,2026-09-07,propuesta sin validar,"Metal 'si (propuesto)' se apoya en la geometria regular de barra con extremos engrosados y en el halo/estrias, no en el umbral: el umbral no distingue metal de contraste, cemento ni hueso denso. Objeto extraño queda incierto porque las laminas no permiten separar 'implante quirurgico' de 'objeto extraño no quirurgico'. Antecedente 2D sin validar (Tabla compañera.jpeg): 'Tornillo de fijacion | 1 dominante | Pelvis posterior / region sacroiliaca'; lo observado incluye ademas una barra anterior larga que ese antecedente no describe. Existe anotacion parcial previa de otro asistente (Codex), tambien sin validar. Severidad y Confianza son cualitativas (leve/moderada/marcada, baja/media/alta) y NO son una escala clinica validada. Criterio usado para Objeto extraño: estructura hiperdensa no anatomica y no continua con hueso. Las laminas muestran 16 cortes axiales, no todo el CT: la ausencia de objetos no queda demostrada. La lateralidad procede de lado_por_x_ras (signo de x en RAS): es geometrica, depende del header; no es lateralidad clinica confirmada. Cantidad aprox. viene del numero de componentes conexos sobre el umbral, no de un conteo de implantes: un componente puede ser un tornillo, un fragmento o varias piezas fusionadas por el artefacto."
dataset7_CLINIC_metal_0014_data,Banda densa longitudinal contorneada sobre el ala iliaca (aspecto de placa) con multiples elementos lineales transversales que penetran el hueso (aspecto de tornillos),"1 componente conexo; en proyecciones.png se distinguen aproximadamente 10-15 elementos lineales; el artefacto puede fusionar piezas, conteo por determinar","Hemipelvis derecha (geometrica), a lo largo del ala/cresta iliaca y descendiendo hacia la region supraacetabular; cortes axiales 76-222 (extension craneocaudal 117.6 mm)",Geometrica por x RAS: derecha (x=+91.1 mm). No es lateralidad clinica,sí,moderada,media,sí (propuesto),incierto,"hallazgos.json componente unico: 15821 voxeles, 10161.7 mm3, bbox 55.6x65.4x117.6 mm, HU max 8596, cortes_axiales_ijk 76-222, toca_borde_fov=false. Se ve en axiales.png cortes 81, 91, 102, 112, 123, 133, 143, 154, 164, 175, 185, 195, 206 y 216, y en ortogonales.png (sagital 357, coronal 223, axial 162) con halo denso y estrias locales. proyecciones.png MIP sagital y coronal muestran la banda longitudinal con los elementos transversales. revision.csv: Voxeles sobre umbral=15821, HU maximo=8596, Candidato HU=si, sin antecedente 2D, sin Grupo duplicado",experiments/exploration-3d/outputs/laminas/dataset7_CLINIC_metal_0014_data/proyecciones.png; ortogonales.png; axiales.png; hallazgos.json,2500,2026-09-07,propuesta sin validar,"Metal 'si (propuesto)' por geometria regular (banda + elementos lineales repetidos) y artefacto, no por el umbral. No se propone modelo, material, marca ni indicacion quirurgica. Objeto extraño queda incierto: las laminas no demuestran ausencia de otros objetos en el resto del volumen. Severidad y Confianza son cualitativas (leve/moderada/marcada, baja/media/alta) y NO son una escala clinica validada. Criterio usado para Objeto extraño: estructura hiperdensa no anatomica y no continua con hueso. Las laminas muestran 16 cortes axiales, no todo el CT: la ausencia de objetos no queda demostrada. La lateralidad procede de lado_por_x_ras (signo de x en RAS): es geometrica, depende del header; no es lateralidad clinica confirmada. Cantidad aprox. viene del numero de componentes conexos sobre el umbral, no de un conteo de implantes: un componente puede ser un tornillo, un fragmento o varias piezas fusionadas por el artefacto."
dataset7_CLINIC_metal_0026_data,"Construccion densa extensa: banda longitudinal con numerosos elementos lineales tipo tornillo a lo largo de la hemipelvis, mas una segunda agrupacion densa contigua en sentido craneal y un bloque denso adicional; ademas 4 focos pequenos en la periferia lateral que coinciden con el arco de la mesa/soporte visible en los cortes axiales",7 componentes conexos (3 mayores de 621-13550 voxeles y 4 de 7-26 voxeles); en proyecciones.png se distinguen >=10 elementos lineales; conteo no determinable,"Hemipelvis izquierda (geometrica): desde la region acetabular/rama pubica hasta la cresta iliaca y la union sacroiliaca; cortes axiales 39-259 (componente mayor 39-174, segundo 173-259, tercero 82-111). Focos pequenos en la periferia lateral izquierda, cortes 191-218",Geometrica por x RAS: izquierda en los siete componentes (x entre -50.8 y -174.7 mm). No es lateralidad clinica,sí,marcada,media,sí (propuesto),incierto,"hallazgos.json componente 1: 13550 voxeles, 12456.97 mm3, bbox 57.9x87.9x108.8 mm, HU max 22724, cortes 39-174. Componente 2: 7792 voxeles, 7163.44 mm3, bbox 62.2x53.6x69.6 mm, HU max 9530, cortes 173-259. Componente 3: 621 voxeles, 570.91 mm3, bbox 17.2x30.0x24.0 mm, HU max 16645, cortes 82-111. Componentes 4-7: 26, 14, 13 y 7 voxeles, cortes 191-218, todos con centroide x RAS ~-174 mm. Todos con toca_borde_fov=false. Se ven en axiales.png cortes 49, 64, 80, 95, 110, 126, 141, 156, 172, 187, 202, 218, 233 y 248; las estrias oscuras y brillantes son evidentes en los cortes 95, 110 y 141. ortogonales.png (sagital 188, coronal 223, axial 150) confirma la extension craneocaudal. revision.csv: Voxeles sobre umbral=22031, HU maximo=22724, Candidato HU=si, sin antecedente 2D, sin Grupo duplicado",experiments/exploration-3d/outputs/laminas/dataset7_CLINIC_metal_0026_data/proyecciones.png; ortogonales.png; axiales.png; hallazgos.json,2500,2026-09-07,propuesta sin validar,"Los 4 componentes pequenos (7-26 voxeles, x RAS ~-174 mm, cortes 191-218) caen sobre el arco claro que cruza los axiales por debajo/lateral al paciente y que parece mesa o soporte; no se puede decidir con las laminas, quedan como hallazgo aparte a verificar. Metal 'si (propuesto)' se refiere a los tres componentes mayores, por geometria y artefacto, no por el umbral. Severidad y Confianza son cualitativas (leve/moderada/marcada, baja/media/alta) y NO son una escala clinica validada. Criterio usado para Objeto extraño: estructura hiperdensa no anatomica y no continua con hueso. Las laminas muestran 16 cortes axiales, no todo el CT: la ausencia de objetos no queda demostrada. La lateralidad procede de lado_por_x_ras (signo de x en RAS): es geometrica, depende del header; no es lateralidad clinica confirmada. Cantidad aprox. viene del numero de componentes conexos sobre el umbral, no de un conteo de implantes: un componente puede ser un tornillo, un fragmento o varias piezas fusionadas por el artefacto."
dataset7_CLINIC_metal_0038_data,"Dos agrupaciones densas separadas en sentido craneocaudal, cada una con varios elementos lineales tipo tornillo y una banda transversal tipo placa, en la region sacroiliaca/iliaca posterior; ademas 2 focos pequenos en la periferia lateral opuesta que coinciden con el arco de la mesa/soporte",4 componentes conexos (2 mayores y 2 de <=15 voxeles); en proyecciones.png se distinguen aproximadamente 6-10 elementos lineales; conteo por determinar,"Hemipelvis derecha (geometrica), region sacroiliaca/iliaca posterior y cresta: agrupacion craneal en cortes axiales 224-276 y agrupacion caudal en cortes 195-216. Focos pequenos en la periferia lateral izquierda, cortes 78-101","Geometrica por x RAS: derecha en los dos componentes mayores (x=+127.5 y +115.1 mm); los dos focos pequenos, izquierda (x~-174 mm). No es lateralidad clinica",sí,moderada,media,sí (propuesto),incierto,"hallazgos.json componente 1: 3782 voxeles, 4562.49 mm3, bbox 54.0x62.6x42.4 mm, HU max 20692, cortes 224-276. Componente 2: 3219 voxeles, 3883.3 mm3, bbox 46.7x71.2x17.6 mm, HU max 13682, cortes 195-216. Componentes 3 y 4: 15 y 6 voxeles, cortes 95-101 y 78-81, centroide x RAS ~-174 mm. Todos con toca_borde_fov=false. Se ven en axiales.png cortes 197, 211, 225, 253 y 267 (estrias visibles en 211 y 267) y en ortogonales.png (sagital 321, coronal 252, axial 232). proyecciones.png MIP coronal muestra las dos agrupaciones apiladas lateralmente al sacro. revision.csv: Voxeles sobre umbral=7029, HU maximo=20692, Candidato HU=si, sin antecedente 2D, sin Grupo duplicado",experiments/exploration-3d/outputs/laminas/dataset7_CLINIC_metal_0038_data/proyecciones.png; ortogonales.png; axiales.png; hallazgos.json,2500,2026-09-07,propuesta sin validar,"Los 2 componentes de <=15 voxeles caen sobre el arco claro que cruza los axiales por debajo del paciente (posible mesa o soporte): no se decide con las laminas. Metal 'si (propuesto)' se refiere a los dos componentes mayores, por geometria y artefacto, no por el umbral. No se propone modelo, material ni indicacion. Severidad y Confianza son cualitativas (leve/moderada/marcada, baja/media/alta) y NO son una escala clinica validada. Criterio usado para Objeto extraño: estructura hiperdensa no anatomica y no continua con hueso. Las laminas muestran 16 cortes axiales, no todo el CT: la ausencia de objetos no queda demostrada. La lateralidad procede de lado_por_x_ras (signo de x en RAS): es geometrica, depende del header; no es lateralidad clinica confirmada. Cantidad aprox. viene del numero de componentes conexos sobre el umbral, no de un conteo de implantes: un componente puede ser un tornillo, un fragmento o varias piezas fusionadas por el artefacto."
dataset7_CLINIC_metal_0050_data,Estructura densa en puente con cuatro ramas descendentes sobre la sinfisis del pubis (aspecto de placa con tornillos); dos elementos lineales largos y aproximadamente paralelos en la region sacroiliaca/sacra,3 componentes conexos; en proyecciones.png el componente anterior muestra ~4 ramas y los otros dos son 2 barras; rango 3-6 elementos; conteo por determinar,"Componente anterior: pelvis anterior sobre la sinfisis del pubis y ramas pubicas, cruzando la linea media, cortes axiales 65-125. Componentes posteriores: region sacroiliaca/sacra, cortes 222-247 y 206-228","Geometrica por x RAS: componente anterior centroide x=+7.8 mm con bbox 57.0 mm en x, es decir cruza la linea media (bilateral); componentes posteriores centroide x=-22.4 y -22.5 mm con bbox 70.1 y 63.1 mm en x, tambien cruzan la linea media. No es lateralidad clinica",sí,marcada,media,sí (propuesto),incierto,"hallazgos.json componente 1: 13346 voxeles, 6329.69 mm3, bbox 57.0x61.6x48.8 mm, HU max 16268, cortes 65-125. Componente 2: 3247 voxeles, 1539.98 mm3, bbox 70.1x26.2x20.8 mm, HU max 7067, cortes 222-247. Componente 3: 2839 voxeles, 1346.47 mm3, bbox 63.1x7.7x18.4 mm, HU max 6288, cortes 206-228. Todos con toca_borde_fov=false. Se ven en axiales.png cortes 72, 85, 98, 111 y 124 (componente anterior; estrias claras y oscuras muy visibles en el corte 111) y cortes 213, 226 y 239 (componentes posteriores). ortogonales.png (sagital 229, coronal 242) y proyecciones.png MIP coronal muestran el puente con cuatro ramas y las dos barras paralelas. revision.csv: Voxeles sobre umbral=19432, HU maximo=16268, Candidato HU=si, sin antecedente 2D, sin Grupo duplicado",experiments/exploration-3d/outputs/laminas/dataset7_CLINIC_metal_0050_data/proyecciones.png; ortogonales.png; axiales.png; hallazgos.json,2500,2026-09-07,propuesta sin validar,"Metal 'si (propuesto)' por geometria regular y artefacto marcado en el corte 111, no por el umbral. No se propone modelo, material, marca ni indicacion quirurgica. Severidad y Confianza son cualitativas (leve/moderada/marcada, baja/media/alta) y NO son una escala clinica validada. Criterio usado para Objeto extraño: estructura hiperdensa no anatomica y no continua con hueso. Las laminas muestran 16 cortes axiales, no todo el CT: la ausencia de objetos no queda demostrada. La lateralidad procede de lado_por_x_ras (signo de x en RAS): es geometrica, depende del header; no es lateralidad clinica confirmada. Cantidad aprox. viene del numero de componentes conexos sobre el umbral, no de un conteo de implantes: un componente puede ser un tornillo, un fragmento o varias piezas fusionadas por el artefacto."
dataset7_CLINIC_metal_0062_data,"Dos elementos lineales largos y oblicuos con recorrido intraoseo (aspecto de tornillos largos); dos agrupaciones densas bilaterales en la region sacroiliaca/S1; y una estructura pequena en arco o lazo situada en la linea media pelvica, en tejido blando y sin continuidad con hueso",5 componentes conexos (611-4877 voxeles); rango 4-8 elementos; conteo por determinar,"Elementos lineales largos: region supraacetabular/columna anterior, cortes axiales 93-172 y 76-123. Agrupaciones densas: region sacroiliaca-S1, cortes 241-256 y 237-254. Estructura en arco/lazo: linea media pelvica en tejido blando, cortes 177-188","Geometrica por x RAS: componente 1 izquierda (x=-86.6 mm), componente 2 'central' (x=+0.1 mm), componente 3 izquierda (x=-29.1 mm), componente 4 derecha (x=+38.0 mm), componente 5 izquierda (x=-18.5 mm). Distribucion bilateral. No es lateralidad clinica",sí,moderada,media,sí (propuesto),sí (propuesto),"hallazgos.json componente 1: 4877 voxeles, 2136.32 mm3, bbox 68.8x16.3x64.0 mm, HU max 6410, cortes 93-172. Componente 2: 3551 voxeles, 1555.48 mm3, bbox 51.1x31.8x38.4 mm, HU max 6853, cortes 76-123. Componente 3: 1237 voxeles, 541.86 mm3, bbox 17.8x11.1x12.8 mm, HU max 4666, cortes 241-256. Componente 4: 969 voxeles, 424.46 mm3, bbox 16.3x12.6x14.4 mm, HU max 6734, cortes 237-254. Componente 5: 611 voxeles, 267.64 mm3, bbox 22.2x20.0x9.6 mm, HU max 9849, cortes 177-188. Todos con toca_borde_fov=false. Se ven en axiales.png cortes 83, 96, 109, 121, 134, 147 y 159 (elementos lineales largos), corte 248 (agrupaciones sacroiliacas) y corte 185 (estructura en arco/lazo en la linea media, separada del hueso). proyecciones.png MIP sagital y MIP axial muestran la forma en arco cerrado del componente 5. revision.csv: Voxeles sobre umbral=11248, HU maximo=9849, Candidato HU=si, sin antecedente 2D, sin Grupo duplicado",experiments/exploration-3d/outputs/laminas/dataset7_CLINIC_metal_0062_data/proyecciones.png; ortogonales.png; axiales.png; hallazgos.json,2500,2026-09-07,propuesta sin validar,"Caso mixto: Metal 'si (propuesto)' se refiere a los cuatro componentes lineales/agrupados asociados a hueso; para el componente 5 (arco o lazo en la linea media pelvica, en tejido blando) la naturaleza es INCIERTA y motiva el 'si (propuesto)' de Objeto extraño segun el criterio declarado. No se propone modelo, material ni finalidad para ninguna de las estructuras. Severidad y Confianza son cualitativas (leve/moderada/marcada, baja/media/alta) y NO son una escala clinica validada. Criterio usado para Objeto extraño: estructura hiperdensa no anatomica y no continua con hueso. Las laminas muestran 16 cortes axiales, no todo el CT: la ausencia de objetos no queda demostrada. La lateralidad procede de lado_por_x_ras (signo de x en RAS): es geometrica, depende del header; no es lateralidad clinica confirmada. Cantidad aprox. viene del numero de componentes conexos sobre el umbral, no de un conteo de implantes: un componente puede ser un tornillo, un fragmento o varias piezas fusionadas por el artefacto."
dataset7_CLINIC_metal_0074_data,"Dos objetos hiperdensos compactos y alargados situados en el contorno o la superficie corporal, sin continuidad con hueso: uno en la cara posterior (region glutea, apoyado sobre la colchoneta) y otro en la pared abdominal anterolateral",2 componentes conexos; rango 1-2 objetos; por determinar,"Objeto posterior: superficie posterior/glutea a la altura de las ramas isquiopubianas, cortes axiales 86-121. Objeto anterolateral: pared abdominal a la altura de L4-L5, cortes axiales 209-248. Ninguno aparece dentro de hueso en los cortes mostrados","Geometrica por x RAS: objeto posterior derecha (x=+25.1 mm), objeto anterolateral izquierda (x=-89.3 mm). No es lateralidad clinica",incierto,leve (si se confirma),media,incierto,sí (propuesto),"hallazgos.json componente 1: 3092 voxeles, 1384.14 mm3, bbox 35.2x10.5x28.8 mm, HU max 20367, cortes 86-121, toca_borde_fov=false; se ve en axiales.png cortes 98 y 116, en el limite posterior del cuerpo, sobre la banda de la colchoneta. Componente 2: 2961 voxeles, 1325.5 mm3, bbox 23.9x15.0x32.0 mm, HU max 24340, cortes 209-248, toca_borde_fov=false; se ve en axiales.png cortes 223 y 241 en el borde anterolateral izquierdo del abdomen. proyecciones.png MIP sagital y coronal muestran los dos objetos como bloques compactos sin morfologia de tornillo ni de placa. revision.csv: Voxeles sobre umbral=6054, HU maximo=24340, Candidato HU=si",experiments/exploration-3d/outputs/laminas/dataset7_CLINIC_metal_0074_data/proyecciones.png; ortogonales.png; axiales.png; hallazgos.json,2500,2026-09-07,propuesta sin validar,"DUPLICADO: revision.csv da Grupo duplicado = cfb02190...999508, compartido con dataset7_CLINIC_metal_0046_data (Cohorte propuesta = 'resolver duplicado'). Esta propuesta queda DEPENDIENTE de resolver ese grupo y no debe clasificarse por separado del otro miembro. Antecedente 2D sin validar: 'caracterizacion_metal_d7.csv: tipo=externo; ortopedico=no'. Metal queda incierto: los objetos no tienen morfologia de implante y el HU muy alto no establece composicion. Severidad y Confianza son cualitativas (leve/moderada/marcada, baja/media/alta) y NO son una escala clinica validada. Criterio usado para Objeto extraño: estructura hiperdensa no anatomica y no continua con hueso. Las laminas muestran 16 cortes axiales, no todo el CT: la ausencia de objetos no queda demostrada. La lateralidad procede de lado_por_x_ras (signo de x en RAS): es geometrica, depende del header; no es lateralidad clinica confirmada. Cantidad aprox. viene del numero de componentes conexos sobre el umbral, no de un conteo de implantes: un componente puede ser un tornillo, un fragmento o varias piezas fusionadas por el artefacto."
