Caso,Tipo de estructura observada,Cantidad aprox.,Ubicación anatómica,Lateralidad,Artefactos,Severidad,Confianza,Metal,Objeto extraño,Revisión 3D y cortes,Revisor,Fecha,Notas,Ejemplo,Grupo paciente,Dataset,Archivo,Máscara local,Spacing x mm,Spacing y mm,Spacing z mm,Dim x,Dim y,Dim z,HU mínimo,HU máximo,Umbral HU,Vóxeles sobre umbral,Candidato HU,SHA256 vóxeles,Grupo duplicado,Antecedente 2D,Cohorte propuesta,Error
dataset6_CLINIC_0001_data,,,,,,,,,,,,,,,,dataset6,dataset6/dataset6_CLINIC_0001_data.nii.gz,,0.7820000052452087,0.7820000052452087,0.7989501953125,512,512,350,-2048.0,5060.0,2500,247,sí,0a676035ca0efcd775d6a0c63197674cd5ceffa923a666960ba1c844da664579,,excluded_clinic_ids.csv: estado=metal; notas=electrodo,pendiente,
dataset6_CLINIC_0002_data,,,,,,,,,,,,,,,,dataset6,dataset6/dataset6_CLINIC_0002_data.nii.gz,,0.78125,0.78125,0.79998779296875,512,512,307,-1023.0,1631.0,2500,0,no,626ab43441d472c163c18158f4c267284bdfbba695374961bfc7f682f6419149,,,pendiente,
dataset6_CLINIC_0003_data,,,,,,,,,,,,,,,,dataset6,dataset6/dataset6_CLINIC_0003_data.nii.gz,,0.7820000052452087,0.7820000052452087,0.801025390625,512,512,350,-2048.0,1695.0,2500,0,no,ddbfe1f0bec13ccd028847a4ee82c89f3f5f50770ededc3c87a88dd29966e42a,,,pendiente,
dataset6_CLINIC_0004_data,,,,,,,,,,,,,,,,dataset6,dataset6/dataset6_CLINIC_0004_data.nii.gz,,0.771484375,0.771484375,0.800048828125,512,512,350,-1023.0,1480.0,2500,0,no,9ffe3f5e8038740703d4c3414e5e31bbef5984d698888cabb5ee683b1c0db470,,,pendiente,
dataset6_CLINIC_0005_data,,,,,,,,,,,,,,,,dataset6,dataset6/dataset6_CLINIC_0005_data.nii.gz,,0.78125,0.78125,0.800048828125,512,512,329,-1023.0,22185.0,2500,10979,sí,b48e6423afa8fc47ebca417b52dbb3c01cd9c3e2d1624c19e8a8a2358a2cad62,,excluded_clinic_ids.csv: estado=metal; notas=electrodo,pendiente,
dataset6_CLINIC_0006_data,,,,,,,,,,,,,,,,dataset6,dataset6/dataset6_CLINIC_0006_data.nii.gz,,0.9760000109672546,0.9760000109672546,0.800048828125,512,512,326,-2048.0,1707.0,2500,0,no,7fa7c82b7096ae97d4f3e93ea947cf2cd64abb033e9c1a3362d342d63cad545e,,,pendiente,
dataset6_CLINIC_0007_data,,,,,,,,,,,,,,,,dataset6,dataset6/dataset6_CLINIC_0007_data.nii.gz,,0.8119999766349792,0.8119999766349792,0.7989501953125,512,512,350,-6211.0,30445.0,2500,7633,sí,cc9e073df83cd3e7bdf2a50ecdf10a40978d4c0690eefc6b760c80ae3b6bffe4,,excluded_clinic_ids.csv: estado=metal; notas=electrodo,pendiente,
dataset6_CLINIC_0008_data,,,,,,,,,,,,,,,,dataset6,dataset6/dataset6_CLINIC_0008_data.nii.gz,,0.9610000252723694,0.9610000252723694,0.801025390625,512,512,350,-2048.0,4677.0,2500,107,sí,1d4120545c023cc16e253bd485ff950077503acb8f3d03a87dec21cacfceb4a1,,,pendiente,
dataset6_CLINIC_0009_data,,,,,,,,,,,,,,,,dataset6,dataset6/dataset6_CLINIC_0009_data.nii.gz,,0.8159999847412109,0.8159999847412109,0.800048828125,512,512,350,-2048.0,1717.0,2500,0,no,46b14fc8e10aa1c4df205e725960a9e5e4da553cbc4423e76c3425693e42a6de,,,pendiente,
dataset6_CLINIC_0010_data,,,,,,,,,,,,,,,,dataset6,dataset6/dataset6_CLINIC_0010_data.nii.gz,,0.9039999842643738,0.9039999842643738,0.7989501953125,512,512,350,-2048.0,1743.0,2500,0,no,821b9972adc243fedc5cef5cdf89d1a200bf4be484c0f004869b4dc25bf776d9,,,pendiente,
dataset6_CLINIC_0011_data,,,,,,,,,,,,,,,,dataset6,dataset6/dataset6_CLINIC_0011_data.nii.gz,,0.7889999747276306,0.7889999747276306,0.800048828125,512,512,350,-2048.0,1700.0,2500,0,no,7cf3783b9e233c28c2f8da1f2cb0a54f6bb5c5afa1fc0c57694358150d9d0643,,,pendiente,
dataset6_CLINIC_0012_data,,,,,,,,,,,,,,,,dataset6,dataset6/dataset6_CLINIC_0012_data.nii.gz,,0.9760000109672546,0.9760000109672546,0.7989501953125,512,512,313,-2048.0,1779.0,2500,0,no,4b4a83787f632861609e5b94b2c546663006a82b04fb55cee4114ed51d4fa418,,,pendiente,
dataset6_CLINIC_0013_data,,,,,,,,,,,,,,,,dataset6,dataset6/dataset6_CLINIC_0013_data.nii.gz,,0.9760000109672546,0.9760000109672546,0.800048828125,512,512,326,-2048.0,1717.0,2500,0,no,f2046839515bd0129cbd19c2e03d89099be2317bd65009a2c267f138ef7b3ba0,,,pendiente,
dataset6_CLINIC_0014_data,,,,,,,,,,,,,,,,dataset6,dataset6/dataset6_CLINIC_0014_data.nii.gz,,0.7820000052452087,0.7820000052452087,0.800048828125,512,512,350,-2048.0,1696.0,2500,0,no,a5eb199f3f307a27cebc4ef4ba78c2ac8473c72444f09a52518d322ef8750666,,,pendiente,
dataset6_CLINIC_0015_data,,,,,,,,,,,,,,,,dataset6,dataset6/dataset6_CLINIC_0015_data.nii.gz,,0.9760000109672546,0.9760000109672546,0.7989501953125,512,512,313,-2285.0,1677.0,2500,0,no,81d7e3d56df6a8a9519f05c82eab24f46d5ee2832fdad984e0eb065443672817,,,pendiente,
dataset6_CLINIC_0016_data,,,,,,,,,,,,,,,,dataset6,dataset6/dataset6_CLINIC_0016_data.nii.gz,,0.7820000052452087,0.7820000052452087,0.801025390625,512,512,350,-2048.0,1736.0,2500,0,no,6205c777293a6a9fc2d9bfb4819157f9b20841cb9f406ef126a147b586aefe01,,,pendiente,
dataset6_CLINIC_0017_data,Estructura hiperdensa compatible con DIU (preliminar),Por determinar,Pelvis central (preliminar),Por determinar,Por determinar,Por determinar,Baja (preliminar),incierto,incierto,parcial,Codex (propuesta visual preliminar),2026-09-07,"Inspección de dos vistas 3D y tres cortes por máximo HU; no se recorrió todo el volumen. Confirmar anatomía, recuento y lateralidad. Existe otra señal hiperdensa periférica por inspeccionar; el material no se confirma mediante HU.",outputs/dataset6_CLINIC_0017_data.html,,dataset6,dataset6/dataset6_CLINIC_0017_data.nii.gz,,0.9459999799728394,0.9459999799728394,0.7989501953125,512,512,350,-2048.0,7573.0,2500,515,sí,28d3f98c5b6109a108454b58a2c3c91b43312c22beda8e7ccad2fdab03540dbc,,excluded_clinic_ids.csv: estado=metal; notas=DIU,pendiente,
dataset6_CLINIC_0018_data,,,,,,,,,,,,,,,,dataset6,dataset6/dataset6_CLINIC_0018_data.nii.gz,,0.9760000109672546,0.9760000109672546,0.801025390625,512,512,376,-2048.0,1676.0,2500,0,no,1941ef793f7686eeba0bfd003bb5548d9fe2eece1dda65b8afd6aa2924795e39,,,pendiente,
dataset6_CLINIC_0019_data,,,,,,,,,,,,,,,,dataset6,dataset6/dataset6_CLINIC_0019_data.nii.gz,,0.78125,0.78125,0.7999267578125,512,512,383,-1023.0,7534.0,2500,1251,sí,9cd6d29478df8e52754eaff68a94191b3591b64c5903c8ebcb768dde2f396111,,excluded_clinic_ids.csv: estado=metal; notas=electrodo,pendiente,
dataset6_CLINIC_0020_data,,,,,,,,,,,,,,,,dataset6,dataset6/dataset6_CLINIC_0020_data.nii.gz,,0.7820000052452087,0.7820000052452087,0.801025390625,512,512,350,-2048.0,1791.0,2500,0,no,8ec965a15062f3262ca2e1da911081dde207401ed9766e25ffa86de63b6d5e21,,,pendiente,
dataset6_CLINIC_0021_data,,,,,,,,,,,,,,,,dataset6,dataset6/dataset6_CLINIC_0021_data.nii.gz,,0.7239999771118164,0.7239999771118164,0.800048828125,512,512,350,-2048.0,1749.0,2500,0,no,4aa914c09867e8cb12778652be40d8bf2e6c615a0ac90202d6fe1c4aa0f2dec4,,,pendiente,
dataset6_CLINIC_0022_data,,,,,,,,,,,,,,,,dataset6,dataset6/dataset6_CLINIC_0022_data.nii.gz,,0.7820000052452087,0.7820000052452087,0.800048828125,512,512,350,-2048.0,1699.0,2500,0,no,98352f182d954b7ce5cb9184a10d14ad71415400854fb45d3fe18e20ef8ebf46,,,pendiente,
dataset6_CLINIC_0023_data,,,,,,,,,,,,,,,,dataset6,dataset6/dataset6_CLINIC_0023_data.nii.gz,,0.953000009059906,0.953000009059906,0.801025390625,512,512,350,-2048.0,1720.0,2500,0,no,e262c4b66cbf1015202b92707a71e08b70b893aaf16cbe3e8a4f0fe2a0e437fa,,,pendiente,
dataset6_CLINIC_0024_data,,,,,,,,,,,,,,,,dataset6,dataset6/dataset6_CLINIC_0024_data.nii.gz,,0.8619999885559082,0.8619999885559082,0.800048828125,512,512,357,-2048.0,1682.0,2500,0,no,31bf83b4362f386c9fbc7587757a657dfbdc2306e8d73386b9783b2573d6a0d6,,,pendiente,
dataset6_CLINIC_0025_data,,,,,,,,,,,,,,,,dataset6,dataset6/dataset6_CLINIC_0025_data.nii.gz,,0.83203125,0.83203125,0.79998779296875,512,512,350,-1023.0,1608.0,2500,0,no,7f54a96ff84f081047f0415efc48bcee4556e60d9ffcd2696f84d9342d5ebdc4,,,pendiente,
dataset6_CLINIC_0026_data,,,,,,,,,,,,,,,,dataset6,dataset6/dataset6_CLINIC_0026_data.nii.gz,,0.8500000238418579,0.8500000238418579,0.7989501953125,512,512,350,-2048.0,1739.0,2500,0,no,52ba229189308a5613407becc94d05442994babb3ec87db597afcd9214704adf,,,pendiente,
dataset6_CLINIC_0027_data,,,,,,,,,,,,,,,,dataset6,dataset6/dataset6_CLINIC_0027_data.nii.gz,,0.8429999947547913,0.8429999947547913,0.7989501953125,512,512,350,-2048.0,1661.0,2500,0,no,d92468ee001b51bf92a4e96c522eadf708e0d58f99e01d5810ce268325e70bac,,,pendiente,
dataset6_CLINIC_0028_data,,,,,,,,,,,,,,,,dataset6,dataset6/dataset6_CLINIC_0028_data.nii.gz,,0.8579999804496765,0.8579999804496765,0.801025390625,512,512,350,-2317.0,21133.0,2500,491,sí,8cad0e3ea598ed1c857921174fcae6d0c85da21fd17e91aeceea352b5006d6fc,,excluded_clinic_ids.csv: estado=metal; notas=accesorio,pendiente,
dataset6_CLINIC_0029_data,,,,,,,,,,,,,,,,dataset6,dataset6/dataset6_CLINIC_0029_data.nii.gz,,0.7820000052452087,0.7820000052452087,0.7989501953125,512,512,350,-2048.0,1677.0,2500,0,no,9ffbb6f91af5b17d89d47b3e8fd8c148b8ec9ad132d2ae8ca16aceb8bc0ae6bd,,,pendiente,
dataset6_CLINIC_0030_data,,,,,,,,,,,,,,,,dataset6,dataset6/dataset6_CLINIC_0030_data.nii.gz,,0.9110000133514404,0.9110000133514404,0.801025390625,512,512,350,-2048.0,1728.0,2500,0,no,6ad93b44b6d6a33498729b8d6ef38efa26d00541a7b3eeba888e77834c22e90c,,,pendiente,
dataset6_CLINIC_0031_data,,,,,,,,,,,,,,,,dataset6,dataset6/dataset6_CLINIC_0031_data.nii.gz,,0.8349999785423279,0.8349999785423279,0.801025390625,512,512,350,-2048.0,3984.0,2500,180,sí,22e7af9d1eb44b2c5a86c2d5c729fe0ad87f332a90ba4d2afa41e5c043d26952,,excluded_clinic_ids.csv: estado=metal; notas=electrodo,pendiente,
dataset6_CLINIC_0032_data,,,,,,,,,,,,,,,,dataset6,dataset6/dataset6_CLINIC_0032_data.nii.gz,,0.6919999718666077,0.6919999718666077,0.800048828125,512,512,350,-2048.0,1727.0,2500,0,no,94380e2d0aac9d70c8107ca83fed26eb38a6aabfb45a6f9ef72c6dec98c3a617,,,pendiente,
dataset6_CLINIC_0033_data,,,,,,,,,,,,,,,,dataset6,dataset6/dataset6_CLINIC_0033_data.nii.gz,,0.8828125,0.8828125,0.79998779296875,512,512,350,-1023.0,1617.0,2500,0,no,1ce58248d443a9a6be8ab6e4989c7e53e12382af2e2d8b4a7258c0c4f0164d36,,,pendiente,
dataset6_CLINIC_0034_data,,,,,,,,,,,,,,,,dataset6,dataset6/dataset6_CLINIC_0034_data.nii.gz,,0.8080000281333923,0.8080000281333923,0.7999267578125,512,512,350,-2048.0,1924.0,2500,0,no,596c1c190ef688023af2db2a6f79104952416745db354dcf5331070612f2e4f2,,,pendiente,
dataset6_CLINIC_0035_data,,,,,,,,,,,,,,,,dataset6,dataset6/dataset6_CLINIC_0035_data.nii.gz,,0.7820000052452087,0.7820000052452087,0.801025390625,512,512,350,-2048.0,1753.0,2500,0,no,cdbe5e0c5acb954c317207cddae09e0bf9a52bd613eea7678a5cc2deb950fa8f,,,pendiente,
dataset6_CLINIC_0036_data,,,,,,,,,,,,,,,,dataset6,dataset6/dataset6_CLINIC_0036_data.nii.gz,,0.68359375,0.68359375,0.79998779296875,512,512,350,-1023.0,3395.0,2500,22,sí,11552341e0ad8787c246f6e06e9f7e32c18092e27607bf822819712c94265487,,,pendiente,
dataset6_CLINIC_0037_data,,,,,,,,,,,,,,,,dataset6,dataset6/dataset6_CLINIC_0037_data.nii.gz,,0.8460000157356262,0.8460000157356262,0.800048828125,512,512,319,-2966.0,17129.0,2500,3324,sí,be75f505cd2b74546e1d90f9a04a30a13a25f825f4cb52b25083ea546e080fec,be75f505cd2b74546e1d90f9a04a30a13a25f825f4cb52b25083ea546e080fec,excluded_clinic_ids.csv: estado=definitivo; notas=electrodo,resolver duplicado,
dataset6_CLINIC_0038_data,,,,,,,,,,,,,,,,dataset6,dataset6/dataset6_CLINIC_0038_data.nii.gz,,0.8960000276565552,0.8960000276565552,0.7989501953125,512,512,331,-2048.0,2470.0,2500,0,no,7812fb2a32854fb2651cfb4b0a8be9c00c39ea7eaeaf9ef4cc8e1ca10483c807,,,pendiente,
dataset6_CLINIC_0039_data,,,,,,,,,,,,,,,,dataset6,dataset6/dataset6_CLINIC_0039_data.nii.gz,,1.128999948501587,1.128999948501587,0.7999267578125,512,512,388,-2048.0,3713.0,2500,11770,sí,fd7c26f1b79e4de18a6c501b421c7a2969bd94669cb87b73aac500dfc6f3cbaa,,excluded_clinic_ids.csv: estado=falso_positivo; notas=artefacto_borde_FOV,pendiente,
dataset6_CLINIC_0040_data,,,,,,,,,,,,,,,,dataset6,dataset6/dataset6_CLINIC_0040_data.nii.gz,,0.7820000052452087,0.7820000052452087,0.7989501953125,512,512,350,-2048.0,3701.0,2500,116,sí,abb12a3b1409aff7a37611640e3e46a28de6e0b4face88a0afe943e6bf0d1939,,,pendiente,
dataset6_CLINIC_0041_data,,,,,,,,,,,,,,,,dataset6,dataset6/dataset6_CLINIC_0041_data.nii.gz,,0.748046875,0.748046875,0.79998779296875,512,512,350,-1023.0,4859.0,2500,256,sí,7ff03180291d848960fd932ebafac30867a4660f7b36895bb24e4c6bdc26452d,,excluded_clinic_ids.csv: estado=metal; notas=electrodo,pendiente,
dataset6_CLINIC_0042_data,,,,,,,,,,,,,,,,dataset6,dataset6/dataset6_CLINIC_0042_data.nii.gz,,0.7820000052452087,0.7820000052452087,0.801025390625,512,512,350,-2048.0,1672.0,2500,0,no,33d8a13ba7aa0facc448fcb8d9282d72b50106c5de6935e76b9568e57ab49378,,,pendiente,
dataset6_CLINIC_0043_data,,,,,,,,,,,,,,,,dataset6,dataset6/dataset6_CLINIC_0043_data.nii.gz,,0.9760000109672546,0.9760000109672546,0.801025390625,512,512,369,-2048.0,2038.0,2500,0,no,34dd61d7aa6aa410c1333c3a40165b95985fe35e9e57ee044e28eb80c768d5bf,,,pendiente,
dataset6_CLINIC_0044_data,,,,,,,,,,,,,,,,dataset6,dataset6/dataset6_CLINIC_0044_data.nii.gz,,0.7400000095367432,0.7400000095367432,0.7999267578125,512,512,350,-2048.0,1712.0,2500,0,no,ca4c99c7d9b6701d6bd92829113009b0a57a55d37f6d7f5c3164ead9442ada28,,,pendiente,
dataset6_CLINIC_0045_data,,,,,,,,,,,,,,,,dataset6,dataset6/dataset6_CLINIC_0045_data.nii.gz,,0.6620000004768372,0.6620000004768372,0.800048828125,512,512,350,-2048.0,1775.0,2500,0,no,24af8fe0550892bd6427429f98cf288d407af5433d18d3aa437b040575e085c8,,,pendiente,
dataset6_CLINIC_0046_data,,,,,,,,,,,,,,,,dataset6,dataset6/dataset6_CLINIC_0046_data.nii.gz,,0.9760000109672546,0.9760000109672546,0.800048828125,512,512,332,-2048.0,1714.0,2500,0,no,f3a55883ab2809b0b62c0c62019023f98eeee1ed8c15e7d73972c08db2abec92,,,pendiente,
dataset6_CLINIC_0047_data,,,,,,,,,,,,,,,,dataset6,dataset6/dataset6_CLINIC_0047_data.nii.gz,,0.8659999966621399,0.8659999966621399,0.7989501953125,512,512,350,-2048.0,1703.0,2500,0,no,4341868603c27db8f70dcfff39b0a63476a3111fa643dd2fcbddcb0e6b2e46f2,,,pendiente,
dataset6_CLINIC_0048_data,,,,,,,,,,,,,,,,dataset6,dataset6/dataset6_CLINIC_0048_data.nii.gz,,0.8579999804496765,0.8579999804496765,0.7989501953125,512,512,350,-2714.0,18002.0,2500,1589,sí,36b9c1861b496999adbb6f3636b19d23a47264cabe7146a829aced95d1204812,36b9c1861b496999adbb6f3636b19d23a47264cabe7146a829aced95d1204812,excluded_clinic_ids.csv: estado=definitivo; notas=accesorio,resolver duplicado,
dataset6_CLINIC_0049_data,,,,,,,,,,,,,,,,dataset6,dataset6/dataset6_CLINIC_0049_data.nii.gz,,0.9760000109672546,0.9760000109672546,0.801025390625,512,512,301,-2048.0,1756.0,2500,0,no,d0ac84e63dd3f0e19508cbd641ad1c631f77e5a96cf37bc7d9f74956380fbfea,,,pendiente,
dataset6_CLINIC_0050_data,,,,,,,,,,,,,,,,dataset6,dataset6/dataset6_CLINIC_0050_data.nii.gz,,0.9039999842643738,0.9039999842643738,0.7989501953125,512,512,350,-2048.0,2249.0,2500,0,no,27d1d9917185d89acbf18e9d96358838bb5b2c226065fe9b54396feff5579a4c,,,pendiente,
dataset6_CLINIC_0051_data,,,,,,,,,,,,,,,,dataset6,dataset6/dataset6_CLINIC_0051_data.nii.gz,,0.8389999866485596,0.8389999866485596,0.800048828125,512,512,357,-2048.0,1756.0,2500,0,no,66284c3e0f48b307be0618d963529b78d237f2d0086a90c8d13ba0f0581557d1,,,pendiente,
dataset6_CLINIC_0052_data,,,,,,,,,,,,,,,,dataset6,dataset6/dataset6_CLINIC_0052_data.nii.gz,,0.78125,0.78125,0.79998779296875,512,512,341,-1023.0,4426.0,2500,59,sí,c1dc0546e972bcc7e78ee97ca1e75446878d64e02e4eac495356a9edacd418eb,,,pendiente,
dataset6_CLINIC_0053_data,,,,,,,,,,,,,,,,dataset6,dataset6/dataset6_CLINIC_0053_data.nii.gz,,0.8730000257492065,0.8730000257492065,0.7999267578125,512,512,338,-2259.0,17162.0,2500,961,sí,1036cb3c9fc8734dc9492594dd595d109162bafd9ee4218ab384accf9c60ad17,,excluded_clinic_ids.csv: estado=metal; notas=accesorio,pendiente,
dataset6_CLINIC_0054_data,,,,,,,,,,,,,,,,dataset6,dataset6/dataset6_CLINIC_0054_data.nii.gz,,0.7820000052452087,0.7820000052452087,0.7989501953125,512,512,350,-2602.0,11341.0,2500,1940,sí,d5ab8fbe281180ed85c85ca06812df94101b34d4c3b7492feb2950ac749ddfaf,,excluded_clinic_ids.csv: estado=metal; notas=accesorio,pendiente,
dataset6_CLINIC_0055_data,,,,,,,,,,,,,,,,dataset6,dataset6/dataset6_CLINIC_0055_data.nii.gz,,0.9760000109672546,0.9760000109672546,0.7989501953125,512,512,350,-2048.0,1738.0,2500,0,no,5ea900433992ffbf3f092cc1ffba8fbd77dcf599b4463b1d2d37d46d9f73fbcb,,,pendiente,
dataset6_CLINIC_0056_data,,,,,,,,,,,,,,,,dataset6,dataset6/dataset6_CLINIC_0056_data.nii.gz,,0.7820000052452087,0.7820000052452087,0.7989501953125,512,512,350,-2048.0,5754.0,2500,546,sí,10d20938a321eff6aa9af51294c628d363b80863aeb51c640ee845b9ee1b917a,,excluded_clinic_ids.csv: estado=metal; notas=DIU,pendiente,
dataset6_CLINIC_0057_data,,,,,,,,,,,,,,,,dataset6,dataset6/dataset6_CLINIC_0057_data.nii.gz,,0.7820000052452087,0.7820000052452087,0.801025390625,512,512,350,-2048.0,1924.0,2500,0,no,62bdb6e49de3d95ae78d4213b25672ac428215e4fb250cc5a2cb3d8761306f23,,,pendiente,
dataset6_CLINIC_0058_data,,,,,,,,,,,,,,,,dataset6,dataset6/dataset6_CLINIC_0058_data.nii.gz,,0.9039999842643738,0.9039999842643738,0.800048828125,512,512,350,-2048.0,2641.0,2500,7,sí,7fa8b7549599e9b4c269d88d5bc9a23a5c941262991a0cd345ad65b5a1ad2d57,,,pendiente,
dataset6_CLINIC_0059_data,,,,,,,,,,,,,,,,dataset6,dataset6/dataset6_CLINIC_0059_data.nii.gz,,0.7820000052452087,0.7820000052452087,0.7989501953125,512,512,350,-2048.0,1735.0,2500,0,no,288277f4611bff8d463a3ce2129f2ef50d93ce24c09018edd9b1b76d2d6f2f17,,,pendiente,
dataset6_CLINIC_0060_data,,,,,,,,,,,,,,,,dataset6,dataset6/dataset6_CLINIC_0060_data.nii.gz,,0.76953125,0.76953125,0.800048828125,512,512,350,-1023.0,1634.0,2500,0,no,5fbfd29e11f1e19e845a1bea6dfa2c190d4c15dd247af62bdda4bf844e0915b6,,,pendiente,
dataset6_CLINIC_0061_data,,,,,,,,,,,,,,,,dataset6,dataset6/dataset6_CLINIC_0061_data.nii.gz,,0.904296875,0.904296875,0.79998779296875,512,512,350,-1023.0,1630.0,2500,0,no,2f5fd4723ccfd87178c0fae9939962fda9a307915d0f43792a431fb871910302,,,pendiente,
dataset6_CLINIC_0062_data,,,,,,,,,,,,,,,,dataset6,dataset6/dataset6_CLINIC_0062_data.nii.gz,,0.9760000109672546,0.9760000109672546,0.7989501953125,512,512,313,-2048.0,1646.0,2500,0,no,28e75658d79b56c2831ff54eb912402808de23c8f237127d80d66cf0224ed718,,,pendiente,
dataset6_CLINIC_0063_data,,,,,,,,,,,,,,,,dataset6,dataset6/dataset6_CLINIC_0063_data.nii.gz,,0.9760000109672546,0.9760000109672546,0.7989501953125,512,512,310,-2048.0,1626.0,2500,0,no,39a6a71f183057b1625f7feed9e3a785fae1ba7d4c1cde0d045570f77390ca51,,,pendiente,
dataset6_CLINIC_0064_data,,,,,,,,,,,,,,,,dataset6,dataset6/dataset6_CLINIC_0064_data.nii.gz,,0.7850000262260437,0.7850000262260437,0.7989501953125,512,512,350,-2048.0,1620.0,2500,0,no,1cb6eb0e151dbd05e38c1821e5d15fff3f87f428c6350085f4615269ea1a3573,,,pendiente,
dataset6_CLINIC_0065_data,,,,,,,,,,,,,,,,dataset6,dataset6/dataset6_CLINIC_0065_data.nii.gz,,0.9760000109672546,0.9760000109672546,0.7989501953125,512,512,335,-2048.0,1760.0,2500,0,no,d786e7003c7301fcf2df8e6db0ffddc6f1668cf65f7bbef5623c73825ae897a5,,,pendiente,
dataset6_CLINIC_0066_data,,,,,,,,,,,,,,,,dataset6,dataset6/dataset6_CLINIC_0066_data.nii.gz,,0.8809999823570251,0.8809999823570251,0.801025390625,512,512,350,-2048.0,2589.0,2500,5,sí,a972ae56b9c274627398e6ca6fffa471ea64b327b2ee84461321bca8fa6d82e4,,,pendiente,
dataset6_CLINIC_0067_data,,,,,,,,,,,,,,,,dataset6,dataset6/dataset6_CLINIC_0067_data.nii.gz,,0.8460000157356262,0.8460000157356262,0.801025390625,512,512,294,-2048.0,9982.0,2500,474,sí,3c4479cd1dae986f49d4ad5d4dd6d66e01c3410dbc68510734ff47fad361d585,,excluded_clinic_ids.csv: estado=metal; notas=DIU,pendiente,
dataset6_CLINIC_0068_data,,,,,,,,,,,,,,,,dataset6,dataset6/dataset6_CLINIC_0068_data.nii.gz,,0.9760000109672546,0.9760000109672546,0.7989501953125,512,512,338,-2048.0,2701.0,2500,1,sí,db1bc5d7102b6272b007dac9aa3182d281e0ab940f8ba628bb601e565f4cf8af,,,pendiente,
dataset6_CLINIC_0069_data,,,,,,,,,,,,,,,,dataset6,dataset6/dataset6_CLINIC_0069_data.nii.gz,,0.9380000233650208,0.9380000233650208,0.7989501953125,512,512,350,-3826.0,21457.0,2500,11097,sí,e7b6c0b80a0c576048c1b406d69e0406a27abf00c45da6a3b0eb39eaef3e8603,,excluded_clinic_ids.csv: estado=metal; notas=accesorio,pendiente,
dataset6_CLINIC_0070_data,,,,,,,,,,,,,,,,dataset6,dataset6/dataset6_CLINIC_0070_data.nii.gz,,0.6399999856948853,0.6399999856948853,0.7999267578125,512,512,313,-2057.0,14389.0,2500,993,sí,62d23a1c4c010a8f3fb8296229190364e785c8eb836998aabb4c05d62468a4cc,62d23a1c4c010a8f3fb8296229190364e785c8eb836998aabb4c05d62468a4cc,excluded_clinic_ids.csv: estado=definitivo; notas=DIU,resolver duplicado,
dataset6_CLINIC_0071_data,,,,,,,,,,,,,,,,dataset6,dataset6/dataset6_CLINIC_0071_data.nii.gz,,0.781000018119812,0.781000018119812,0.7989501953125,512,512,350,-2048.0,5237.0,2500,249,sí,e5c6dab10a1872c9229bae924b91f3f4ef559d92098f5df202711c45d03898cc,,excluded_clinic_ids.csv: estado=metal; notas=electrodo,pendiente,
dataset6_CLINIC_0072_data,,,,,,,,,,,,,,,,dataset6,dataset6/dataset6_CLINIC_0072_data.nii.gz,,0.78125,0.78125,0.79998779296875,512,512,303,-1023.0,10637.0,2500,481,sí,3cf9dcabb747c8f6bfa84eddec6634b538782e16471e5b5690dafbbf2d087e16,,excluded_clinic_ids.csv: estado=metal; notas=DIU,pendiente,
dataset6_CLINIC_0073_data,,,,,,,,,,,,,,,,dataset6,dataset6/dataset6_CLINIC_0073_data.nii.gz,,0.968999981880188,0.968999981880188,0.801025390625,512,512,350,-2048.0,1943.0,2500,0,no,7f6b676fff89a938d3ec4a4beb1298634a954a7e3d3f15fdd96b423c3fbb3b9b,,,pendiente,
dataset6_CLINIC_0074_data,,,,,,,,,,,,,,,,dataset6,dataset6/dataset6_CLINIC_0074_data.nii.gz,,0.888671875,0.888671875,0.79998779296875,512,512,350,-1023.0,2540.0,2500,1,sí,122e8ec48779f0b65e0e1409d1bab19a1f24d18d570c14f2379f1e93aac37807,,,pendiente,
dataset6_CLINIC_0075_data,,,,,,,,,,,,,,,,dataset6,dataset6/dataset6_CLINIC_0075_data.nii.gz,,0.78125,0.78125,0.79998779296875,512,512,375,-1023.0,7292.0,2500,1249,sí,f639abc86610e4b93db7d086480ee6bcb6539aedcf1012a0c7991473c08606dd,,excluded_clinic_ids.csv: estado=metal; notas=accesorio,pendiente,
dataset6_CLINIC_0076_data,,,,,,,,,,,,,,,,dataset6,dataset6/dataset6_CLINIC_0076_data.nii.gz,,0.8579999804496765,0.8579999804496765,0.800048828125,512,512,350,-3376.0,9741.0,2500,1591,sí,b4a27223f1017441234c5d7024ab9aa3782dca799365c43b9fd2a6d44784c8a5,,excluded_clinic_ids.csv: estado=metal; notas=accesorio,pendiente,
dataset6_CLINIC_0077_data,,,,,,,,,,,,,,,,dataset6,dataset6/dataset6_CLINIC_0077_data.nii.gz,,0.9039999842643738,0.9039999842643738,0.800048828125,512,512,350,-2048.0,3077.0,2500,151,sí,5c561ace1890bfe242ec1efd4299c0b904a2403fc7ab98a494f8a3834b32816a,,,pendiente,
dataset6_CLINIC_0078_data,,,,,,,,,,,,,,,,dataset6,dataset6/dataset6_CLINIC_0078_data.nii.gz,,0.7820000052452087,0.7820000052452087,0.7989501953125,512,512,350,-2048.0,3321.0,2500,35,sí,8861758660bdd02e2d3bb6f8f1456b633a559378858375960fad7367e358bdc5,,,pendiente,
dataset6_CLINIC_0079_data,,,,,,,,,,,,,,,,dataset6,dataset6/dataset6_CLINIC_0079_data.nii.gz,,0.7820000052452087,0.7820000052452087,0.800048828125,512,512,350,-2048.0,1656.0,2500,0,no,80c8b7736fd1690f91c803a92ed2e038f2ad9890cef7bb2fe6c6b65ac2f57b27,,,pendiente,
dataset6_CLINIC_0080_data,,,,,,,,,,,,,,,,dataset6,dataset6/dataset6_CLINIC_0080_data.nii.gz,,0.7820000052452087,0.7820000052452087,0.7989501953125,512,512,350,-3193.0,13843.0,2500,418,sí,1bcc781a5bf09cb57ce7ee444a7bb53e63e138e221bce3bd1e8ab65f650ca175,,excluded_clinic_ids.csv: estado=metal; notas=DIU,pendiente,
dataset6_CLINIC_0081_data,,,,,,,,,,,,,,,,dataset6,dataset6/dataset6_CLINIC_0081_data.nii.gz,,0.8619999885559082,0.8619999885559082,0.800048828125,512,512,319,-2048.0,1625.0,2500,0,no,e944bc80ec5ebae51be830e30bfca5efb6e19862c2b1608b6f435adeb6423609,,,pendiente,
dataset6_CLINIC_0082_data,,,,,,,,,,,,,,,,dataset6,dataset6/dataset6_CLINIC_0082_data.nii.gz,,0.9760000109672546,0.9760000109672546,0.7989501953125,512,512,388,-2048.0,1740.0,2500,0,no,bfba3c305a1ddb579018a90f2bba1e3f494fc7923c98ed22143fe537e5dd4b52,,,pendiente,
dataset6_CLINIC_0083_data,,,,,,,,,,,,,,,,dataset6,dataset6/dataset6_CLINIC_0083_data.nii.gz,,0.7360000014305115,0.7360000014305115,0.801025390625,512,512,326,-2048.0,1741.0,2500,0,no,f4fa5b850896126780e0c32128ae21a9c0a0b7f473c04674ea37a56e5130f456,,,pendiente,
dataset6_CLINIC_0084_data,,,,,,,,,,,,,,,,dataset6,dataset6/dataset6_CLINIC_0084_data.nii.gz,,0.8849999904632568,0.8849999904632568,0.7989501953125,512,512,350,-2048.0,3062.0,2500,327,sí,2c3472efb848cc5c0e7bedb87a25ba622799f24b1156050d69c3b71f39a35dbd,,excluded_clinic_ids.csv: estado=metal; notas=piercing,pendiente,
dataset6_CLINIC_0085_data,,,,,,,,,,,,,,,,dataset6,dataset6/dataset6_CLINIC_0085_data.nii.gz,,0.8730000257492065,0.8730000257492065,0.801025390625,512,512,350,-2048.0,1750.0,2500,0,no,191285da4117c8649cf5bd93ae4b9c2554c8c281fe9ab7cd1a6d7a3b30fb952b,,,pendiente,
dataset6_CLINIC_0086_data,,,,,,,,,,,,,,,,dataset6,dataset6/dataset6_CLINIC_0086_data.nii.gz,,0.7820000052452087,0.7820000052452087,0.801025390625,512,512,350,-2048.0,1669.0,2500,0,no,65a3f72c980e492f0cbf3c3b18d1ed60f5497fb6389f5b1708df644e11ccbf59,,,pendiente,
dataset6_CLINIC_0087_data,,,,,,,,,,,,,,,,dataset6,dataset6/dataset6_CLINIC_0087_data.nii.gz,,0.7820000052452087,0.7820000052452087,0.800048828125,512,512,350,-2048.0,1737.0,2500,0,no,0381db4467b48c38cc8f69c1ae6e91201f8cc1f6015a77c0955dff25817dcb09,,,pendiente,
dataset6_CLINIC_0088_data,,,,,,,,,,,,,,,,dataset6,dataset6/dataset6_CLINIC_0088_data.nii.gz,,0.8920000195503235,0.8920000195503235,0.7999267578125,512,512,350,-2048.0,1808.0,2500,0,no,b7bb9ba01135b15a1fb1b76b6a0d9c23562ef0c92df9bfd81f92ab1681cc0d46,,,pendiente,
dataset6_CLINIC_0089_data,,,,,,,,,,,,,,,,dataset6,dataset6/dataset6_CLINIC_0089_data.nii.gz,,0.8270000219345093,0.8270000219345093,0.801025390625,512,512,350,-2542.0,10676.0,2500,833,sí,45b48a4fd564383a302eb36397ff5411aabe785004b11c28e14ee64e852b3b4a,,excluded_clinic_ids.csv: estado=metal; notas=electrodo,pendiente,
dataset6_CLINIC_0090_data,,,,,,,,,,,,,,,,dataset6,dataset6/dataset6_CLINIC_0090_data.nii.gz,,0.8960000276565552,0.8960000276565552,0.7989501953125,512,512,350,-2048.0,2470.0,2500,0,no,da2e149b042875e97696214b52f44bcc3dfc33196c21964af5ebf5a916decf25,,,pendiente,
dataset6_CLINIC_0091_data,,,,,,,,,,,,,,,,dataset6,dataset6/dataset6_CLINIC_0091_data.nii.gz,,0.9760000109672546,0.9760000109672546,0.800048828125,512,512,351,-2920.0,18879.0,2500,4844,sí,ec65dda4b0bd46ab8c257aa3b23071cd32c87650a6290ca7ef3db17d12f393d2,,excluded_clinic_ids.csv: estado=metal; notas=accesorio,pendiente,
dataset6_CLINIC_0092_data,,,,,,,,,,,,,,,,dataset6,dataset6/dataset6_CLINIC_0092_data.nii.gz,,0.7820000052452087,0.7820000052452087,0.801025390625,512,512,350,-2048.0,1859.0,2500,0,no,5ce7d9b3bdf338eb1ade4bf1ea595b1cbd9f8b8ee59c793e87368434e0522295,,,pendiente,
dataset6_CLINIC_0093_data,,,,,,,,,,,,,,,,dataset6,dataset6/dataset6_CLINIC_0093_data.nii.gz,,0.78125,0.78125,0.79998779296875,512,512,350,-1023.0,16682.0,2500,999,sí,d185e3801c7af3bfee82e18f44b77b597dd80f80a360ab5b3337b2aec5493c3c,,excluded_clinic_ids.csv: estado=metal; notas=piercing,pendiente,
dataset6_CLINIC_0094_data,,,,,,,,,,,,,,,,dataset6,dataset6/dataset6_CLINIC_0094_data.nii.gz,,0.8429999947547913,0.8429999947547913,0.7999267578125,512,512,388,-3233.0,1795.0,2500,0,no,e424bec5cbc54ec2e2a5cbdf4a7c2953d0dcc005d2b0c008f6d8988e640f6861,,,pendiente,
dataset6_CLINIC_0095_data,,,,,,,,,,,,,,,,dataset6,dataset6/dataset6_CLINIC_0095_data.nii.gz,,0.9760000109672546,0.9760000109672546,0.801025390625,512,512,327,-2048.0,1928.0,2500,0,no,25beec961486c4c39d968a445ce9c6c15ee5ebd007028562fd81096aa3cfa52d,,,pendiente,
dataset6_CLINIC_0096_data,,,,,,,,,,,,,,,,dataset6,dataset6/dataset6_CLINIC_0096_data.nii.gz,,0.7820000052452087,0.7820000052452087,0.7989501953125,512,512,388,-2048.0,1701.0,2500,0,no,2f6241d6bdc170f12dee73a14935cac245f0ecc14aec881100caef68f37ae3e7,,,pendiente,
dataset6_CLINIC_0097_data,,,,,,,,,,,,,,,,dataset6,dataset6/dataset6_CLINIC_0097_data.nii.gz,,0.9760000109672546,0.9760000109672546,0.801025390625,512,512,305,-2048.0,2781.0,2500,20,sí,82c3fe71b3d3d3a5c31d98347bde2dccb8a3b3a05f6b5dadeeb45f5a88dea0f9,,,pendiente,
dataset6_CLINIC_0098_data,,,,,,,,,,,,,,,,dataset6,dataset6/dataset6_CLINIC_0098_data.nii.gz,,0.7820000052452087,0.7820000052452087,0.7989501953125,512,512,350,-2048.0,1772.0,2500,0,no,9da783f081cc6c7b6a9eaa18b7e74c4cc818f071ff854a339596bc6e62d6c869,,,pendiente,
dataset6_CLINIC_0099_data,,,,,,,,,,,,,,,,dataset6,dataset6/dataset6_CLINIC_0099_data.nii.gz,,0.75,0.75,0.7989501953125,512,512,313,-2048.0,1984.0,2500,0,no,d0c7305c6829a6882859b56250081a37f639692f521f5e58d18224904470ee9a,,,pendiente,
dataset6_CLINIC_0100_data,,,,,,,,,,,,,,,,dataset6,dataset6/dataset6_CLINIC_0100_data.nii.gz,,0.767578125,0.767578125,0.79998779296875,512,512,350,-1023.0,1609.0,2500,0,no,8ec298cc02202ff9c0e15262f2e9b4c39e84ff1d11c4e51c28621b42f7cc851f,,,pendiente,
dataset6_CLINIC_0101_data,,,,,,,,,,,,,,,,dataset6,dataset6/dataset6_CLINIC_0101_data.nii.gz,,0.8960000276565552,0.8960000276565552,0.7989501953125,512,512,300,-2048.0,1624.0,2500,0,no,a5ef6c5fcc99fe32ec89420f520deef055750da986c143e14f1f38ec9c938eff,,,pendiente,
dataset6_CLINIC_0102_data,,,,,,,,,,,,,,,,dataset6,dataset6/dataset6_CLINIC_0102_data.nii.gz,,0.9760000109672546,0.9760000109672546,0.801025390625,512,512,326,-2913.0,15467.0,2500,1870,sí,d5f5ec3881b212a7c2911c1da5b67660849daf0ee85d4e5ab9e70b7fff70582e,,excluded_clinic_ids.csv: estado=metal; notas=accesorio,pendiente,
dataset6_CLINIC_0103_data,,,,,,,,,,,,,,,,dataset6,dataset6/dataset6_CLINIC_0103_data.nii.gz,,0.68359375,0.68359375,0.800048828125,512,512,350,-1023.0,1643.0,2500,0,no,11ba7f36afea34a0198eb39d90cc73d49239a4cd813bdefb573ace8f8f06c5b8,,,pendiente,
dataset7_CLINIC_metal_0000_data,,,,,,,,,,,,,,,,dataset7,dataset7/dataset7_CLINIC_metal_0000_data.nii.gz,,0.7400000095367432,0.7400000095367432,0.7999267578125,512,512,350,-6671.0,19828.0,2500,115076,sí,ed3e975752ad48841629d19e2ec1deaaab7b6b0183342e692fa67014b6671116,,,pendiente,
dataset7_CLINIC_metal_0001_data,,,,,,,,,,,,,,,,dataset7,dataset7/dataset7_CLINIC_metal_0001_data.nii.gz,,0.7379999756813049,0.7379999756813049,0.800048828125,512,512,319,-6454.0,19864.0,2500,23662,sí,8124e3e604c76ce1621a2e1c5ff9c2f4732cd8257d1a6c8be2440927faceec7b,,,pendiente,
dataset7_CLINIC_metal_0002_data,Fijación: barra curva y estructuras compatibles con tornillos (preliminar),Múltiples; sin recuento completo,Pelvis anterior y posterior (preliminar),Por determinar,Sí,Por determinar,Media (preliminar),sí,sí,parcial,Codex (propuesta visual preliminar),2026-09-07,"Inspección de dos vistas 3D y tres cortes por máximo HU; no se recorrió todo el volumen. Confirmar anatomía, recuento y lateralidad. El antecedente de un tornillo dominante no describe todas las estructuras visibles.",outputs/dataset7_CLINIC_metal_0002_data.html,,dataset7,dataset7/dataset7_CLINIC_metal_0002_data.nii.gz,,0.9380000233650208,0.9380000233650208,0.7999267578125,512,512,350,-2048.0,7274.0,2500,17909,sí,47892c0a14214ab5932adcc394fb6999ee6fdd8c9d08ba05ada3763cb653a969,,Tabla compañera.jpeg: Tornillo de fijación | 1 dominante | Pelvis posterior / región sacroilíaca | Por determinar | Sí | Leve–moderada | Alta,pendiente,
dataset7_CLINIC_metal_0003_data,Estructuras compatibles con placas y tornillos (preliminar),Múltiples; sin recuento completo,Región ilíaca (preliminar),Por determinar,Sí,Por determinar,Media (preliminar),sí,sí,parcial,Codex (propuesta visual preliminar),2026-09-07,"Inspección de dos vistas 3D y tres cortes por máximo HU; no se recorrió todo el volumen. Confirmar anatomía, recuento y lateralidad. ",outputs/dataset7_CLINIC_metal_0003_data.html,,dataset7,dataset7/dataset7_CLINIC_metal_0003_data.nii.gz,,0.8539999723434448,0.8539999723434448,0.7999267578125,512,512,350,-4964.0,18605.0,2500,40111,sí,1d6d683a728f7aec9df1f7c424b086f8cec9af10d1dbbb3b33da9b9b22fdc93d,,"Tabla compañera.jpeg: Placa con múltiples tornillos | Múltiples | Región pélvica posterior / ilíaca | Derecha, preliminar | Sí | Moderada | Media–alta",pendiente,
dataset7_CLINIC_metal_0004_data,,,,,,,,,,,,,,,,dataset7,dataset7/dataset7_CLINIC_metal_0004_data.nii.gz,,0.9459999799728394,0.9459999799728394,0.800048828125,512,512,350,-3820.0,18283.0,2500,9469,sí,ce6fd33c061980b99930226469055acad320852e1dae4815674769fb4ddd86fa,,,pendiente,
dataset7_CLINIC_metal_0005_data,,,,,,,,,,,,,,,,dataset7,dataset7/dataset7_CLINIC_metal_0005_data.nii.gz,,0.9419999718666077,0.9419999718666077,0.800048828125,512,512,260,-5545.0,24359.0,2500,12060,sí,5def46a06ee85e3bce50703f0008393a45994ef60023d5921a44332ffc123849,,,pendiente,
dataset7_CLINIC_metal_0006_data,,,,,,,,,,,,,,,,dataset7,dataset7/dataset7_CLINIC_metal_0006_data.nii.gz,,0.9419999718666077,0.9419999718666077,0.800048828125,512,512,332,-5516.0,19227.0,2500,32687,sí,45ce3e0294e54d36a5365b14aee16ef87e3ecce00e396f0006f579669e3fedcd,,,pendiente,
dataset7_CLINIC_metal_0007_data,,,,,,,,,,,,,,,,dataset7,dataset7/dataset7_CLINIC_metal_0007_data.nii.gz,,0.7409999966621399,0.7409999966621399,0.800048828125,512,512,350,-7717.0,17265.0,2500,37451,sí,565ab322e58f40d127d2c6084bfd5d63bd193dcca566dc6a054180259d158852,,,pendiente,
dataset7_CLINIC_metal_0008_data,,,,,,,,,,,,,,,,dataset7,dataset7/dataset7_CLINIC_metal_0008_data.nii.gz,,0.7409999966621399,0.7409999966621399,0.800048828125,512,512,301,-2048.0,7596.0,2500,5564,sí,1dfa531e5b691f21e1e20972ed5a40f57df1c4776cea32d142a1cf13571d24c4,,,pendiente,
dataset7_CLINIC_metal_0009_data,,,,,,,,,,,,,,,,dataset7,dataset7/dataset7_CLINIC_metal_0009_data.nii.gz,,0.6010000109672546,0.6010000109672546,0.800048828125,512,512,232,-2048.0,7841.0,2500,41001,sí,60b2513bc69053c6764bb2651d6011dc0b7fd47442905f367b523b98d5ece5b3,,,pendiente,
dataset7_CLINIC_metal_0010_data,,,,,,,,,,,,,,,,dataset7,dataset7/dataset7_CLINIC_metal_0010_data.nii.gz,,0.7400000095367432,0.7400000095367432,0.800048828125,512,512,350,-2048.0,3678.0,2500,5249,sí,cfa0f9c93b6fce860692784604ab3c5195c239193db2d748e77d2e3e4aaf7211,,,pendiente,
dataset7_CLINIC_metal_0011_data,,,,,,,,,,,,,,,,dataset7,dataset7/dataset7_CLINIC_metal_0011_data.nii.gz,,0.8309999704360962,0.8309999704360962,0.801025390625,512,512,351,-9847.0,17468.0,2500,77774,sí,b5d8496580c91e59c260b0e371c0c55b45e99c89d6c0ba47dd984238f2449497,,,pendiente,
dataset7_CLINIC_metal_0012_data,,,,,,,,,,,,,,,,dataset7,dataset7/dataset7_CLINIC_metal_0012_data.nii.gz,,0.8690000176429749,0.8690000176429749,0.7999267578125,512,512,350,-6867.0,15191.0,2500,35978,sí,733d47aa0bd8860389fc23feae7404b54023c217bc1f51c3b9e6d5360e1ca9f8,733d47aa0bd8860389fc23feae7404b54023c217bc1f51c3b9e6d5360e1ca9f8,,resolver duplicado,
dataset7_CLINIC_metal_0013_data,,,,,,,,,,,,,,,,dataset7,dataset7/dataset7_CLINIC_metal_0013_data.nii.gz,,0.74609375,0.74609375,0.79998779296875,512,512,350,-1023.0,18835.0,2500,109442,sí,3b82dc1a5ca1be08bff0f44edeba807c50411adb3e1bc868dd8aedcfb060e0e4,3b82dc1a5ca1be08bff0f44edeba807c50411adb3e1bc868dd8aedcfb060e0e4,,resolver duplicado,
dataset7_CLINIC_metal_0014_data,,,,,,,,,,,,,,,,dataset7,dataset7/dataset7_CLINIC_metal_0014_data.nii.gz,,0.8960000276565552,0.8960000276565552,0.800048828125,512,512,350,-2048.0,8596.0,2500,15821,sí,4ea6df8665dcc9ce3a2e0c8cb11dac115b7f4661a13f72d95cccc2a850a55200,,,pendiente,
dataset7_CLINIC_metal_0015_data,,,,,,,,,,,,,,,,dataset7,dataset7/dataset7_CLINIC_metal_0015_data.nii.gz,,0.7820000052452087,0.7820000052452087,0.800048828125,512,512,251,-3203.0,21417.0,2500,39294,sí,aeedf9746730a7599c05485229b267c0c408a8e2bd006a4b40d306e29d493597,,,pendiente,
dataset7_CLINIC_metal_0016_data,,,,,,,,,,,,,,,,dataset7,dataset7/dataset7_CLINIC_metal_0016_data.nii.gz,,0.8849999904632568,0.8849999904632568,0.800048828125,512,512,350,-2048.0,8445.0,2500,22410,sí,6c2f839e09309c7d9ffccd363278ad3521cfad353beacf0b4bc0335e0076fdac,,,pendiente,
dataset7_CLINIC_metal_0017_data,,,,,,,,,,,,,,,,dataset7,dataset7/dataset7_CLINIC_metal_0017_data.nii.gz,,0.7850000262260437,0.7850000262260437,0.800048828125,512,512,350,-7755.0,17863.0,2500,45137,sí,8c5f4f34f416e7fd7c310c6034e970aed0ceef4b5feeb8078f40ebe95f630860,,,pendiente,
dataset7_CLINIC_metal_0018_data,,,,,,,,,,,,,,,,dataset7,dataset7/dataset7_CLINIC_metal_0018_data.nii.gz,,0.7409999966621399,0.7409999966621399,0.800048828125,512,512,332,-4291.0,20146.0,2500,13624,sí,82c6c23cf7f06c1b42f399c407fd00962aa440d70008540df9b10e4c8f962be7,,,pendiente,
dataset7_CLINIC_metal_0019_data,,,,,,,,,,,,,,,,dataset7,dataset7/dataset7_CLINIC_metal_0019_data.nii.gz,,0.6309999823570251,0.6309999823570251,0.800048828125,512,512,350,-2048.0,9219.0,2500,86431,sí,3402b09bc23d9e2013db689e5c27fe2a2ffc99bd1d9fbf3eac85907224014076,,,pendiente,
dataset7_CLINIC_metal_0020_data,,,,,,,,,,,,,,,,dataset7,dataset7/dataset7_CLINIC_metal_0020_data.nii.gz,,0.7400000095367432,0.7400000095367432,0.7999267578125,512,512,350,-2048.0,9248.0,2500,63030,sí,4434f9215d32a459c9f76557cc55c15c41ee9e934ac9c1e63e0ee089c2f89a92,,,pendiente,
dataset7_CLINIC_metal_0021_data,,,,,,,,,,,,,,,,dataset7,dataset7/dataset7_CLINIC_metal_0021_data.nii.gz,,0.8690000176429749,0.8690000176429749,0.7999267578125,512,512,350,-6867.0,15191.0,2500,35978,sí,733d47aa0bd8860389fc23feae7404b54023c217bc1f51c3b9e6d5360e1ca9f8,733d47aa0bd8860389fc23feae7404b54023c217bc1f51c3b9e6d5360e1ca9f8,,resolver duplicado,
dataset7_CLINIC_metal_0022_data,,,,,,,,,,,,,,,,dataset7,dataset7/dataset7_CLINIC_metal_0022_data.nii.gz,,0.8809999823570251,0.8809999823570251,0.7999267578125,512,512,263,-2082.0,7786.0,2500,16689,sí,7368185ff8461521d353e676bf7b8cff0672223c5d6ebdbcf7ccfc495354e455,,,pendiente,
dataset7_CLINIC_metal_0023_data,,,,,,,,,,,,,,,,dataset7,dataset7/dataset7_CLINIC_metal_0023_data.nii.gz,,0.953000009059906,0.953000009059906,0.800018310546875,512,512,350,-7767.0,18782.0,2500,89877,sí,e8ca7720457aa5cbd346548b8239d515c1c98ceefca95e22e219507ba76563ec,,,pendiente,
dataset7_CLINIC_metal_0024_data,,,,,,,,,,,,,,,,dataset7,dataset7/dataset7_CLINIC_metal_0024_data.nii.gz,,0.9760000109672546,0.9760000109672546,0.800048828125,512,512,276,-2048.0,21221.0,2500,7442,sí,efd35b7d0c65bbddd1053fbdc766310c26ee2b811052e2aa72bab53676f95f82,,,pendiente,
dataset7_CLINIC_metal_0025_data,,,,,,,,,,,,,,,,dataset7,dataset7/dataset7_CLINIC_metal_0025_data.nii.gz,,0.8460000157356262,0.8460000157356262,0.800048828125,512,512,350,-3508.0,18822.0,2500,33299,sí,2773e25b5a74c9081119dd3fe90e718a207f586e7e7f40f1f235ec126927db29,,,pendiente,
dataset7_CLINIC_metal_0026_data,,,,,,,,,,,,,,,,dataset7,dataset7/dataset7_CLINIC_metal_0026_data.nii.gz,,1.0720000267028809,1.0720000267028809,0.79998779296875,512,512,314,-4531.0,22724.0,2500,22031,sí,6349a89b0e3eee9b25bd983bc6b18be13e751b58072df62d1c47ce622b218446,,,pendiente,
dataset7_CLINIC_metal_0027_data,,,,,,,,,,,,,,,,dataset7,dataset7/dataset7_CLINIC_metal_0027_data.nii.gz,,0.9990000128746033,0.9990000128746033,0.800048828125,512,512,350,-4750.0,18873.0,2500,25530,sí,a29f5385634fc11168ef81dd5af0cc190fddd567dbfe49d85a490e1a4a1d3275,,,pendiente,
dataset7_CLINIC_metal_0028_data,,,,,,,,,,,,,,,,dataset7,dataset7/dataset7_CLINIC_metal_0028_data.nii.gz,,0.7400000095367432,0.7400000095367432,0.800048828125,512,512,344,-4284.0,19090.0,2500,48713,sí,714922ce4e8768acc024bab83d358f72fa386a53992c2117f9a7cab258ea3d8e,,,pendiente,
dataset7_CLINIC_metal_0029_data,,,,,,,,,,,,,,,,dataset7,dataset7/dataset7_CLINIC_metal_0029_data.nii.gz,,0.7820000052452087,0.7820000052452087,0.800048828125,512,512,350,-5514.0,20549.0,2500,45246,sí,60c2db2539f8abe8d467dffab48d9da6bff894f28af547abf41c1d2ec5e6414a,,,pendiente,
dataset7_CLINIC_metal_0030_data,,,,,,,,,,,,,,,,dataset7,dataset7/dataset7_CLINIC_metal_0030_data.nii.gz,,0.7409999966621399,0.7409999966621399,0.800048828125,512,512,350,-4612.0,21371.0,2500,32041,sí,ae2eacc544ba79151ee6841c178150c8148a08adc2f50cf51dbc89149dde25dd,,,pendiente,
dataset7_CLINIC_metal_0031_data,,,,,,,,,,,,,,,,dataset7,dataset7/dataset7_CLINIC_metal_0031_data.nii.gz,,0.7820000052452087,0.7820000052452087,0.7999267578125,512,512,350,-4216.0,19448.0,2500,36376,sí,00a22001ad6c5e547086cd880f704bb4ba2d1d5d52a683dd0204060d127cc088,,,pendiente,
dataset7_CLINIC_metal_0032_data,,,,,,,,,,,,,,,,dataset7,dataset7/dataset7_CLINIC_metal_0032_data.nii.gz,,0.7400000095367432,0.7400000095367432,0.800048828125,512,512,294,-4038.0,19918.0,2500,32366,sí,5380d64084f9574b4ab0c05ddb349e80c836a05418e713e373cd3120a843ab84,,,pendiente,
dataset7_CLINIC_metal_0033_data,,,,,,,,,,,,,,,,dataset7,dataset7/dataset7_CLINIC_metal_0033_data.nii.gz,,0.8309999704360962,0.8309999704360962,0.800048828125,512,512,332,-2048.0,6979.0,2500,6854,sí,c69a47212fb5ad8da6eab0c4be843c137ddc62941cd50c2cd161f1d00c2f36cf,,,pendiente,
dataset7_CLINIC_metal_0034_data,,,,,,,,,,,,,,,,dataset7,dataset7/dataset7_CLINIC_metal_0034_data.nii.gz,,0.8309999704360962,0.8309999704360962,0.801025390625,512,512,350,-9847.0,17468.0,2500,77774,sí,9b757793c0b4ddc3547ae69001eb79e3e27f15faa1018b9949c6e9168a6444f6,,,pendiente,
dataset7_CLINIC_metal_0035_data,,,,,,,,,,,,,,,,dataset7,dataset7/dataset7_CLINIC_metal_0035_data.nii.gz,,0.7379999756813049,0.7379999756813049,0.7999267578125,512,512,350,-5803.0,14785.0,2500,4023,sí,0b2d5cab9b8137253abf080d3bcca43f05895a9905d7f3dd09fd23db07818f75,,,pendiente,
dataset7_CLINIC_metal_0036_data,,,,,,,,,,,,,,,,dataset7,dataset7/dataset7_CLINIC_metal_0036_data.nii.gz,,0.8579999804496765,0.8579999804496765,0.7989501953125,512,512,350,-2714.0,18002.0,2500,1589,sí,36b9c1861b496999adbb6f3636b19d23a47264cabe7146a829aced95d1204812,36b9c1861b496999adbb6f3636b19d23a47264cabe7146a829aced95d1204812,,resolver duplicado,
dataset7_CLINIC_metal_0037_data,,,,,,,,,,,,,,,,dataset7,dataset7/dataset7_CLINIC_metal_0037_data.nii.gz,,0.8309999704360962,0.8309999704360962,0.800048828125,512,512,350,-7473.0,22999.0,2500,179296,sí,148f871dcd311067c1b80526ce5059531cdd9fd1d47a55d7ae60444fe784a5b0,,,pendiente,
dataset7_CLINIC_metal_0038_data,,,,,,,,,,,,,,,,dataset7,dataset7/dataset7_CLINIC_metal_0038_data.nii.gz,,1.2280000448226929,1.2280000448226929,0.79998779296875,512,512,350,-4871.0,20692.0,2500,7029,sí,a6bd51e7e02cf56bf54f448acae4ccbbed2456cee24d1ad6049cbb9c943b0e02,,,pendiente,
dataset7_CLINIC_metal_0039_data,,,,,,,,,,,,,,,,dataset7,dataset7/dataset7_CLINIC_metal_0039_data.nii.gz,,0.9760000109672546,0.9760000109672546,0.800048828125,512,512,344,-2048.0,6778.0,2500,5494,sí,a5071909d182e08bb67076caacd401865870a8853c7d55bc05a1a0b53dbdc757,,,pendiente,
dataset7_CLINIC_metal_0040_data,,,,,,,,,,,,,,,,dataset7,dataset7/dataset7_CLINIC_metal_0040_data.nii.gz,,0.9039999842643738,0.9039999842643738,0.7999267578125,512,512,350,-4422.0,20193.0,2500,27602,sí,73d191c826c70dede0d79c1e8f2151bf0db1762baf696f86d9eaf8b71e6854b9,,,pendiente,
dataset7_CLINIC_metal_0041_data,,,,,,,,,,,,,,,,dataset7,dataset7/dataset7_CLINIC_metal_0041_data.nii.gz,,1.2660000324249268,1.2660000324249268,0.79998779296875,512,512,338,-7448.0,15704.0,2500,12090,sí,9be06d2a7fb9b1602f09550c81f2c174f4b782862efc4e21c325db3f295b2f76,,,pendiente,
dataset7_CLINIC_metal_0042_data,,,,,,,,,,,,,,,,dataset7,dataset7/dataset7_CLINIC_metal_0042_data.nii.gz,,0.7590000033378601,0.7590000033378601,0.800048828125,512,512,344,-14319.0,18057.0,2500,100169,sí,3545ab92571537c55498fbf2d715f00ed8be28b23177a32e48e9e2ca066b0826,,,pendiente,
dataset7_CLINIC_metal_0043_data,,,,,,,,,,,,,,,,dataset7,dataset7/dataset7_CLINIC_metal_0043_data.nii.gz,,0.74609375,0.74609375,0.79998779296875,512,512,350,-1023.0,18835.0,2500,109442,sí,3b82dc1a5ca1be08bff0f44edeba807c50411adb3e1bc868dd8aedcfb060e0e4,3b82dc1a5ca1be08bff0f44edeba807c50411adb3e1bc868dd8aedcfb060e0e4,,resolver duplicado,
dataset7_CLINIC_metal_0044_data,,,,,,,,,,,,,,,,dataset7,dataset7/dataset7_CLINIC_metal_0044_data.nii.gz,,0.8659999966621399,0.8659999966621399,0.800048828125,512,512,350,-6119.0,20136.0,2500,102460,sí,c623c2372d53bd19ff8484a8413178689b1ecfd666e3375dfae56924267f9a34,,,pendiente,
dataset7_CLINIC_metal_0045_data,,,,,,,,,,,,,,,,dataset7,dataset7/dataset7_CLINIC_metal_0045_data.nii.gz,,0.777999997138977,0.777999997138977,0.800048828125,512,512,350,-2048.0,8078.0,2500,2712,sí,21972234e715799bd1b20a64331000065a473502793ef9b81736d18b176f1041,,,pendiente,
dataset7_CLINIC_metal_0046_data,,,,,,,,,,,,,,,,dataset7,dataset7/dataset7_CLINIC_metal_0046_data.nii.gz,,0.748046875,0.748046875,0.79998779296875,512,512,350,-1023.0,24340.0,2500,6054,sí,cfb02190c13f8eebf070db9419c4223a0df32e7f96d7724b85a9a4c173999508,cfb02190c13f8eebf070db9419c4223a0df32e7f96d7724b85a9a4c173999508,,resolver duplicado,
dataset7_CLINIC_metal_0047_data,,,,,,,,,,,,,,,,dataset7,dataset7/dataset7_CLINIC_metal_0047_data.nii.gz,,0.7400000095367432,0.7400000095367432,0.800048828125,512,512,350,-8812.0,19895.0,2500,177507,sí,89c6e77fd492d30dcfd6030ab7a35e71b0837e76af04a75a961db9f6cc55412b,,,pendiente,
dataset7_CLINIC_metal_0048_data,,,,,,,,,,,,,,,,dataset7,dataset7/dataset7_CLINIC_metal_0048_data.nii.gz,,0.7409999966621399,0.7409999966621399,0.800048828125,512,512,350,-2048.0,20547.0,2500,6442,sí,cf7fa13183928c507225ac4cf1e9d547611c52ad0a18880a8806f623cf3a274a,,,pendiente,
dataset7_CLINIC_metal_0049_data,,,,,,,,,,,,,,,,dataset7,dataset7/dataset7_CLINIC_metal_0049_data.nii.gz,,0.9190000295639038,0.9190000295639038,0.7999267578125,512,512,333,-7265.0,18319.0,2500,62678,sí,2561c051d85da9b6b99c0fc15c6cdf6144afb693f19ed8270b9381bd65a60007,,,pendiente,
dataset7_CLINIC_metal_0050_data,,,,,,,,,,,,,,,,dataset7,dataset7/dataset7_CLINIC_metal_0050_data.nii.gz,,0.7699999809265137,0.7699999809265137,0.7999267578125,512,512,350,-4323.0,16268.0,2500,19432,sí,5fbdd519b1f976b322ffb49343f8202ef5c7174bab4334cf7c57bb654c1f01be,,,pendiente,
dataset7_CLINIC_metal_0051_data,,,,,,,,,,,,,,,,dataset7,dataset7/dataset7_CLINIC_metal_0051_data.nii.gz,,0.8080000281333923,0.8080000281333923,0.7999267578125,512,512,350,-2048.0,12157.0,2500,27851,sí,0a8d9e68f9d47dfd6462388917d8b0ce48ab1363876f654502f5d2ddc69be3ff,,,pendiente,
dataset7_CLINIC_metal_0052_data,,,,,,,,,,,,,,,,dataset7,dataset7/dataset7_CLINIC_metal_0052_data.nii.gz,,0.9760000109672546,0.9760000109672546,0.7989501953125,512,512,350,-4091.0,21442.0,2500,13866,sí,07468a7fa8bbcc8f7c3f47ab395496b471adfc28b3cca94de6b4a3aca66d8f46,,,pendiente,
dataset7_CLINIC_metal_0053_data,,,,,,,,,,,,,,,,dataset7,dataset7/dataset7_CLINIC_metal_0053_data.nii.gz,,0.8199999928474426,0.8199999928474426,0.800048828125,512,512,187,-4664.0,20024.0,2500,18566,sí,f83158bf0d9b3fa9075d204257749011c20cb5ee8827298a553c6fc3e012619b,,,pendiente,
dataset7_CLINIC_metal_0054_data,,,,,,,,,,,,,,,,dataset7,dataset7/dataset7_CLINIC_metal_0054_data.nii.gz,,0.7850000262260437,0.7850000262260437,0.800048828125,512,512,350,-5040.0,20802.0,2500,51119,sí,2ed21209ab57fce019c6e09648866cee1b4443fdde8b45d02df147f1ceb08150,,,pendiente,
dataset7_CLINIC_metal_0055_data,,,,,,,,,,,,,,,,dataset7,dataset7/dataset7_CLINIC_metal_0055_data.nii.gz,,0.968999981880188,0.968999981880188,0.7999267578125,512,512,338,-6026.0,18415.0,2500,26860,sí,c17762a8e67f029af4cda9b1093c2b6309b84d86f18fc63b84826bf6237144ae,,,pendiente,
dataset7_CLINIC_metal_0056_data,,,,,,,,,,,,,,,,dataset7,dataset7/dataset7_CLINIC_metal_0056_data.nii.gz,,0.7400000095367432,0.7400000095367432,0.7999267578125,512,512,338,-6925.0,17790.0,2500,36039,sí,aab88965f1107d8add918664f3264721027ab7d6f5579aaef720df6cb72bf2e6,,,pendiente,
dataset7_CLINIC_metal_0057_data,,,,,,,,,,,,,,,,dataset7,dataset7/dataset7_CLINIC_metal_0057_data.nii.gz,,0.8270000219345093,0.8270000219345093,0.800048828125,512,512,319,-3071.0,18224.0,2500,30203,sí,0af35c0b6edf751de1852f9da2162fcd598b6ca2e9c900ce65c094c14b6bb8bb,,,pendiente,
dataset7_CLINIC_metal_0058_data,,,,,,,,,,,,,,,,dataset7,dataset7/dataset7_CLINIC_metal_0058_data.nii.gz,,0.7400000095367432,0.7400000095367432,0.800048828125,512,512,350,-3578.0,22732.0,2500,69219,sí,4d2f769a1c5027ac474d0f1b4ea6a735cdcae9f1c4f39d66457cc1497efd46dc,,,pendiente,
dataset7_CLINIC_metal_0059_data,,,,,,,,,,,,,,,,dataset7,dataset7/dataset7_CLINIC_metal_0059_data.nii.gz,,0.7889999747276306,0.7889999747276306,0.800048828125,512,512,288,-2235.0,9194.0,2500,60634,sí,c0564a2b6d4e17c57562269cf5158a28c0f4e9f89b4271894939d66b2f3fe927,,,pendiente,
dataset7_CLINIC_metal_0060_data,,,,,,,,,,,,,,,,dataset7,dataset7/dataset7_CLINIC_metal_0060_data.nii.gz,,0.7400000095367432,0.7400000095367432,0.7999267578125,512,512,338,-5385.0,21054.0,2500,102610,sí,3ec53c7215a32860f75dd3c8020b047cc52bac04d5871a4f5f7a58652cc8068c,,,pendiente,
dataset7_CLINIC_metal_0061_data,,,,,,,,,,,,,,,,dataset7,dataset7/dataset7_CLINIC_metal_0061_data.nii.gz,,0.8460000157356262,0.8460000157356262,0.800048828125,512,512,319,-2966.0,17129.0,2500,3324,sí,be75f505cd2b74546e1d90f9a04a30a13a25f825f4cb52b25083ea546e080fec,be75f505cd2b74546e1d90f9a04a30a13a25f825f4cb52b25083ea546e080fec,,resolver duplicado,
dataset7_CLINIC_metal_0062_data,,,,,,,,,,,,,,,,dataset7,dataset7/dataset7_CLINIC_metal_0062_data.nii.gz,,0.7400000095367432,0.7400000095367432,0.7999267578125,512,512,313,-2048.0,9849.0,2500,11248,sí,c43c3ac299294a3759572e71f9c14d024c21708004bdb3b1bc02b30a517d89cf,,,pendiente,
dataset7_CLINIC_metal_0063_data,,,,,,,,,,,,,,,,dataset7,dataset7/dataset7_CLINIC_metal_0063_data.nii.gz,,0.7820000052452087,0.7820000052452087,0.800048828125,512,512,350,-4156.0,21233.0,2500,31842,sí,7e7fe5f664a41663d15e0180708e00602487a2dc0b8bb9d657fc8f5115e41422,,,pendiente,
dataset7_CLINIC_metal_0064_data,,,,,,,,,,,,,,,,dataset7,dataset7/dataset7_CLINIC_metal_0064_data.nii.gz,,0.6399999856948853,0.6399999856948853,0.7999267578125,512,512,313,-2057.0,14389.0,2500,993,sí,62d23a1c4c010a8f3fb8296229190364e785c8eb836998aabb4c05d62468a4cc,62d23a1c4c010a8f3fb8296229190364e785c8eb836998aabb4c05d62468a4cc,,resolver duplicado,
dataset7_CLINIC_metal_0065_data,,,,,,,,,,,,,,,,dataset7,dataset7/dataset7_CLINIC_metal_0065_data.nii.gz,,0.8349999785423279,0.8349999785423279,0.800048828125,512,512,332,-6390.0,18816.0,2500,68818,sí,94bc68963590990aab0282230591f13ce79fe51f2e5fc7efa0b3b19f040a6fc0,,,pendiente,
dataset7_CLINIC_metal_0066_data,,,,,,,,,,,,,,,,dataset7,dataset7/dataset7_CLINIC_metal_0066_data.nii.gz,,0.7699999809265137,0.7699999809265137,0.800048828125,512,512,344,-7655.0,19684.0,2500,87318,sí,a4b0a9572fa84d3af739cb2e11f9ee107e339cd31f9dfe03260a482154bd4bdd,,caracterizacion_metal_d7.csv: tipo=externo; ortopedico=no,pendiente,
dataset7_CLINIC_metal_0067_data,,,,,,,,,,,,,,,,dataset7,dataset7/dataset7_CLINIC_metal_0067_data.nii.gz,,0.8309999704360962,0.8309999704360962,0.79998779296875,512,512,338,-8365.0,23519.0,2500,36426,sí,e29ecaf3480d5933741ce2412e601c4b709dff63186b4004e013a3315cd320d0,,caracterizacion_metal_d7.csv: tipo=dudoso; ortopedico=si,pendiente,
dataset7_CLINIC_metal_0068_data,,,,,,,,,,,,,,,,dataset7,dataset7/dataset7_CLINIC_metal_0068_data.nii.gz,,0.9760000109672546,0.9760000109672546,0.800048828125,512,512,350,-3278.0,19380.0,2500,3077,sí,9e11d709160c6cfaad429c2ef83df73b7acbae59db7cc26d1743ae0c292c9525,,caracterizacion_metal_d7.csv: tipo=externo; ortopedico=no,pendiente,
dataset7_CLINIC_metal_0069_data,,,,,,,,,,,,,,,,dataset7,dataset7/dataset7_CLINIC_metal_0069_data.nii.gz,,0.8270000219345093,0.8270000219345093,0.7999267578125,512,512,350,-4036.0,20399.0,2500,26074,sí,aad15a8bcbbf594c517910f90a0cc46d2323585e3cc903b86b52b443297289b7,,caracterizacion_metal_d7.csv: tipo=dudoso; ortopedico=si,pendiente,
dataset7_CLINIC_metal_0070_data,,,,,,,,,,,,,,,,dataset7,dataset7/dataset7_CLINIC_metal_0070_data.nii.gz,,0.8769999742507935,0.8769999742507935,0.7999267578125,512,512,350,-5044.0,19662.0,2500,10969,sí,55a232770453fb2ad360d6267ddeb9be2dc0ba02a100c39bd818fa1166da20cd,,caracterizacion_metal_d7.csv: tipo=dudoso; ortopedico=si,pendiente,
dataset7_CLINIC_metal_0071_data,,,,,,,,,,,,,,,,dataset7,dataset7/dataset7_CLINIC_metal_0071_data.nii.gz,,0.7889999747276306,0.7889999747276306,0.800048828125,512,512,350,-2235.0,8814.0,2500,77798,sí,a6ad7cbae19e678971521ea737d2835c590bc10eeb1e16d15ca4655e59c5bec2,,caracterizacion_metal_d7.csv: tipo=dudoso; ortopedico=si,pendiente,
dataset7_CLINIC_metal_0072_data,,,,,,,,,,,,,,,,dataset7,dataset7/dataset7_CLINIC_metal_0072_data.nii.gz,,0.8199999928474426,0.8199999928474426,0.801025390625,512,512,350,-2048.0,21192.0,2500,3604,sí,5b784c669bc6df470c9c6fa0ec9c8eafa9895321fc9e86ed92469b5e774a89aa,,caracterizacion_metal_d7.csv: tipo=dudoso; ortopedico=si,pendiente,
dataset7_CLINIC_metal_0073_data,,,,,,,,,,,,,,,,dataset7,dataset7/dataset7_CLINIC_metal_0073_data.nii.gz,,0.8659999966621399,0.8659999966621399,0.801025390625,512,512,350,-6152.0,24970.0,2500,16353,sí,dcb53326bb15a2489a3f5dc2062cc5e6cf95cb949ad9d7f2bc0197991553200b,,caracterizacion_metal_d7.csv: tipo=externo; ortopedico=no,pendiente,
dataset7_CLINIC_metal_0074_data,,,,,,,,,,,,,,,,dataset7,dataset7/dataset7_CLINIC_metal_0074_data.nii.gz,,0.748046875,0.748046875,0.79998779296875,512,512,350,-1023.0,24340.0,2500,6054,sí,cfb02190c13f8eebf070db9419c4223a0df32e7f96d7724b85a9a4c173999508,cfb02190c13f8eebf070db9419c4223a0df32e7f96d7724b85a9a4c173999508,caracterizacion_metal_d7.csv: tipo=externo; ortopedico=no,resolver duplicado,
