Caso,Dataset,HU máximo,Voxel mm3,Vox > 1500,mm3 > 1500,Candidato 1500,Vox > 2500,mm3 > 2500,Candidato 2500,Vox > 3500,mm3 > 3500,Candidato 3500,Metal (revision),Objeto extraño (revision),Grupo duplicado,Cohorte propuesta,Error
dataset6_CLINIC_0001_data,dataset6,5060.0,0.488577,5656,2763.393,sí,247,120.679,sí,114,55.698,sí,sí,sí,,pendiente,
dataset6_CLINIC_0002_data,dataset6,1631.0,0.488274,3451,1685.033,sí,0,0.0,no,0,0.0,no,no,no,,pendiente,
dataset6_CLINIC_0003_data,dataset6,1695.0,0.489846,16513,8088.831,sí,0,0.0,no,0,0.0,no,no,no,,pendiente,
dataset6_CLINIC_0004_data,dataset6,1480.0,0.47618,0,0.0,no,0,0.0,no,0,0.0,no,no,no,,pendiente,
dataset6_CLINIC_0005_data,dataset6,22185.0,0.488311,13195,6443.264,sí,10979,5361.167,sí,9320,4551.059,sí,sí,sí,,pendiente,
dataset6_CLINIC_0006_data,dataset6,1707.0,0.762107,7039,5364.474,sí,0,0.0,no,0,0.0,no,no,no,,pendiente,
dataset6_CLINIC_0007_data,dataset6,30445.0,0.526783,28314,14915.334,sí,7633,4020.935,sí,6261,3298.188,sí,sí,sí,,pendiente,
dataset6_CLINIC_0008_data,dataset6,4677.0,0.739764,25282,18702.708,sí,107,79.155,sí,50,36.988,sí,sí,sí,,pendiente,
dataset6_CLINIC_0009_data,dataset6,1717.0,0.532717,15568,8293.343,sí,0,0.0,no,0,0.0,no,no,no,,pendiente,
dataset6_CLINIC_0010_data,dataset6,1743.0,0.652915,49734,32472.069,sí,0,0.0,no,0,0.0,no,no,no,,pendiente,
dataset6_CLINIC_0011_data,dataset6,1700.0,0.498047,32103,15988.808,sí,0,0.0,no,0,0.0,no,no,no,,pendiente,
dataset6_CLINIC_0012_data,dataset6,1779.0,0.761061,11333,8625.102,sí,0,0.0,no,0,0.0,no,no,no,,pendiente,
dataset6_CLINIC_0013_data,dataset6,1717.0,0.762107,10356,7892.384,sí,0,0.0,no,0,0.0,no,no,no,,pendiente,
dataset6_CLINIC_0014_data,dataset6,1696.0,0.489249,15746,7703.716,sí,0,0.0,no,0,0.0,no,no,no,,pendiente,
dataset6_CLINIC_0015_data,dataset6,1677.0,0.761061,9405,7157.777,sí,0,0.0,no,0,0.0,no,no,no,,pendiente,
dataset6_CLINIC_0016_data,dataset6,1736.0,0.489846,20205,9897.343,sí,0,0.0,no,0,0.0,no,no,no,,pendiente,
dataset6_CLINIC_0017_data,dataset6,7573.0,0.714993,13499,9651.694,sí,515,368.222,sí,216,154.439,sí,sí,sí,,pendiente,
dataset6_CLINIC_0018_data,dataset6,1676.0,0.763038,22017,16799.799,sí,0,0.0,no,0,0.0,no,no,no,,pendiente,
dataset6_CLINIC_0019_data,dataset6,7534.0,0.488237,17649,8616.887,sí,1251,610.784,sí,693,338.348,sí,sí,sí,,pendiente,
dataset6_CLINIC_0020_data,dataset6,1791.0,0.489846,22273,10910.345,sí,0,0.0,no,0,0.0,no,no,no,,pendiente,
dataset6_CLINIC_0021_data,dataset6,1749.0,0.419366,42286,17733.326,sí,0,0.0,no,0,0.0,no,no,no,,pendiente,
dataset6_CLINIC_0022_data,dataset6,1699.0,0.489249,5293,2589.595,sí,0,0.0,no,0,0.0,no,no,no,,pendiente,
dataset6_CLINIC_0023_data,dataset6,1720.0,0.727498,17819,12963.295,sí,0,0.0,no,0,0.0,no,no,no,,pendiente,
dataset6_CLINIC_0024_data,dataset6,1682.0,0.594471,4609,2739.919,sí,0,0.0,no,0,0.0,no,no,no,,pendiente,
dataset6_CLINIC_0025_data,dataset6,1608.0,0.553812,1211,670.667,sí,0,0.0,no,0,0.0,no,no,no,,pendiente,
dataset6_CLINIC_0026_data,dataset6,1739.0,0.577242,49457,28548.635,sí,0,0.0,no,0,0.0,no,no,no,,pendiente,
dataset6_CLINIC_0027_data,dataset6,1661.0,0.567773,5289,3002.952,sí,0,0.0,no,0,0.0,no,no,no,,pendiente,
dataset6_CLINIC_0028_data,dataset6,21133.0,0.589686,31745,18719.583,sí,491,289.536,sí,331,195.186,sí,sí,sí,,pendiente,
dataset6_CLINIC_0029_data,dataset6,1677.0,0.488577,29683,14502.438,sí,0,0.0,no,0,0.0,no,no,no,,pendiente,
dataset6_CLINIC_0030_data,dataset6,1728.0,0.664788,23096,15353.938,sí,0,0.0,no,0,0.0,no,no,no,,pendiente,
dataset6_CLINIC_0031_data,dataset6,3984.0,0.558495,5307,2963.933,sí,180,100.529,sí,53,29.6,sí,sí,sí,,pendiente,
dataset6_CLINIC_0032_data,dataset6,1727.0,0.383115,40330,15451.01,sí,0,0.0,no,0,0.0,no,no,no,,pendiente,
dataset6_CLINIC_0033_data,dataset6,1617.0,0.623477,7429,4631.809,sí,0,0.0,no,0,0.0,no,no,no,,pendiente,
dataset6_CLINIC_0034_data,dataset6,1924.0,0.522243,32481,16962.989,sí,0,0.0,no,0,0.0,no,no,no,,pendiente,
dataset6_CLINIC_0035_data,dataset6,1753.0,0.489846,22094,10822.663,sí,0,0.0,no,0,0.0,no,no,no,,pendiente,
dataset6_CLINIC_0036_data,dataset6,3395.0,0.373835,38961,14564.971,sí,22,8.224,sí,0,0.0,no,sí,sí,,pendiente,
dataset6_CLINIC_0037_data,dataset6,17129.0,0.572608,35849,20527.415,sí,3324,1903.348,sí,2736,1566.655,sí,sí,sí,be75f505cd2b74546e1d90f9a04a30a13a25f825f4cb52b25083ea546e080fec,resolver duplicado,
dataset6_CLINIC_0038_data,dataset6,2470.0,0.64141,11811,7575.694,sí,0,0.0,no,0,0.0,no,no,no,,pendiente,
dataset6_CLINIC_0039_data,dataset6,3713.0,1.019619,86058,87746.402,sí,11770,12000.92,sí,426,434.358,sí,no,no,,pendiente,
dataset6_CLINIC_0040_data,dataset6,3701.0,0.488577,24267,11856.303,sí,116,56.675,sí,13,6.352,sí,sí,sí,,pendiente,
dataset6_CLINIC_0041_data,dataset6,4859.0,0.447652,645,288.736,sí,256,114.599,sí,128,57.3,sí,sí,sí,,pendiente,
dataset6_CLINIC_0042_data,dataset6,1672.0,0.489846,13927,6822.088,sí,0,0.0,no,0,0.0,no,no,no,,pendiente,
dataset6_CLINIC_0043_data,dataset6,2038.0,0.763038,22266,16989.796,sí,0,0.0,no,0,0.0,no,no,no,,pendiente,
dataset6_CLINIC_0044_data,dataset6,1712.0,0.43804,9769,4279.212,sí,0,0.0,no,0,0.0,no,no,no,,pendiente,
dataset6_CLINIC_0045_data,dataset6,1775.0,0.350617,54891,19245.696,sí,0,0.0,no,0,0.0,no,no,no,,pendiente,
dataset6_CLINIC_0046_data,dataset6,1714.0,0.762107,18360,13992.291,sí,0,0.0,no,0,0.0,no,no,no,,pendiente,
dataset6_CLINIC_0047_data,dataset6,1703.0,0.599177,6160,3690.933,sí,0,0.0,no,0,0.0,no,no,no,,pendiente,
dataset6_CLINIC_0048_data,dataset6,18002.0,0.588158,17152,10088.092,sí,1589,934.584,sí,1287,756.96,sí,sí,sí,36b9c1861b496999adbb6f3636b19d23a47264cabe7146a829aced95d1204812,resolver duplicado,
dataset6_CLINIC_0049_data,dataset6,1756.0,0.763038,34627,26421.704,sí,0,0.0,no,0,0.0,no,no,no,,pendiente,
dataset6_CLINIC_0050_data,dataset6,2249.0,0.652915,22301,14560.655,sí,0,0.0,no,0,0.0,no,no,no,,pendiente,
dataset6_CLINIC_0051_data,dataset6,1756.0,0.563171,29760,16759.973,sí,0,0.0,no,0,0.0,no,no,no,,pendiente,
dataset6_CLINIC_0052_data,dataset6,4426.0,0.488274,4217,2059.051,sí,59,28.808,sí,12,5.859,sí,sí,sí,,pendiente,
dataset6_CLINIC_0053_data,dataset6,17162.0,0.609647,11821,7206.643,sí,961,585.871,sí,690,420.657,sí,sí,sí,,pendiente,
dataset6_CLINIC_0054_data,dataset6,11341.0,0.488577,11779,5754.951,sí,1940,947.84,sí,1480,723.094,sí,sí,sí,,pendiente,
dataset6_CLINIC_0055_data,dataset6,1738.0,0.761061,32023,24371.451,sí,0,0.0,no,0,0.0,no,no,no,,pendiente,
dataset6_CLINIC_0056_data,dataset6,5754.0,0.488577,33509,16371.734,sí,546,266.763,sí,305,149.016,sí,sí,sí,,pendiente,
dataset6_CLINIC_0057_data,dataset6,1924.0,0.489846,14700,7200.74,sí,0,0.0,no,0,0.0,no,no,no,,pendiente,
dataset6_CLINIC_0058_data,dataset6,2641.0,0.653813,4811,3145.493,sí,7,4.577,sí,0,0.0,no,no,no,,pendiente,
dataset6_CLINIC_0059_data,dataset6,1735.0,0.488577,23397,11431.241,sí,0,0.0,no,0,0.0,no,no,no,,pendiente,
dataset6_CLINIC_0060_data,dataset6,1634.0,0.473772,1785,845.682,sí,0,0.0,no,0,0.0,no,no,no,,pendiente,
dataset6_CLINIC_0061_data,dataset6,1630.0,0.654192,3230,2113.041,sí,0,0.0,no,0,0.0,no,no,no,,pendiente,
dataset6_CLINIC_0062_data,dataset6,1646.0,0.761061,3023,2300.687,sí,0,0.0,no,0,0.0,no,no,no,,pendiente,
dataset6_CLINIC_0063_data,dataset6,1626.0,0.761061,2255,1716.192,sí,0,0.0,no,0,0.0,no,no,no,,pendiente,
dataset6_CLINIC_0064_data,dataset6,1620.0,0.492333,3355,1651.778,sí,0,0.0,no,0,0.0,no,no,no,,pendiente,
dataset6_CLINIC_0065_data,dataset6,1760.0,0.761061,20700,15753.959,sí,0,0.0,no,0,0.0,no,no,no,,pendiente,
dataset6_CLINIC_0066_data,dataset6,2589.0,0.621725,33863,21053.46,sí,5,3.109,sí,0,0.0,no,no,no,,pendiente,
dataset6_CLINIC_0067_data,dataset6,9982.0,0.573307,9275,5317.419,sí,474,271.747,sí,295,169.125,sí,sí,sí,,pendiente,
dataset6_CLINIC_0068_data,dataset6,2701.0,0.761061,9868,7510.148,sí,1,0.761,sí,0,0.0,no,sí,sí,,pendiente,
dataset6_CLINIC_0069_data,dataset6,21457.0,0.702952,56527,39735.746,sí,11097,7800.654,sí,7631,5364.224,sí,sí,sí,,pendiente,
dataset6_CLINIC_0070_data,dataset6,14389.0,0.32765,12584,4123.147,sí,993,325.356,sí,697,228.372,sí,sí,sí,62d23a1c4c010a8f3fb8296229190364e785c8eb836998aabb4c05d62468a4cc,resolver duplicado,
dataset6_CLINIC_0071_data,dataset6,5237.0,0.487328,34451,16788.954,sí,249,121.345,sí,157,76.511,sí,sí,sí,,pendiente,
dataset6_CLINIC_0072_data,dataset6,10637.0,0.488274,891,435.052,sí,481,234.86,sí,281,137.205,sí,sí,sí,,pendiente,
dataset6_CLINIC_0073_data,dataset6,1943.0,0.752132,35086,26389.289,sí,0,0.0,no,0,0.0,no,no,no,,pendiente,
dataset6_CLINIC_0074_data,dataset6,2540.0,0.631781,3630,2293.363,sí,1,0.632,sí,0,0.0,no,no,no,,pendiente,
dataset6_CLINIC_0075_data,dataset6,7292.0,0.488274,20897,10203.458,sí,1249,609.854,sí,647,315.913,sí,sí,sí,,pendiente,
dataset6_CLINIC_0076_data,dataset6,9741.0,0.588967,17501,10307.514,sí,1591,937.047,sí,1044,614.882,sí,sí,sí,,pendiente,
dataset6_CLINIC_0077_data,dataset6,3077.0,0.653813,20301,13273.052,sí,151,98.726,sí,0,0.0,no,no,no,,pendiente,
dataset6_CLINIC_0078_data,dataset6,3321.0,0.488577,18171,8877.937,sí,35,17.1,sí,0,0.0,no,sí,sí,,pendiente,
dataset6_CLINIC_0079_data,dataset6,1656.0,0.489249,14665,7174.837,sí,0,0.0,no,0,0.0,no,no,no,,pendiente,
dataset6_CLINIC_0080_data,dataset6,13843.0,0.488577,30472,14887.925,sí,418,204.225,sí,315,153.902,sí,sí,sí,,pendiente,
dataset6_CLINIC_0081_data,dataset6,1625.0,0.594471,3131,1861.29,sí,0,0.0,no,0,0.0,no,no,no,,pendiente,
dataset6_CLINIC_0082_data,dataset6,1740.0,0.761061,27947,21269.367,sí,0,0.0,no,0,0.0,no,no,no,,pendiente,
dataset6_CLINIC_0083_data,dataset6,1741.0,0.433912,26551,11520.804,sí,0,0.0,no,0,0.0,no,no,no,,pendiente,
dataset6_CLINIC_0084_data,dataset6,3062.0,0.625758,13405,8388.283,sí,327,204.623,sí,0,0.0,no,sí,sí,,pendiente,
dataset6_CLINIC_0085_data,dataset6,1750.0,0.610485,27537,16810.918,sí,0,0.0,no,0,0.0,no,no,no,,pendiente,
dataset6_CLINIC_0086_data,dataset6,1669.0,0.489846,5682,2783.306,sí,0,0.0,no,0,0.0,no,no,no,,pendiente,
dataset6_CLINIC_0087_data,dataset6,1737.0,0.489249,47418,23199.211,sí,0,0.0,no,0,0.0,no,no,no,,pendiente,
dataset6_CLINIC_0088_data,dataset6,1808.0,0.636473,23460,14931.655,sí,0,0.0,no,0,0.0,no,no,no,,pendiente,
dataset6_CLINIC_0089_data,dataset6,10676.0,0.547845,3653,2001.276,sí,833,456.354,sí,627,343.499,sí,sí,sí,,pendiente,
dataset6_CLINIC_0090_data,dataset6,2470.0,0.64141,11818,7580.184,sí,0,0.0,no,0,0.0,no,no,no,,pendiente,
dataset6_CLINIC_0091_data,dataset6,18879.0,0.762107,23521,17925.528,sí,4844,3691.648,sí,4086,3113.971,sí,sí,sí,,pendiente,
dataset6_CLINIC_0092_data,dataset6,1859.0,0.489846,10604,5194.329,sí,0,0.0,no,0,0.0,no,no,no,,pendiente,
dataset6_CLINIC_0093_data,dataset6,16682.0,0.488274,1441,703.603,sí,999,487.786,sí,863,421.38,sí,sí,sí,,pendiente,
dataset6_CLINIC_0094_data,dataset6,1795.0,0.568467,48629,27643.989,sí,0,0.0,no,0,0.0,no,no,no,,pendiente,
dataset6_CLINIC_0095_data,dataset6,1928.0,0.763038,14978,11428.778,sí,0,0.0,no,0,0.0,no,no,no,,pendiente,
dataset6_CLINIC_0096_data,dataset6,1701.0,0.488577,21855,10677.855,sí,0,0.0,no,0,0.0,no,no,no,,pendiente,
dataset6_CLINIC_0097_data,dataset6,2781.0,0.763038,9182,7006.211,sí,20,15.261,sí,0,0.0,no,sí,sí,,pendiente,
dataset6_CLINIC_0098_data,dataset6,1772.0,0.488577,29948,14631.91,sí,0,0.0,no,0,0.0,no,no,no,,pendiente,
dataset6_CLINIC_0099_data,dataset6,1984.0,0.449409,35816,16096.05,sí,0,0.0,no,0,0.0,no,no,no,,pendiente,
dataset6_CLINIC_0100_data,dataset6,1609.0,0.471334,4680,2205.842,sí,0,0.0,no,0,0.0,no,no,no,,pendiente,
dataset6_CLINIC_0101_data,dataset6,1624.0,0.64141,722,463.098,sí,0,0.0,no,0,0.0,no,no,no,,pendiente,
dataset6_CLINIC_0102_data,dataset6,15467.0,0.763038,4969,3791.534,sí,1870,1426.88,sí,1573,1200.258,sí,sí,sí,,pendiente,
dataset6_CLINIC_0103_data,dataset6,1643.0,0.373863,19005,7105.269,sí,0,0.0,no,0,0.0,no,no,no,,pendiente,
dataset7_CLINIC_metal_0000_data,dataset7,19828.0,0.43804,159557,69892.337,sí,115076,50407.883,sí,93880,41123.189,sí,sí,sí,,pendiente,
dataset7_CLINIC_metal_0001_data,dataset7,19864.0,0.435742,46628,20317.766,sí,23662,10310.521,sí,18081,7878.647,sí,sí,sí,,pendiente,
dataset7_CLINIC_metal_0002_data,dataset7,7274.0,0.703811,75031,52807.629,sí,17909,12604.548,sí,12053,8483.032,sí,sí,sí,,pendiente,
dataset7_CLINIC_metal_0003_data,dataset7,18605.0,0.583399,91909,53619.651,sí,40111,23400.732,sí,31547,18404.499,sí,sí,sí,,pendiente,
dataset7_CLINIC_metal_0004_data,dataset7,18283.0,0.715976,52082,37289.487,sí,9469,6779.581,sí,6795,4865.06,sí,sí,sí,,pendiente,
dataset7_CLINIC_metal_0005_data,dataset7,24359.0,0.709935,27320,19395.411,sí,12060,8561.81,sí,8863,6292.15,sí,sí,sí,,pendiente,
dataset7_CLINIC_metal_0006_data,dataset7,19227.0,0.709935,58540,41559.568,sí,32687,23205.63,sí,25984,18446.939,sí,sí,sí,,pendiente,
dataset7_CLINIC_metal_0007_data,dataset7,17265.0,0.439292,95660,42022.634,sí,37451,16451.91,sí,26653,11708.439,sí,sí,sí,,pendiente,
dataset7_CLINIC_metal_0008_data,dataset7,7596.0,0.439292,14603,6414.975,sí,5564,2444.218,sí,1946,854.861,sí,sí,sí,,pendiente,
dataset7_CLINIC_metal_0009_data,dataset7,7841.0,0.288978,64573,18660.206,sí,41001,11848.406,sí,29143,8421.699,sí,sí,sí,,pendiente,
dataset7_CLINIC_metal_0010_data,dataset7,3678.0,0.438107,32924,14424.227,sí,5249,2299.622,sí,41,17.962,sí,sí,sí,,pendiente,
dataset7_CLINIC_metal_0011_data,dataset7,17468.0,0.553157,136553,75535.228,sí,77774,43021.221,sí,55277,30576.851,sí,sí,sí,,pendiente,
dataset7_CLINIC_metal_0012_data,dataset7,15191.0,0.604074,97713,59025.836,sí,35978,21733.357,sí,24655,14893.433,sí,sí,sí,733d47aa0bd8860389fc23feae7404b54023c217bc1f51c3b9e6d5360e1ca9f8,resolver duplicado,
dataset7_CLINIC_metal_0013_data,dataset7,18835.0,0.445318,221540,98655.733,sí,109442,48736.484,sí,79861,35563.535,sí,sí,sí,3b82dc1a5ca1be08bff0f44edeba807c50411adb3e1bc868dd8aedcfb060e0e4,resolver duplicado,
dataset7_CLINIC_metal_0014_data,dataset7,8596.0,0.642292,46547,29896.767,sí,15821,10161.702,sí,11898,7641.99,sí,sí,sí,,pendiente,
dataset7_CLINIC_metal_0015_data,dataset7,21417.0,0.489249,95418,46683.166,sí,39294,19224.552,sí,31373,15349.21,sí,sí,sí,,pendiente,
dataset7_CLINIC_metal_0016_data,dataset7,8445.0,0.626618,37337,23396.046,sí,22410,14042.515,sí,16176,10136.177,sí,sí,sí,,pendiente,
dataset7_CLINIC_metal_0017_data,dataset7,17863.0,0.49301,112168,55299.961,sí,45137,22252.998,sí,33521,16526.193,sí,sí,sí,,pendiente,
dataset7_CLINIC_metal_0018_data,dataset7,20146.0,0.439292,59984,26350.467,sí,13624,5984.909,sí,10139,4453.977,sí,sí,sí,,pendiente,
dataset7_CLINIC_metal_0019_data,dataset7,9219.0,0.318548,163875,52202.087,sí,86431,27532.44,sí,73412,23385.261,sí,sí,sí,,pendiente,
dataset7_CLINIC_metal_0020_data,dataset7,9248.0,0.43804,90569,39672.838,sí,63030,27609.657,sí,52929,23185.015,sí,sí,sí,,pendiente,
dataset7_CLINIC_metal_0021_data,dataset7,15191.0,0.604074,97713,59025.836,sí,35978,21733.357,sí,24655,14893.433,sí,sí,sí,733d47aa0bd8860389fc23feae7404b54023c217bc1f51c3b9e6d5360e1ca9f8,resolver duplicado,
dataset7_CLINIC_metal_0022_data,dataset7,7786.0,0.620872,77077,47854.944,sí,16689,10361.731,sí,10427,6473.831,sí,sí,sí,,pendiente,
dataset7_CLINIC_metal_0023_data,dataset7,18782.0,0.726584,234732,170552.478,sí,89877,65303.176,sí,69684,50631.268,sí,sí,sí,,pendiente,
dataset7_CLINIC_metal_0024_data,dataset7,21221.0,0.762107,18370,13999.912,sí,7442,5671.603,sí,4717,3594.86,sí,sí,sí,,pendiente,
dataset7_CLINIC_metal_0025_data,dataset7,18822.0,0.572608,65415,37457.136,sí,33299,19067.266,sí,25540,14624.402,sí,sí,sí,,pendiente,
dataset7_CLINIC_metal_0026_data,dataset7,22724.0,0.919333,66157,60820.332,sí,22031,20253.831,sí,16956,15588.215,sí,sí,sí,,pendiente,
dataset7_CLINIC_metal_0027_data,dataset7,18873.0,0.79845,64889,51810.595,sí,25530,20384.418,sí,19817,15822.875,sí,sí,sí,,pendiente,
dataset7_CLINIC_metal_0028_data,dataset7,19090.0,0.438107,74161,32490.437,sí,48713,21341.495,sí,38068,16677.849,sí,sí,sí,,pendiente,
dataset7_CLINIC_metal_0029_data,dataset7,20549.0,0.489249,134676,65890.105,sí,45246,22136.563,sí,35984,17605.138,sí,sí,sí,,pendiente,
dataset7_CLINIC_metal_0030_data,dataset7,21371.0,0.439292,91053,39998.818,sí,32041,14075.342,sí,21868,9606.429,sí,sí,sí,,pendiente,
dataset7_CLINIC_metal_0031_data,dataset7,19448.0,0.489174,56326,27553.237,sí,36376,17794.208,sí,29345,14354.823,sí,sí,sí,,pendiente,
dataset7_CLINIC_metal_0032_data,dataset7,19918.0,0.438107,58471,25616.541,sí,32366,14179.764,sí,25941,11364.928,sí,sí,sí,,pendiente,
dataset7_CLINIC_metal_0033_data,dataset7,6979.0,0.552482,28850,15939.12,sí,6854,3786.715,sí,3617,1998.329,sí,sí,sí,,pendiente,
dataset7_CLINIC_metal_0034_data,dataset7,17468.0,0.553157,136553,75535.228,sí,77774,43021.221,sí,55277,30576.851,sí,sí,sí,,pendiente,
dataset7_CLINIC_metal_0035_data,dataset7,14785.0,0.435675,27483,11973.663,sí,4023,1752.722,sí,1206,525.424,sí,sí,sí,,pendiente,
dataset7_CLINIC_metal_0036_data,dataset7,18002.0,0.588158,17152,10088.092,sí,1589,934.584,sí,1287,756.96,sí,sí,sí,36b9c1861b496999adbb6f3636b19d23a47264cabe7146a829aced95d1204812,resolver duplicado,
dataset7_CLINIC_metal_0037_data,dataset7,22999.0,0.552482,244479,135070.366,sí,179296,99057.9,sí,144091,79607.754,sí,sí,sí,,pendiente,
dataset7_CLINIC_metal_0038_data,dataset7,20692.0,1.206369,30798,37153.75,sí,7029,8479.567,sí,4953,5975.145,sí,sí,sí,,pendiente,
dataset7_CLINIC_metal_0039_data,dataset7,6778.0,0.762107,17160,13077.763,sí,5494,4187.018,sí,2777,2116.372,sí,sí,sí,,pendiente,
dataset7_CLINIC_metal_0040_data,dataset7,20193.0,0.653713,83018,54269.94,sí,27602,18043.784,sí,21024,13743.661,sí,sí,sí,,pendiente,
dataset7_CLINIC_metal_0041_data,dataset7,15704.0,1.282185,48053,61612.845,sí,12090,15501.619,sí,8681,11130.65,sí,sí,sí,,pendiente,
dataset7_CLINIC_metal_0042_data,dataset7,18057.0,0.460893,206377,95117.697,sí,100169,46167.182,sí,72493,33411.51,sí,sí,sí,,pendiente,
dataset7_CLINIC_metal_0043_data,dataset7,18835.0,0.445318,221540,98655.733,sí,109442,48736.484,sí,79861,35563.535,sí,sí,sí,3b82dc1a5ca1be08bff0f44edeba807c50411adb3e1bc868dd8aedcfb060e0e4,resolver duplicado,
dataset7_CLINIC_metal_0044_data,dataset7,20136.0,0.600001,203333,122000.096,sí,102460,61476.149,sí,71281,42768.704,sí,sí,sí,,pendiente,
dataset7_CLINIC_metal_0045_data,dataset7,8078.0,0.484257,8429,4081.8,sí,2712,1313.304,sí,697,337.527,sí,sí,sí,,pendiente,
dataset7_CLINIC_metal_0046_data,dataset7,24340.0,0.447652,7575,3390.967,sí,6054,2710.088,sí,5222,2337.641,sí,sí,sí,cfb02190c13f8eebf070db9419c4223a0df32e7f96d7724b85a9a4c173999508,resolver duplicado,
dataset7_CLINIC_metal_0047_data,dataset7,19895.0,0.438107,315087,138041.75,sí,177507,77767.019,sí,135552,59386.25,sí,sí,sí,,pendiente,
dataset7_CLINIC_metal_0048_data,dataset7,20547.0,0.439292,14123,6204.115,sí,6442,2829.916,sí,2231,980.06,sí,sí,sí,,pendiente,
dataset7_CLINIC_metal_0049_data,dataset7,18319.0,0.675587,128097,86540.668,sí,62678,42344.442,sí,47662,32199.828,sí,sí,sí,,pendiente,
dataset7_CLINIC_metal_0050_data,dataset7,16268.0,0.474277,84849,40241.89,sí,19432,9216.142,sí,12410,5885.772,sí,sí,sí,,pendiente,
dataset7_CLINIC_metal_0051_data,dataset7,12157.0,0.522243,62768,32780.176,sí,27851,14545.002,sí,20870,10899.221,sí,sí,sí,,pendiente,
dataset7_CLINIC_metal_0052_data,dataset7,21442.0,0.761061,28802,21920.074,sí,13866,10552.87,sí,10947,8331.333,sí,sí,sí,,pendiente,
dataset7_CLINIC_metal_0053_data,dataset7,20024.0,0.537953,30694,16511.924,sí,18566,9987.632,sí,14518,7809.999,sí,sí,sí,,pendiente,
dataset7_CLINIC_metal_0054_data,dataset7,20802.0,0.49301,91031,44879.205,sí,51119,25202.185,sí,41873,20643.813,sí,sí,sí,,pendiente,
dataset7_CLINIC_metal_0055_data,dataset7,18415.0,0.7511,44424,33366.867,sí,26860,20174.546,sí,19837,14899.571,sí,sí,sí,,pendiente,
dataset7_CLINIC_metal_0056_data,dataset7,17790.0,0.43804,112561,49306.212,sí,36039,15786.521,sí,27781,12169.187,sí,sí,sí,,pendiente,
dataset7_CLINIC_metal_0057_data,dataset7,18224.0,0.547177,53345,29189.136,sí,30203,16526.375,sí,24101,13187.503,sí,sí,sí,,pendiente,
dataset7_CLINIC_metal_0058_data,dataset7,22732.0,0.438107,156613,68613.216,sí,69219,30325.313,sí,48714,21341.933,sí,sí,sí,,pendiente,
dataset7_CLINIC_metal_0059_data,dataset7,9194.0,0.498047,75395,37550.267,sí,60634,30198.592,sí,51129,25464.654,sí,sí,sí,,pendiente,
dataset7_CLINIC_metal_0060_data,dataset7,21054.0,0.43804,150127,65761.62,sí,102610,44947.277,sí,85229,37333.705,sí,sí,sí,,pendiente,
dataset7_CLINIC_metal_0061_data,dataset7,17129.0,0.572608,35849,20527.415,sí,3324,1903.348,sí,2736,1566.655,sí,sí,sí,be75f505cd2b74546e1d90f9a04a30a13a25f825f4cb52b25083ea546e080fec,resolver duplicado,
dataset7_CLINIC_metal_0062_data,dataset7,9849.0,0.43804,47876,20971.6,sí,11248,4927.073,sí,6578,2881.427,sí,sí,sí,,pendiente,
dataset7_CLINIC_metal_0063_data,dataset7,21233.0,0.489249,44766,21901.723,sí,31842,15578.668,sí,25753,12599.631,sí,sí,sí,,pendiente,
dataset7_CLINIC_metal_0064_data,dataset7,14389.0,0.32765,12584,4123.147,sí,993,325.356,sí,697,228.372,sí,sí,sí,62d23a1c4c010a8f3fb8296229190364e785c8eb836998aabb4c05d62468a4cc,resolver duplicado,
dataset7_CLINIC_metal_0065_data,dataset7,18816.0,0.557814,116248,64844.762,sí,68818,38387.644,sí,55046,30705.43,sí,sí,sí,,pendiente,
dataset7_CLINIC_metal_0066_data,dataset7,19684.0,0.474349,147640,70032.876,sí,87318,41419.2,sí,70080,33242.373,sí,sí,sí,,pendiente,
dataset7_CLINIC_metal_0067_data,dataset7,23519.0,0.55244,128984,71255.965,sí,36426,20123.192,sí,27771,15341.821,sí,sí,sí,,pendiente,
dataset7_CLINIC_metal_0068_data,dataset7,19380.0,0.762107,31772,24213.675,sí,3077,2345.004,sí,2712,2066.835,sí,sí,sí,,pendiente,
dataset7_CLINIC_metal_0069_data,dataset7,20399.0,0.547093,53823,29446.195,sí,26074,14264.907,sí,20678,11312.792,sí,sí,sí,,pendiente,
dataset7_CLINIC_metal_0070_data,dataset7,19662.0,0.615247,58598,36052.234,sí,10969,6748.643,sí,7790,4792.773,sí,sí,sí,,pendiente,
dataset7_CLINIC_metal_0071_data,dataset7,8814.0,0.498047,152129,75767.418,sí,77798,38747.074,sí,65925,32833.76,sí,sí,sí,,pendiente,
dataset7_CLINIC_metal_0072_data,dataset7,21192.0,0.538609,27049,14568.847,sí,3604,1941.148,sí,2640,1421.929,sí,sí,sí,,pendiente,
dataset7_CLINIC_metal_0073_data,dataset7,24970.0,0.600734,40342,24234.804,sí,16353,9823.8,sí,12841,7714.023,sí,sí,sí,,pendiente,
dataset7_CLINIC_metal_0074_data,dataset7,24340.0,0.447652,7575,3390.967,sí,6054,2710.088,sí,5222,2337.641,sí,sí,sí,cfb02190c13f8eebf070db9419c4223a0df32e7f96d7724b85a9a4c173999508,resolver duplicado,
