Caso,Dataset,HU máximo,n hueso,n metal,frac hueso > 2000 HU,MAE LW float (hueso),MAE MW float (hueso),MAE SW float (hueso),MAE oraculo float (hueso),MAE LW 16b (hueso),MAE MW 16b (hueso),MAE SW 16b (hueso),MAE oraculo 16b (hueso),MAE LW 8b (hueso),MAE MW 8b (hueso),MAE SW 8b (hueso),MAE oraculo 8b (hueso),MAE LW float (metal),MAE MW float (metal),MAE SW float (metal),MAE oraculo float (metal),MAE LW 16b (metal),MAE MW 16b (metal),MAE SW 16b (metal),MAE oraculo 16b (metal),MAE LW 8b (metal),MAE MW 8b (metal),MAE SW 8b (metal),MAE oraculo 8b (metal),Error
dataset6_CLINIC_0001_data,dataset6,5060.0,2412387,247,0.00013016153709997607,0.1596,63.2753,169.6376,0.1596,0.1711,63.2776,169.6381,0.1642,3.0863,63.8571,169.7612,1.3256,1491.8705,3011.8704,3251.8704,1491.8705,1491.8705,3011.8704,3251.8704,1491.8705,1491.8705,3011.8704,3251.8704,1491.8705,
dataset6_CLINIC_0002_data,dataset6,1631.0,1976888,0,0.0,0.0,58.7402,162.8909,0.0,0.0115,58.7426,162.8914,0.0043,2.9246,59.3453,163.017,1.0989,,,,,,,,,,,,,
dataset6_CLINIC_0003_data,dataset6,1695.0,2952596,0,0.0,0.0,91.5859,223.2713,0.0,0.0115,91.5879,223.2717,0.0054,2.933,92.1058,223.3508,1.386,,,,,,,,,,,,,
dataset6_CLINIC_0004_data,dataset6,1480.0,2353426,0,0.0,0.0,42.0712,136.7966,0.0,0.0115,42.0736,136.7971,0.0041,2.9267,42.6954,136.9257,1.049,,,,,,,,,,,,,
dataset6_CLINIC_0005_data,dataset6,22185.0,2022982,10979,0.005910581507892804,30.8092,88.874,186.9908,30.8092,30.8206,88.8764,186.9913,30.8135,33.7193,89.4738,187.1215,31.9063,5655.3862,7175.3857,7415.3857,5655.3862,5655.3862,7175.3857,7415.3857,5655.3862,5655.3862,7175.3857,7415.3857,5655.3862,
dataset6_CLINIC_0006_data,dataset6,1707.0,1013029,0,0.0,0.0,83.5111,182.8023,0.0,0.0115,83.5134,182.8028,0.0046,2.9199,84.0863,182.9492,1.17,,,,,,,,,,,,,
dataset6_CLINIC_0007_data,dataset6,30445.0,3010865,7633,0.00282875519161437,14.0426,121.8367,242.6112,14.0426,14.054,121.8388,242.6115,14.0478,16.963,122.361,242.7187,15.3844,5511.9067,7031.9067,7271.9067,5511.9067,5511.9067,7031.9067,7271.9067,5511.9067,5511.9067,7031.9067,7271.9067,5511.9067,
dataset6_CLINIC_0008_data,dataset6,4677.0,1764102,107,7.369188402938153e-05,0.0912,132.798,273.5589,0.0912,0.1027,132.7998,273.5592,0.0973,3.0217,133.2613,273.6413,1.6329,1441.4299,2961.4299,3201.4299,1441.4299,1441.4299,2961.4299,3201.4299,1441.4299,1441.4299,2961.4299,3201.4299,1441.4299,
dataset6_CLINIC_0009_data,dataset6,1717.0,1776258,0,0.0,0.0,107.2242,221.3995,0.0,0.0115,107.2263,221.4,0.0051,2.922,107.7596,221.5216,1.3048,,,,,,,,,,,,,
dataset6_CLINIC_0010_data,dataset6,1743.0,1660809,0,0.0,0.0,104.2845,206.7657,0.0,0.0115,104.2868,206.7662,0.0046,2.9231,104.8603,206.9054,1.1712,,,,,,,,,,,,,
dataset6_CLINIC_0011_data,dataset6,1700.0,2690512,0,0.0,0.0,124.2365,244.1419,0.0,0.0115,124.2387,244.1424,0.0052,2.9275,124.7629,244.2516,1.3416,,,,,,,,,,,,,
dataset6_CLINIC_0012_data,dataset6,1779.0,1301181,0,0.0,0.0,109.8556,222.2626,0.0,0.0115,109.8577,222.2629,0.0051,2.9256,110.3882,222.38,1.3177,,,,,,,,,,,,,
dataset6_CLINIC_0013_data,dataset6,1717.0,1616609,0,0.0,0.0,94.1228,207.4807,0.0,0.0115,94.1249,207.4811,0.0051,2.9284,94.662,207.5919,1.3063,,,,,,,,,,,,,
dataset6_CLINIC_0014_data,dataset6,1696.0,2124215,0,0.0,0.0,61.2696,162.1949,0.0,0.0115,61.2719,162.1954,0.0044,2.9288,61.8663,162.3239,1.1161,,,,,,,,,,,,,
dataset6_CLINIC_0015_data,dataset6,1677.0,1411307,0,0.0,0.0,107.3074,224.489,0.0,0.0115,107.3095,224.4894,0.0052,2.9234,107.8341,224.6017,1.3412,,,,,,,,,,,,,
dataset6_CLINIC_0016_data,dataset6,1736.0,2464568,0,0.0,0.0,109.3338,233.9519,0.0,0.0115,109.3358,233.9524,0.0054,2.9311,109.8441,234.0563,1.3924,,,,,,,,,,,,,
dataset6_CLINIC_0017_data,dataset6,7573.0,1846543,515,0.00041266301407549133,0.4968,90.0207,206.4479,0.4968,0.5083,90.0229,206.4483,0.502,3.4226,90.5555,206.5643,1.8082,1667.2311,3187.231,3427.231,1667.2311,1667.2311,3187.231,3427.231,1667.2311,1667.2311,3187.231,3427.231,1667.2311,
dataset6_CLINIC_0018_data,dataset6,1676.0,2075376,0,0.0,0.0,88.8909,200.6024,0.0,0.0115,88.8931,200.6029,0.0049,2.9279,89.4479,200.722,1.2478,,,,,,,,,,,,,
dataset6_CLINIC_0019_data,dataset6,7534.0,2804766,1251,0.0006731399339552747,0.9291,79.7228,186.6793,0.9291,0.9405,79.7251,186.6798,0.9337,3.8545,80.2959,186.7997,2.1259,1976.4796,3496.4797,3736.4797,1976.4796,1976.4796,3496.4797,3736.4797,1976.4796,1976.4796,3496.4797,3736.4797,1976.4796,
dataset6_CLINIC_0020_data,dataset6,1791.0,2778459,0,0.0,0.0,79.8597,194.9418,0.0,0.0115,79.8618,194.9422,0.0049,2.9282,80.4146,195.0562,1.2531,,,,,,,,,,,,,
dataset6_CLINIC_0021_data,dataset6,1749.0,2633793,0,0.0,0.0,98.7656,216.9246,0.0,0.0115,98.7676,216.925,0.0051,2.9282,99.3015,217.033,1.3153,,,,,,,,,,,,,
dataset6_CLINIC_0022_data,dataset6,1699.0,2604957,0,0.0,0.0,61.041,169.8415,0.0,0.0115,61.0433,169.842,0.0046,2.9302,61.6253,169.9466,1.1839,,,,,,,,,,,,,
dataset6_CLINIC_0023_data,dataset6,1720.0,2023740,0,0.0,0.0,88.6127,195.5922,0.0,0.0115,88.6149,195.5927,0.0048,2.9222,89.173,195.7225,1.2247,,,,,,,,,,,,,
dataset6_CLINIC_0024_data,dataset6,1682.0,2313387,0,0.0,0.0,76.3668,188.3407,0.0,0.0115,76.369,188.3412,0.005,2.9238,76.9147,188.4668,1.2686,,,,,,,,,,,,,
dataset6_CLINIC_0025_data,dataset6,1608.0,2888158,0,0.0,0.0,55.0879,148.345,0.0,0.0115,55.0903,148.3456,0.0041,2.9254,55.7117,148.4798,1.0429,,,,,,,,,,,,,
dataset6_CLINIC_0026_data,dataset6,1739.0,2134350,0,0.0,0.0,132.4121,253.7529,0.0,0.0115,132.4141,253.7533,0.0054,2.9296,132.9228,253.8531,1.3988,,,,,,,,,,,,,
dataset6_CLINIC_0027_data,dataset6,1661.0,2136165,0,0.0,0.0,82.6898,205.1032,0.0,0.0115,82.692,205.1036,0.0051,2.9256,83.2305,205.2038,1.3062,,,,,,,,,,,,,
dataset6_CLINIC_0028_data,dataset6,21133.0,2383064,491,0.0003126227411433348,0.9757,102.9836,213.6116,0.9757,0.9872,102.9858,213.6122,0.9806,3.8995,103.541,213.7298,2.2186,4633.0854,6153.0854,6393.0854,4633.0854,4633.0854,6153.0854,6393.0854,4633.0854,4633.0854,6153.0854,6393.0854,4633.0854,
dataset6_CLINIC_0029_data,dataset6,1677.0,2749124,0,0.0,0.0,99.4322,217.8286,0.0,0.0115,99.4343,217.829,0.0051,2.9255,99.97,217.944,1.3052,,,,,,,,,,,,,
dataset6_CLINIC_0030_data,dataset6,1728.0,2118358,0,0.0,0.0,111.4592,231.6974,0.0,0.0115,111.4613,231.6979,0.0053,2.929,111.9814,231.8079,1.3498,,,,,,,,,,,,,
dataset6_CLINIC_0031_data,dataset6,3984.0,2862443,180,9.04821510856286e-05,0.0819,68.891,177.84,0.0819,0.0934,68.8932,177.8405,0.0867,3.0086,69.4603,177.9611,1.293,1192.7,2712.7,2952.7,1192.7,1192.7,2712.7,2952.7,1192.7,1192.7,2712.7,2952.7,1192.7,
dataset6_CLINIC_0032_data,dataset6,1727.0,2506241,0,0.0,0.0,122.3238,243.9412,0.0,0.0115,122.3258,243.9416,0.0054,2.9281,122.837,244.0484,1.3837,,,,,,,,,,,,,
dataset6_CLINIC_0033_data,dataset6,1617.0,2437555,0,0.0,0.0,120.9639,233.4125,0.0,0.0115,120.966,233.4129,0.0051,2.9289,121.5016,233.5214,1.3136,,,,,,,,,,,,,
dataset6_CLINIC_0034_data,dataset6,1924.0,2579095,0,0.0,0.0,117.5916,238.8175,0.0,0.0115,117.5936,238.8181,0.0053,2.9162,118.1083,238.9334,1.362,,,,,,,,,,,,,
dataset6_CLINIC_0035_data,dataset6,1753.0,2354012,0,0.0,0.0,95.5815,219.6542,0.0,0.0115,95.5835,219.6547,0.0052,2.9327,96.1103,219.7554,1.3366,,,,,,,,,,,,,
dataset6_CLINIC_0036_data,dataset6,3395.0,4272960,22,1.7552235452707255e-05,0.0063,100.6085,215.0389,0.0063,0.0178,100.6106,215.0394,0.0114,2.9366,101.1536,215.1441,1.2984,745.9091,2265.9092,2505.9092,745.9091,745.9091,2265.9092,2505.9092,745.9091,745.9091,2265.9092,2505.9092,745.9091,
dataset6_CLINIC_0037_data,dataset6,17129.0,2541213,3324,0.001473705667332884,6.096,107.6257,210.6275,6.096,6.1075,107.628,210.6279,6.1008,9.0204,108.1943,210.7393,7.316,4628.5308,6148.5308,6388.5308,4628.5308,4628.5308,6148.5308,6388.5308,4628.5308,4628.5308,6148.5308,6388.5308,4628.5308,
dataset6_CLINIC_0038_data,dataset6,2470.0,1988696,0,9.252293965492966e-05,0.0193,70.2848,175.7061,0.0193,0.0307,70.287,175.7065,0.0239,2.945,70.8641,175.8258,1.201,,,,,,,,,,,,,
dataset6_CLINIC_0039_data,dataset6,3713.0,2028215,11770,0.013076029908071876,6.9098,153.861,286.3059,6.9098,6.9211,153.863,286.3062,6.9154,9.7981,154.3471,286.4018,8.341,922.9861,2442.9861,2682.9861,922.9861,922.9861,2442.9861,2682.9861,922.9861,922.9861,2442.9861,2682.9861,922.9861,
dataset6_CLINIC_0040_data,dataset6,3701.0,1758401,116,0.00010919011078815356,0.0793,110.5068,223.1423,0.0793,0.0908,110.509,223.1429,0.0844,3.0016,111.0441,223.264,1.3815,1044.7241,2564.7241,2804.7241,1044.7241,1044.7241,2564.7241,2804.7241,1044.7241,1044.7241,2564.7241,2804.7241,1044.7241,
dataset6_CLINIC_0041_data,dataset6,4859.0,3174188,256,0.00010049814314716079,0.123,70.9331,174.3235,0.123,0.1345,70.9354,174.3241,0.1275,3.0482,71.5179,174.4467,1.284,1453.0625,2973.0625,3213.0625,1453.0625,1453.0625,2973.0625,3213.0625,1453.0625,1453.0625,2973.0625,3213.0625,1453.0625,
dataset6_CLINIC_0042_data,dataset6,1672.0,2667969,0,0.0,0.0,78.4141,192.854,0.0,0.0115,78.4162,192.8545,0.005,2.9323,78.9694,192.9557,1.2647,,,,,,,,,,,,,
dataset6_CLINIC_0043_data,dataset6,2038.0,1700305,0,1.7643893301495907e-06,0.0,108.021,223.6853,0.0,0.0115,108.0231,223.6856,0.0052,2.9282,108.5594,223.7869,1.3179,,,,,,,,,,,,,
dataset6_CLINIC_0044_data,dataset6,1712.0,2610715,0,0.0,0.0,63.1031,157.546,0.0,0.0115,63.1055,157.5465,0.0043,2.9282,63.7141,157.6651,1.098,,,,,,,,,,,,,
dataset6_CLINIC_0045_data,dataset6,1775.0,3751187,0,0.0,0.0,89.7072,203.9231,0.0,0.0115,89.7094,203.9236,0.005,2.93,90.2562,204.0378,1.2781,,,,,,,,,,,,,
dataset6_CLINIC_0046_data,dataset6,1714.0,1828844,0,0.0,0.0,97.1105,214.4949,0.0,0.0115,97.1126,214.4953,0.0052,2.9239,97.6408,214.6175,1.3205,,,,,,,,,,,,,
dataset6_CLINIC_0047_data,dataset6,1703.0,2049866,0,0.0,0.0,54.1983,154.1038,0.0,0.0115,54.2007,154.1043,0.0044,2.9281,54.7966,154.2355,1.1142,,,,,,,,,,,,,
dataset6_CLINIC_0048_data,dataset6,18002.0,2922092,1589,0.0006005971064566071,2.591,76.7823,190.0498,2.591,2.6025,76.7845,190.0503,2.5958,5.515,77.3434,190.1632,3.8252,4739.2373,6259.2373,6499.2373,4739.2373,4739.2373,6259.2373,6499.2373,4739.2373,4739.2373,6259.2373,6499.2373,4739.2373,
dataset6_CLINIC_0049_data,dataset6,1756.0,1841320,0,0.0,0.0,112.9264,236.109,0.0,0.0115,112.9284,236.1094,0.0054,2.9295,113.4454,236.2091,1.3752,,,,,,,,,,,,,
dataset6_CLINIC_0050_data,dataset6,2249.0,2171333,0,9.210931717981535e-07,0.0001,80.8842,188.0374,0.0001,0.0116,80.8865,188.0379,0.0048,2.9283,81.4644,188.153,1.1807,,,,,,,,,,,,,
dataset6_CLINIC_0051_data,dataset6,1756.0,2622411,0,0.0,0.0,77.7567,176.3697,0.0,0.0115,77.7591,176.3701,0.0044,2.9287,78.3532,176.4877,1.1384,,,,,,,,,,,,,
dataset6_CLINIC_0052_data,dataset6,4426.0,2502266,59,3.756595022271813e-05,0.03,63.7146,162.6592,0.03,0.0415,63.7169,162.6597,0.0345,2.9577,64.3071,162.7883,1.1694,1121.322,2641.322,2881.322,1121.322,1121.322,2641.322,2881.322,1121.322,1121.322,2641.322,2881.322,1121.322,
dataset6_CLINIC_0053_data,dataset6,17162.0,2114544,961,0.0005315566855076082,1.2319,121.9467,249.13,1.2319,1.2433,121.9487,249.1304,1.2375,4.1553,122.4407,249.2314,2.6721,2669.4578,4189.458,4429.458,2669.4578,2669.4578,4189.458,4429.458,2669.4578,2669.4578,4189.458,4429.458,2669.4578,
dataset6_CLINIC_0054_data,dataset6,11341.0,2511259,1940,0.0008840187332330118,2.287,77.412,192.9852,2.287,2.2984,77.4142,192.9857,2.2918,5.2122,77.9723,193.0936,3.5306,2925.27,4445.27,4685.27,2925.27,2925.27,4445.27,4685.27,2925.27,2925.27,4445.27,4685.27,2925.27,
dataset6_CLINIC_0055_data,dataset6,1738.0,1767375,0,0.0,0.0,121.7444,240.9074,0.0,0.0115,121.7465,240.9079,0.0053,2.9282,122.2671,241.0152,1.354,,,,,,,,,,,,,
dataset6_CLINIC_0056_data,dataset6,5754.0,1639888,546,0.0004335661947645205,0.6104,129.6559,244.2158,0.6104,0.6218,129.6579,244.2162,0.6157,3.5337,130.1773,244.3261,1.9678,1757.4597,3277.4597,3517.4597,1757.4597,1757.4597,3277.4597,3517.4597,1757.4597,1757.4597,3277.4597,3517.4597,1757.4597,
dataset6_CLINIC_0057_data,dataset6,1924.0,2111563,0,0.0,0.0,108.6601,229.7643,0.0,0.0115,108.6621,229.7647,0.0054,2.9242,109.1725,229.8773,1.3783,,,,,,,,,,,,,
dataset6_CLINIC_0058_data,dataset6,2641.0,2410240,7,1.493627190653213e-05,0.0044,81.7306,195.2967,0.0044,0.0159,81.7327,195.2972,0.0094,2.9318,82.2834,195.4036,1.2768,599.8571,2119.8572,2359.8572,599.8571,599.8571,2119.8572,2359.8572,599.8571,599.8571,2119.8572,2359.8572,599.8571,
dataset6_CLINIC_0059_data,dataset6,1735.0,2386907,0,0.0,0.0,59.9074,158.0466,0.0,0.0115,59.9098,158.0471,0.0043,2.9246,60.5153,158.1759,1.0899,,,,,,,,,,,,,
dataset6_CLINIC_0060_data,dataset6,1634.0,2776557,0,0.0,0.0,56.4942,153.288,0.0,0.0115,56.4965,153.2884,0.0044,2.927,57.0947,153.4138,1.1197,,,,,,,,,,,,,
dataset6_CLINIC_0061_data,dataset6,1630.0,2181934,0,0.0,0.0,75.4471,180.5496,0.0,0.0115,75.4495,180.5501,0.0046,2.9282,76.032,180.6674,1.1686,,,,,,,,,,,,,
dataset6_CLINIC_0062_data,dataset6,1646.0,1690047,0,0.0,0.0,72.3019,179.449,0.0,0.0115,72.3042,179.4495,0.0047,2.9247,72.869,179.5739,1.2151,,,,,,,,,,,,,
dataset6_CLINIC_0063_data,dataset6,1626.0,1791385,0,0.0,0.0,84.1678,197.891,0.0,0.0115,84.1699,197.8915,0.005,2.9253,84.7144,198.0084,1.2807,,,,,,,,,,,,,
dataset6_CLINIC_0064_data,dataset6,1620.0,2576037,0,0.0,0.0,77.3967,201.584,0.0,0.0115,77.3989,201.5842,0.0051,2.9323,77.9458,201.6757,1.2898,,,,,,,,,,,,,
dataset6_CLINIC_0065_data,dataset6,1760.0,1406207,0,0.0,0.0,93.2134,202.5765,0.0,0.0115,93.2156,202.5771,0.0048,2.9255,93.7738,202.7083,1.2263,,,,,,,,,,,,,
dataset6_CLINIC_0066_data,dataset6,2589.0,2804906,5,1.105206377682532e-05,0.0031,94.3187,212.3065,0.0031,0.0146,94.3209,212.307,0.0083,2.9315,94.8542,212.4136,1.3231,549.0,2069.0,2309.0,549.0,549.0,2069.0,2309.0,549.0,549.0,2069.0,2309.0,549.0,
dataset6_CLINIC_0067_data,dataset6,9982.0,2050474,474,0.00029407834481198005,0.5617,91.2941,206.5773,0.5617,0.5732,91.2962,206.5777,0.5668,3.4875,91.835,206.6906,1.8585,2362.8796,3882.8796,4122.8799,2362.8796,2362.8796,3882.8796,4122.8799,2362.8796,2362.8796,3882.8796,4122.8799,2362.8796,
dataset6_CLINIC_0068_data,dataset6,2701.0,1533847,1,2.1514531762294413e-05,0.0044,82.5135,191.0359,0.0044,0.0159,82.5158,191.0363,0.0092,2.9307,83.0769,191.1572,1.2336,701.0,2221.0,2461.0,701.0,701.0,2221.0,2461.0,701.0,701.0,2221.0,2461.0,701.0,
dataset6_CLINIC_0069_data,dataset6,21457.0,1944940,11097,0.013106831059055806,28.6694,157.8444,273.7163,28.6694,28.6807,157.8464,273.7167,28.6745,31.5554,158.369,273.8398,29.9656,4801.6763,6321.6763,6561.6763,4801.6763,4801.6763,6321.6763,6561.6763,4801.6763,4801.6763,6321.6763,6561.6763,4801.6763,
dataset6_CLINIC_0070_data,dataset6,14389.0,2922907,993,0.0004071289302054427,1.1248,85.6127,193.8891,1.1248,1.1363,85.6149,193.8894,1.1296,4.0547,86.1803,193.9951,2.3551,3263.4583,4783.458,5023.458,3263.4583,3263.4583,4783.458,5023.458,3263.4583,3263.4583,4783.458,5023.458,3263.4583,
dataset6_CLINIC_0071_data,dataset6,5237.0,1815181,249,0.00016857822993960383,0.2478,101.4862,205.5825,0.2478,0.2592,101.4883,205.583,0.2525,3.1678,102.0527,205.7129,1.459,1750.9478,3270.9478,3510.9478,1750.9478,1750.9478,3270.9478,3510.9478,1750.9478,1750.9478,3270.9478,3510.9478,1750.9478,
dataset6_CLINIC_0072_data,dataset6,10637.0,2037040,481,0.0003239995287279582,0.5871,89.3855,203.4963,0.5871,0.5985,89.3877,203.4966,0.5919,3.5163,89.9514,203.5952,1.8303,2393.2744,3913.2744,4153.2744,2393.2744,2393.2744,3913.2744,4153.2744,2393.2744,2393.2744,3913.2744,4153.2744,2393.2744,
dataset6_CLINIC_0073_data,dataset6,1943.0,1816116,0,0.0,0.0,104.7967,211.5924,0.0,0.0115,104.7989,211.593,0.0049,2.9212,105.3503,211.7252,1.242,,,,,,,,,,,,,
dataset6_CLINIC_0074_data,dataset6,2540.0,2865708,1,3.210375935021991e-05,0.0037,68.0888,170.2425,0.0037,0.0151,68.0911,170.243,0.0081,2.9321,68.6906,170.3568,1.1288,540.0,2060.0,2300.0,540.0,540.0,2060.0,2300.0,540.0,540.0,2060.0,2300.0,540.0,
dataset6_CLINIC_0075_data,dataset6,7292.0,3327909,1249,0.00046034912613295616,0.6661,124.5962,262.7654,0.6661,0.6775,124.5982,262.7657,0.6718,3.5984,125.0863,262.84,2.1375,1715.1161,3235.1162,3475.1162,1715.1161,1715.1161,3235.1162,3475.1162,1715.1161,1715.1161,3235.1162,3475.1162,1715.1161,
dataset6_CLINIC_0076_data,dataset6,9741.0,2197804,1591,0.0008786042795444908,1.7147,78.4804,181.0449,1.7147,1.7261,78.4827,181.0455,1.7192,4.638,79.0644,181.1666,2.8811,2317.1042,3837.1042,4077.1042,2317.1042,2317.1042,3837.1042,4077.1042,2317.1042,2317.1042,3837.1042,4077.1042,2317.1042,
dataset6_CLINIC_0077_data,dataset6,3077.0,1526738,151,0.00034321540434573583,0.1194,116.866,231.887,0.1194,0.1309,116.8681,231.8876,0.1247,3.0419,117.3914,232.0081,1.4546,739.3311,2259.3311,2499.3311,739.3311,739.3311,2259.3311,2499.3311,739.3311,739.3311,2259.3311,2499.3311,739.3311,
dataset6_CLINIC_0078_data,dataset6,3321.0,2812104,35,3.98278299806835e-05,0.0161,101.7324,219.7634,0.0161,0.0276,101.7345,219.7639,0.0213,2.9452,102.2668,219.8686,1.3393,873.1429,2393.1428,2633.1428,873.1429,873.1429,2393.1428,2633.1428,873.1429,873.1429,2393.1428,2633.1428,873.1429,
dataset6_CLINIC_0079_data,dataset6,1656.0,2836497,0,0.0,0.0,75.6942,178.7569,0.0,0.0115,75.6965,178.7574,0.0045,2.9283,76.2802,178.8864,1.1528,,,,,,,,,,,,,
dataset6_CLINIC_0080_data,dataset6,13843.0,2546668,418,0.00019280094617751508,0.6764,103.3232,224.3038,0.6764,0.6878,103.3253,224.3041,0.6816,3.6031,103.8518,224.4099,2.0153,4081.7703,5601.7705,5841.7705,4081.7703,4081.7703,5601.7705,5841.7705,4081.7703,4081.7703,5601.7705,5841.7705,4081.7703,
dataset6_CLINIC_0081_data,dataset6,1625.0,2578944,0,0.0,0.0,64.3085,164.5765,0.0,0.0115,64.3109,164.577,0.0044,2.9281,64.9077,164.6862,1.1386,,,,,,,,,,,,,
dataset6_CLINIC_0082_data,dataset6,1740.0,1682301,0,0.0,0.0,90.057,189.7429,0.0,0.0115,90.0593,189.7436,0.0046,2.9205,90.6337,189.8815,1.1733,,,,,,,,,,,,,
dataset6_CLINIC_0083_data,dataset6,1741.0,2320065,0,0.0,0.0,116.4456,246.1695,0.0,0.0115,116.4475,246.17,0.0056,2.9294,116.9462,246.267,1.4256,,,,,,,,,,,,,
dataset6_CLINIC_0084_data,dataset6,3062.0,2290388,327,0.00019952951203027608,0.1344,95.3276,210.3655,0.1344,0.1459,95.3297,210.3659,0.1394,3.0606,95.8696,210.4868,1.4233,833.9755,2353.9756,2593.9756,833.9755,833.9755,2353.9756,2593.9756,833.9755,833.9755,2353.9756,2593.9756,833.9755,
dataset6_CLINIC_0085_data,dataset6,1750.0,1699140,0,0.0,0.0,82.631,188.5567,0.0,0.0115,82.6333,188.5572,0.0046,2.9277,83.208,188.6898,1.1751,,,,,,,,,,,,,
dataset6_CLINIC_0086_data,dataset6,1669.0,2285099,0,0.0,0.0,79.3436,184.4613,0.0,0.0115,79.3458,184.4618,0.0048,2.9206,79.9071,184.5896,1.2195,,,,,,,,,,,,,
dataset6_CLINIC_0087_data,dataset6,1737.0,2229361,0,0.0,0.0,141.352,275.9075,0.0,0.0115,141.3538,275.9079,0.0057,2.9273,141.8375,276.0041,1.4637,,,,,,,,,,,,,
dataset6_CLINIC_0088_data,dataset6,1808.0,2057646,0,0.0,0.0,78.8687,173.2998,0.0,0.0115,78.871,173.3002,0.0044,2.9239,79.4717,173.4227,1.1167,,,,,,,,,,,,,
dataset6_CLINIC_0089_data,dataset6,10676.0,2678815,833,0.00036657999899209165,0.903,68.6946,168.8169,0.903,0.9145,68.6969,168.8174,0.9075,3.8252,69.2801,168.9509,2.0562,2861.8523,4381.8525,4621.8525,2861.8523,2861.8523,4381.8525,4621.8525,2861.8523,2861.8523,4381.8525,4621.8525,2861.8523,
dataset6_CLINIC_0090_data,dataset6,2470.0,2060424,0,8.93020077420958e-05,0.0186,69.4997,174.9709,0.0186,0.0301,69.502,174.9713,0.0232,2.9443,70.0796,175.0903,1.1992,,,,,,,,,,,,,
dataset6_CLINIC_0091_data,dataset6,18879.0,1635786,4844,0.0032583724276891964,14.926,118.4833,245.1774,14.926,14.9374,118.4853,245.1778,14.9313,17.8488,118.9986,245.2784,16.2989,5017.3174,6537.3169,6777.3169,5017.3174,5017.3174,6537.3169,6777.3169,5017.3174,5017.3174,6537.3169,6777.3169,5017.3174,
dataset6_CLINIC_0092_data,dataset6,1859.0,2068394,0,0.0,0.0,74.6088,181.139,0.0,0.0115,74.6112,181.1394,0.0045,2.9218,75.1932,181.2678,1.1549,,,,,,,,,,,,,
dataset6_CLINIC_0093_data,dataset6,16682.0,3011392,999,0.0003672720124115359,1.8338,85.9693,201.4809,1.8338,1.8452,85.9715,201.4814,1.8386,4.7599,86.5375,201.5852,3.063,5503.9829,7023.9829,7263.9829,5503.9829,5503.9829,7023.9829,7263.9829,5503.9829,5503.9829,7023.9829,7263.9829,5503.9829,
dataset6_CLINIC_0094_data,dataset6,1795.0,2354687,0,0.0,0.0,95.2573,206.589,0.0,0.0115,95.2595,206.5894,0.0049,2.9223,95.8077,206.7175,1.2572,,,,,,,,,,,,,
dataset6_CLINIC_0095_data,dataset6,1928.0,1460108,0,0.0,0.0,81.2757,178.1024,0.0,0.0115,81.278,178.1029,0.0045,2.9223,81.8631,178.2333,1.1524,,,,,,,,,,,,,
dataset6_CLINIC_0096_data,dataset6,1701.0,1738823,0,0.0,0.0,104.3031,214.629,0.0,0.0115,104.3053,214.6295,0.005,2.9257,104.8545,214.7392,1.2718,,,,,,,,,,,,,
dataset6_CLINIC_0097_data,dataset6,2781.0,1087750,20,9.193288899103655e-05,0.0288,130.6238,259.0609,0.0288,0.0403,130.6257,259.0614,0.0345,2.9585,131.1165,259.1613,1.4763,602.4,2122.3999,2362.3999,602.4,602.4,2122.3999,2362.3999,602.4,602.4,2122.3999,2362.3999,602.4,
dataset6_CLINIC_0098_data,dataset6,1772.0,2115827,0,0.0,0.0,132.4224,260.3559,0.0,0.0115,132.4243,260.3563,0.0057,2.9305,132.9144,260.4545,1.4536,,,,,,,,,,,,,
dataset6_CLINIC_0099_data,dataset6,1984.0,2681293,0,0.0,0.0,127.2271,258.6585,0.0,0.0115,127.229,258.6588,0.0057,2.9316,127.7234,258.7388,1.4573,,,,,,,,,,,,,
dataset6_CLINIC_0100_data,dataset6,1609.0,2528683,0,0.0,0.0,92.7975,206.8529,0.0,0.0115,92.7997,206.8533,0.0049,2.9275,93.3531,206.9665,1.2571,,,,,,,,,,,,,
dataset6_CLINIC_0101_data,dataset6,1624.0,1515773,0,0.0,0.0,63.812,165.3615,0.0,0.0115,63.8142,165.362,0.0046,2.9255,64.3894,165.4983,1.1776,,,,,,,,,,,,,
dataset6_CLINIC_0102_data,dataset6,15467.0,1449698,1870,0.0014299529971069837,5.9105,71.053,168.9849,5.9105,5.9219,71.0553,168.9854,5.9149,8.8279,71.6466,169.1148,7.043,4558.0039,6078.0039,6318.0039,4558.0039,4558.0039,6078.0039,6318.0039,4558.0039,4558.0039,6078.0039,6318.0039,4558.0039,
dataset6_CLINIC_0103_data,dataset6,1643.0,3791664,0,0.0,0.0,96.3623,209.9346,0.0,0.0115,96.3646,209.9351,0.0049,2.9277,96.9211,210.0515,1.243,,,,,,,,,,,,,
dataset7_CLINIC_metal_0000_data,dataset7,19828.0,3365547,115076,0.039840180511518636,156.7277,274.4828,369.3219,156.7277,156.7389,274.4851,369.3224,156.7316,159.5338,275.0851,369.4498,157.7244,4545.2568,6065.2568,6305.2568,4545.2568,4545.2568,6065.2568,6305.2568,4545.2568,4545.2568,6065.2568,6305.2568,4545.2568,
dataset7_CLINIC_metal_0001_data,dataset7,19864.0,2531388,23662,0.010712304869897464,48.4243,128.0446,218.5612,48.4243,48.4358,128.047,218.5618,48.4284,51.3165,128.6594,218.6891,49.4694,5146.2095,6666.209,6906.209,5146.2095,5146.2095,6666.209,6906.209,5146.2095,5146.2095,6666.209,6906.209,5146.2095,
dataset7_CLINIC_metal_0002_data,dataset7,7274.0,2700789,17909,0.008312756013150232,16.0015,113.1763,205.5302,16.0015,16.0128,113.1787,205.5308,16.0057,18.9026,113.7725,205.6677,17.1001,2350.626,3870.626,4110.626,2350.626,2350.626,3870.626,4110.626,2350.626,2350.626,3870.626,4110.626,2350.626,
dataset7_CLINIC_metal_0003_data,dataset7,18605.0,3140833,40111,0.014855294757791961,59.2165,184.8107,295.1984,59.2165,59.2279,184.8128,295.1989,59.2214,62.0974,185.3538,295.3159,60.462,4599.0859,6119.0859,6359.0864,4599.0859,4599.0859,6119.0859,6359.0864,4599.0859,4599.0859,6119.0859,6359.0864,4599.0859,
dataset7_CLINIC_metal_0004_data,dataset7,18283.0,2536308,9469,0.004885447666450605,15.6094,111.4567,204.6221,15.6094,15.6208,111.4589,204.6227,15.6138,18.5192,112.0427,204.7631,16.7442,4107.7114,5627.7114,5867.7114,4107.7114,4107.7114,5627.7114,5867.7114,4107.7114,4107.7114,5627.7114,5867.7114,4107.7114,
dataset7_CLINIC_metal_0005_data,dataset7,24359.0,2276174,12060,0.006479733095975966,20.5893,105.8438,204.9093,20.5893,20.6007,105.8461,204.9097,20.5938,23.498,106.4284,205.0146,21.7547,3834.9453,5354.9453,5594.9453,3834.9453,3834.9453,5354.9453,5594.9453,3834.9453,3834.9453,5354.9453,5594.9453,3834.9453,
dataset7_CLINIC_metal_0006_data,dataset7,19227.0,2122724,32687,0.01777857130743328,71.9052,179.821,281.5775,71.9052,71.9165,179.8231,281.578,71.9096,74.7793,180.4007,281.6921,73.0448,4633.1841,6153.1836,6393.1841,4633.1841,4633.1841,6153.1836,6393.1841,4633.1841,4633.1841,6153.1836,6393.1841,4633.1841,
dataset7_CLINIC_metal_0007_data,dataset7,17265.0,3147573,37451,0.014405702425328976,41.0211,171.9978,282.3062,41.0211,41.0324,172.0001,282.3066,41.0259,43.9068,172.543,282.4183,42.2689,3398.0896,4918.0898,5158.0898,3398.0896,3398.0896,4918.0898,5158.0898,3398.0896,3398.0896,4918.0898,5158.0898,3398.0896,
dataset7_CLINIC_metal_0008_data,dataset7,7596.0,2424325,5564,0.003906654429583492,3.8675,55.9155,137.0561,3.8675,3.879,55.9181,137.0566,3.8713,6.7813,56.5575,137.1951,4.8466,1522.6538,3042.6538,3282.6538,1522.6538,1522.6538,3042.6538,3282.6538,1522.6538,1522.6538,3042.6538,3282.6538,1522.6538,
dataset7_CLINIC_metal_0009_data,dataset7,7841.0,3378016,41001,0.014465295605467825,31.3482,110.1026,203.6708,31.3482,31.3595,110.105,203.6714,31.3523,34.2287,110.7084,203.8052,32.4045,2537.0605,4057.0608,4297.061,2537.0605,2537.0605,4057.0608,4297.061,2537.0605,2537.0605,4057.0608,4297.061,2537.0605,
dataset7_CLINIC_metal_0010_data,dataset7,3678.0,2751099,5249,0.0027116436013389558,2.102,81.5474,176.5961,2.102,2.1135,81.5498,176.5966,2.1064,5.0161,82.1448,176.7255,3.221,996.1038,2516.1038,2756.1038,996.1038,996.1038,2516.1038,2756.1038,996.1038,996.1038,2516.1038,2756.1038,996.1038,
dataset7_CLINIC_metal_0011_data,dataset7,17468.0,3002257,77774,0.03226938932942783,94.4291,254.6402,386.8524,94.4291,94.4401,254.6421,386.8528,94.4344,97.2598,255.1257,386.9482,95.8065,3588.7959,5108.7959,5348.7959,3588.7959,3588.7959,5108.7959,5348.7959,3588.7959,3588.7959,5108.7959,5348.7959,3588.7959,
dataset7_CLINIC_metal_0012_data,dataset7,15191.0,3524877,35978,0.012896336524650364,30.992,156.7153,267.9953,30.992,31.0033,156.7173,267.9958,30.9969,33.8803,157.2511,268.1123,32.2657,2975.4043,4495.4043,4735.4043,2975.4043,2975.4043,4495.4043,4735.4043,2975.4043,2975.4043,4495.4043,4735.4043,2975.4043,
dataset7_CLINIC_metal_0013_data,dataset7,18835.0,3491210,109442,0.04492969486223974,162.9869,328.3481,439.4961,162.9869,162.998,328.3504,439.4965,162.9913,165.7787,328.8987,439.6164,164.1202,5121.8457,6641.8452,6881.8457,5121.8457,5121.8457,6641.8452,6881.8457,5121.8457,5121.8457,6641.8452,6881.8457,5121.8457,
dataset7_CLINIC_metal_0014_data,dataset7,8596.0,2331078,15821,0.007970990245714644,20.1071,168.421,315.3272,20.1071,20.1185,168.4227,315.3275,20.1133,23.0142,168.8619,315.4043,21.6959,2921.5593,4441.5596,4681.5596,2921.5593,2921.5593,4441.5596,4681.5596,2921.5593,2921.5593,4441.5596,4681.5596,2921.5593,
dataset7_CLINIC_metal_0015_data,dataset7,21417.0,2713490,39294,0.017006880438107382,82.4226,247.9651,390.2106,82.4226,82.434,247.9668,390.2109,82.4287,85.3004,248.4112,390.3018,83.9596,5652.4609,7172.4609,7412.4609,5652.4609,5652.4609,7172.4609,7412.4609,5652.4609,5652.4609,7172.4609,7412.4609,5652.4609,
dataset7_CLINIC_metal_0016_data,dataset7,8445.0,2383023,22410,0.01115557843965417,24.5961,117.4546,232.8063,24.5961,24.6075,117.4568,232.8068,24.601,27.4862,117.9971,232.9265,25.8521,2570.3611,4090.3611,4330.3608,2570.3611,2570.3611,4090.3611,4330.3608,2570.3611,2570.3611,4090.3611,4330.3608,2570.3611,
dataset7_CLINIC_metal_0017_data,dataset7,17863.0,2956791,45137,0.018167330731187967,52.6874,193.7709,313.5855,52.6874,52.6987,193.7729,313.5858,52.6925,55.5644,194.298,313.6799,53.9911,3406.7874,4926.7876,5166.7871,3406.7874,3406.7874,4926.7876,5166.7871,3406.7874,3406.7874,4926.7876,5166.7871,3406.7874,
dataset7_CLINIC_metal_0018_data,dataset7,20146.0,2985643,13624,0.005852675621298327,24.4173,124.9098,228.2166,24.4173,24.4288,124.9121,228.2171,24.4219,27.3289,125.4882,228.3266,25.5994,5283.54,6803.5396,7043.5396,5283.54,5283.54,6803.5396,7043.5396,5283.54,5283.54,6803.5396,7043.5396,5283.54,
dataset7_CLINIC_metal_0019_data,dataset7,9219.0,3318422,86431,0.028368001417541228,93.0116,238.6633,347.3368,93.0116,93.0228,238.6654,347.3371,93.0163,95.8566,239.2095,347.4569,94.208,3549.3884,5069.3882,5309.3882,3549.3884,3549.3884,5069.3882,5309.3882,3549.3884,3549.3884,5069.3882,5309.3882,3549.3884,
dataset7_CLINIC_metal_0020_data,dataset7,9248.0,2430840,63030,0.028509897813101644,87.6435,212.7822,319.3762,87.6435,87.6547,212.7845,319.3767,87.648,90.4855,213.3391,319.5002,88.803,3356.0691,4876.0698,5116.0698,3356.0691,3356.0691,4876.0698,5116.0698,3356.0691,3356.0691,4876.0698,5116.0698,3356.0691,
dataset7_CLINIC_metal_0021_data,dataset7,15191.0,3524877,35978,0.012896336524650364,30.992,156.7153,267.9953,30.992,31.0033,156.7173,267.9958,30.9969,33.8803,157.2511,268.1123,32.2657,2975.4043,4495.4043,4735.4043,2975.4043,2975.4043,4495.4043,4735.4043,2975.4043,2975.4043,4495.4043,4735.4043,2975.4043,
dataset7_CLINIC_metal_0022_data,dataset7,7786.0,2027369,16689,0.00974563584626183,17.6034,148.8248,253.7792,17.6034,17.6148,148.827,253.7798,17.6082,20.5036,149.3814,253.8994,18.8263,2093.3965,3613.3965,3853.3965,2093.3965,2093.3965,3613.3965,3853.3965,2093.3965,2093.3965,3613.3965,3853.3965,2093.3965,
dataset7_CLINIC_metal_0023_data,dataset7,18782.0,2949919,89877,0.03912276913366096,150.2794,347.3931,462.8443,150.2794,150.2905,347.395,462.8449,150.2844,153.0932,347.9021,462.9606,151.5532,4876.2915,6396.2915,6636.2915,4876.2915,4876.2915,6396.2915,6636.2915,4876.2915,4876.2915,6396.2915,6636.2915,4876.2915,
dataset7_CLINIC_metal_0024_data,dataset7,21221.0,1432480,7442,0.00722243940578577,20.5168,140.3993,266.9239,20.5168,20.5282,140.4012,266.9243,20.5223,23.4216,140.8981,267.0291,21.9214,3855.7371,5375.7373,5615.7373,3855.7371,3855.7371,5375.7373,5615.7373,3855.7371,3855.7371,5375.7373,5615.7373,3855.7371,
dataset7_CLINIC_metal_0025_data,dataset7,18822.0,2860718,33299,0.013601480467491028,46.3633,152.5504,254.3811,46.3633,46.3747,152.5526,254.3815,46.3678,49.2494,153.1278,254.4976,47.5177,3943.4617,5463.4614,5703.4609,3943.4617,3943.4617,5463.4614,5703.4609,3943.4617,3943.4617,5463.4614,5703.4609,3943.4617,
dataset7_CLINIC_metal_0026_data,dataset7,22724.0,2235064,22031,0.01184977253447776,43.4494,163.131,267.7825,43.4494,43.4608,163.1332,267.7828,43.4541,46.3428,163.697,267.8799,44.6597,4363.2241,5883.2241,6123.2241,4363.2241,4363.2241,5883.2241,6123.2241,4363.2241,4363.2241,5883.2241,6123.2241,4363.2241,
dataset7_CLINIC_metal_0027_data,dataset7,18873.0,2183643,25530,0.014092505047757348,52.0344,145.4288,237.8698,52.0344,52.0457,145.4311,237.8703,52.0385,54.9206,146.0395,237.9853,53.093,4404.356,5924.3555,6164.3555,4404.356,4404.356,5924.3555,6164.3555,4404.356,4404.356,5924.3555,6164.3555,4404.356,
dataset7_CLINIC_metal_0028_data,dataset7,19090.0,2929585,48713,0.01969323300057858,78.5433,172.515,270.5711,78.5433,78.5545,172.5173,270.5716,78.5474,81.4135,173.1145,270.6903,79.6161,4680.6611,6200.6616,6440.6611,4680.6611,4680.6611,6200.6616,6440.6611,4680.6611,4680.6611,6200.6616,6440.6611,4680.6611,
dataset7_CLINIC_metal_0029_data,dataset7,20549.0,4263992,45246,0.012397537331214506,52.0936,175.5036,285.6999,52.0936,52.105,175.5056,285.7003,52.0985,54.9848,176.0477,285.813,53.3488,4870.4775,6390.4775,6630.4775,4870.4775,4870.4775,6390.4775,6630.4775,4870.4775,4870.4775,6390.4775,6630.4775,4870.4775,
dataset7_CLINIC_metal_0030_data,dataset7,21371.0,4184869,32041,0.009317615437902596,22.9624,132.1973,241.4425,22.9624,22.9738,132.1995,241.4427,22.9671,25.8639,132.7713,241.5256,24.1695,2947.1445,4467.1445,4707.1445,2947.1445,2947.1445,4467.1445,4707.1445,2947.1445,2947.1445,4467.1445,4707.1445,2947.1445,
dataset7_CLINIC_metal_0031_data,dataset7,19448.0,3792122,36376,0.01104974998167253,47.0208,125.7116,217.0181,47.0208,47.0323,125.714,217.0186,47.0249,49.9117,126.3194,217.1541,48.0798,4866.334,6386.334,6626.334,4866.334,4866.334,6386.334,6626.334,4866.334,4866.334,6386.334,6626.334,4866.334,
dataset7_CLINIC_metal_0032_data,dataset7,19918.0,2719006,32366,0.013770841255958979,61.8967,184.2843,309.5558,61.8967,61.908,184.2863,309.5562,61.9019,64.7869,184.8022,309.6479,63.2404,5163.6191,6683.6191,6923.6191,5163.6191,5163.6191,6683.6191,6923.6191,5163.6191,5163.6191,6683.6191,6923.6191,5163.6191,
dataset7_CLINIC_metal_0033_data,dataset7,6979.0,2247411,6854,0.004207063149552975,5.6184,77.4423,163.838,5.6184,5.6298,77.4449,163.8386,5.6224,8.5293,78.0655,163.9782,6.6499,1751.8586,3271.8589,3511.8589,1751.8586,1751.8586,3271.8589,3511.8589,1751.8586,1751.8586,3271.8589,3511.8589,1751.8586,
dataset7_CLINIC_metal_0034_data,dataset7,17468.0,3000022,77774,0.032293429848181114,94.4994,254.7638,386.9809,94.4994,94.5105,254.7657,386.9814,94.5047,97.33,255.2493,387.0765,95.8768,3588.7959,5108.7959,5348.7959,3588.7959,3588.7959,5108.7959,5348.7959,3588.7959,3588.7959,5108.7959,5348.7959,3588.7959,
dataset7_CLINIC_metal_0035_data,dataset7,14785.0,3860320,4023,0.0020052741741617276,1.663,73.3919,169.2671,1.663,1.6744,73.3942,169.2676,1.6673,4.5855,73.995,169.3891,2.7741,1384.8422,2904.842,3144.842,1384.8422,1384.8422,2904.842,3144.842,1384.8422,1384.8422,2904.842,3144.842,1384.8422,
dataset7_CLINIC_metal_0036_data,dataset7,18002.0,2922092,1589,0.0006005971064566071,2.591,76.7823,190.0498,2.591,2.6025,76.7845,190.0503,2.5958,5.515,77.3434,190.1632,3.8252,4739.2373,6259.2373,6499.2373,4739.2373,4739.2373,6259.2373,6499.2373,4739.2373,4739.2373,6259.2373,6499.2373,4739.2373,
dataset7_CLINIC_metal_0037_data,dataset7,22999.0,4191721,179296,0.04986066582198577,204.537,345.6847,452.8692,204.537,204.5477,345.6868,452.8695,204.5407,207.3176,346.2668,452.9558,205.5969,4742.748,6262.748,6502.748,4742.748,4742.748,6262.748,6502.748,4742.748,4742.748,6262.748,6502.748,4742.748,
dataset7_CLINIC_metal_0038_data,dataset7,20692.0,1733813,7029,0.005273925158018771,13.7339,108.628,210.7095,13.7339,13.7453,108.6303,210.7099,13.7385,16.6478,109.2068,210.8057,14.9246,3331.574,4851.5737,5091.5737,3331.574,3331.574,4851.5737,5091.5737,3331.574,3331.574,4851.5737,5091.5737,3331.574,
dataset7_CLINIC_metal_0039_data,dataset7,6778.0,1743176,5494,0.004060404686617989,5.456,94.9763,214.1937,5.456,5.4674,94.9784,214.1942,5.4611,8.368,95.5114,214.3066,6.7592,1657.7194,3177.7192,3417.7192,1657.7194,1657.7194,3177.7192,3417.7192,1657.7194,1657.7194,3177.7192,3417.7192,1657.7194,
dataset7_CLINIC_metal_0040_data,dataset7,20193.0,2132593,27602,0.016033063974232306,62.5949,222.2803,362.1539,62.5949,62.6062,222.2821,362.1543,62.6007,65.4764,222.7418,362.2432,64.0931,4782.2324,6302.2324,6542.2324,4782.2324,4782.2324,6302.2324,6542.2324,4782.2324,4782.2324,6302.2324,6542.2324,4782.2324,
dataset7_CLINIC_metal_0041_data,dataset7,15704.0,1421143,12090,0.011586448372894213,28.5922,160.4962,265.9384,28.5922,28.6035,160.4984,265.9388,28.597,31.486,161.0463,266.0456,29.8369,3300.6333,4820.6333,5060.6333,3300.6333,3300.6333,4820.6333,5060.6333,3300.6333,3300.6333,4820.6333,5060.6333,3300.6333,
dataset7_CLINIC_metal_0042_data,dataset7,18057.0,3582989,100169,0.03469477578636161,115.6545,319.1312,472.2333,115.6545,115.6656,319.1328,472.2336,115.6607,118.4847,319.5533,472.2971,117.2348,4079.9146,5599.9141,5839.9141,4079.9146,4079.9146,5599.9141,5839.9141,4079.9146,4079.9146,5599.9141,5839.9141,4079.9146,
dataset7_CLINIC_metal_0043_data,dataset7,18835.0,3491210,109442,0.04492969486223974,162.9869,328.3481,439.4961,162.9869,162.998,328.3504,439.4965,162.9913,165.7787,328.8987,439.6164,164.1202,5121.8457,6641.8452,6881.8457,5121.8457,5121.8457,6641.8452,6881.8457,5121.8457,5121.8457,6641.8452,6881.8457,5121.8457,
dataset7_CLINIC_metal_0044_data,dataset7,20136.0,2796744,102460,0.05280032780976736,166.9976,333.3561,435.4679,166.9976,167.0086,333.358,435.4683,167.0018,169.7665,333.9184,435.6004,168.0649,4462.5015,5982.5015,6222.5015,4462.5015,4462.5015,5982.5015,6222.5015,4462.5015,4462.5015,5982.5015,6222.5015,4462.5015,
dataset7_CLINIC_metal_0045_data,dataset7,8078.0,3033412,2712,0.0018019312905731236,1.3553,40.6877,119.7566,1.3553,1.3668,40.6903,119.7572,1.359,4.2741,41.3414,119.9008,2.3052,1265.9192,2785.9192,3025.9192,1265.9192,1265.9192,2785.9192,3025.9192,1265.9192,1265.9192,2785.9192,3025.9192,1265.9192,
dataset7_CLINIC_metal_0046_data,dataset7,24340.0,2528536,6054,0.0026145564073440123,16.0061,66.0459,159.9922,16.0061,16.0175,66.0484,159.9928,16.0102,18.9209,66.6619,160.1265,17.0641,6663.2852,8183.2852,8423.2852,6663.2852,6663.2852,8183.2852,8423.2852,6663.2852,6663.2852,8183.2852,8423.2852,6663.2852,
dataset7_CLINIC_metal_0047_data,dataset7,19895.0,3485436,177507,0.06547559616644805,274.4944,468.8138,572.6131,274.4944,274.5053,468.8158,572.6135,274.4988,277.2219,469.3626,572.7316,275.5743,5324.3691,6844.3696,7084.3691,5324.3691,5324.3691,6844.3696,7084.3691,5324.3691,5324.3691,6844.3696,7084.3691,5324.3691,
dataset7_CLINIC_metal_0048_data,dataset7,20547.0,2946517,6442,0.0034294728318214353,3.7912,49.6385,133.7168,3.7912,3.8026,49.641,133.7172,3.795,6.7081,50.2929,133.8186,4.7696,1605.3641,3125.3643,3365.3643,1605.3641,1605.3641,3125.3643,3365.3643,1605.3641,1605.3641,3125.3643,3365.3643,1605.3641,
dataset7_CLINIC_metal_0049_data,dataset7,18319.0,3150419,62678,0.023425772889256954,101.3217,235.1703,341.0535,101.3217,101.3329,235.1725,341.054,101.3262,104.1809,235.731,341.1627,102.5026,5047.6094,6567.6094,6807.6094,5047.6094,5047.6094,6567.6094,6807.6094,5047.6094,5047.6094,6567.6094,6807.6094,5047.6094,
dataset7_CLINIC_metal_0050_data,dataset7,16268.0,3163445,19432,0.007543358585339717,20.6262,156.7801,280.5312,20.6262,20.6376,156.7822,280.5316,20.6317,23.5331,157.282,280.638,22.0203,3303.2107,4823.2104,5063.2104,3303.2107,3303.2107,4823.2104,5063.2104,3303.2107,3303.2107,4823.2104,5063.2104,3303.2107,
dataset7_CLINIC_metal_0051_data,dataset7,12157.0,2080617,27851,0.015249322676879023,38.9142,183.5096,316.0581,38.9142,38.9255,183.5116,316.0585,38.9197,41.7977,183.995,316.1529,40.3407,2872.7212,4392.7212,4632.7212,2872.7212,2872.7212,4392.7212,4632.7212,2872.7212,2872.7212,4392.7212,4632.7212,2872.7212,
dataset7_CLINIC_metal_0052_data,dataset7,21442.0,1527264,13866,0.010514226747962369,47.9414,165.8117,287.6467,47.9414,47.9527,165.8138,287.6472,47.9465,50.8366,166.3396,287.7549,49.2518,5243.0698,6763.0693,7003.0693,5243.0698,5243.0698,6763.0693,7003.0693,5243.0698,5243.0698,6763.0693,7003.0693,5243.0698,
dataset7_CLINIC_metal_0053_data,dataset7,20024.0,1426303,18566,0.015234490848017567,64.3788,186.4608,294.9202,64.3788,64.3902,186.4629,294.9208,64.3837,67.2608,187.0006,295.0426,65.6317,4905.9585,6425.9585,6665.9585,4905.9585,4905.9585,6425.9585,6665.9585,4905.9585,4905.9585,6425.9585,6665.9585,4905.9585,
dataset7_CLINIC_metal_0054_data,dataset7,20802.0,2632966,51119,0.02186089755811507,81.4343,210.4679,314.7584,81.4343,81.4455,210.47,314.7589,81.4388,84.2935,211.0314,314.875,82.6042,4164.415,5684.415,5924.415,4164.415,4164.415,5684.415,5924.415,4164.415,4164.415,5684.415,5924.415,4164.415,
dataset7_CLINIC_metal_0055_data,dataset7,18415.0,1826058,26860,0.017883878825316613,64.5426,157.8174,251.8069,64.5426,64.5539,157.8199,251.8075,64.5468,67.4125,158.4181,251.932,65.6094,4336.9072,5856.9067,6096.9067,4336.9072,4336.9072,5856.9067,6096.9067,4336.9072,4336.9072,5856.9067,6096.9067,4336.9072,
dataset7_CLINIC_metal_0056_data,dataset7,17790.0,3954512,36039,0.010973541109497203,37.1292,147.8379,254.5538,37.1292,37.1405,147.8401,254.5542,37.1339,40.0255,148.4014,254.6671,38.3334,4027.7039,5547.7036,5787.7036,4027.7039,4027.7039,5547.7036,5787.7036,4027.7039,4027.7039,5547.7036,5787.7036,4027.7039,
dataset7_CLINIC_metal_0057_data,dataset7,18224.0,3156553,30203,0.011338634263387942,44.0495,132.338,236.432,44.0495,44.061,132.3405,236.4326,44.054,46.9434,132.9194,236.546,45.2023,4564.188,6084.1875,6324.1875,4564.188,4564.188,6084.1875,6324.1875,4564.188,4564.188,6084.1875,6324.1875,4564.188,
dataset7_CLINIC_metal_0058_data,dataset7,22732.0,4103893,69219,0.02028244888451039,42.6826,164.7677,272.8412,42.6826,42.6938,164.7699,272.8416,42.6872,45.552,165.3282,272.9482,43.8729,2480.9578,4000.958,4240.958,2480.9578,2480.9578,4000.958,4240.958,2480.9578,2480.9578,4000.958,4240.958,2480.9578,
dataset7_CLINIC_metal_0059_data,dataset7,9194.0,2157201,60634,0.030670299151539425,96.5932,209.405,307.8975,96.5932,96.6043,209.4073,307.898,96.5973,99.4282,209.9901,308.0196,97.6714,3414.7898,4934.79,5174.79,3414.7898,3414.7898,4934.79,5174.79,3414.7898,3414.7898,4934.79,5174.79,3414.7898,
dataset7_CLINIC_metal_0060_data,dataset7,21054.0,2661423,102610,0.04315060026158938,166.3287,322.3396,431.5146,166.3287,166.3397,322.3419,431.5152,166.3333,169.1268,322.8863,431.6308,167.4845,4285.9863,5805.9863,6045.9868,4285.9863,4285.9863,5805.9863,6045.9868,4285.9863,4285.9863,5805.9863,6045.9868,4285.9863,
dataset7_CLINIC_metal_0061_data,dataset7,17129.0,2541213,3324,0.001473705667332884,6.096,107.6257,210.6275,6.096,6.1075,107.628,210.6279,6.1008,9.0204,108.1943,210.7393,7.316,4628.5308,6148.5308,6388.5308,4628.5308,4628.5308,6148.5308,6388.5308,4628.5308,4628.5308,6148.5308,6388.5308,4628.5308,
dataset7_CLINIC_metal_0062_data,dataset7,9849.0,2563659,11248,0.0059469687661268525,8.5019,127.0229,243.6217,8.5019,8.5133,127.0249,243.6221,8.507,11.4143,127.5558,243.7251,9.8162,1857.4498,3377.45,3617.45,1857.4498,1857.4498,3377.45,3617.45,1857.4498,1857.4498,3377.45,3617.45,1857.4498,
dataset7_CLINIC_metal_0063_data,dataset7,21233.0,3240358,31842,0.011285790026904434,52.0947,105.0645,179.1131,52.0947,52.1061,105.067,179.1138,52.0982,54.9644,105.7217,179.2766,52.983,5266.3916,6786.3916,7026.3916,5266.3916,5266.3916,6786.3916,7026.3916,5266.3916,5266.3916,6786.3916,7026.3916,5266.3916,
dataset7_CLINIC_metal_0064_data,dataset7,14389.0,2922907,993,0.0004071289302054427,1.1248,85.6127,193.8891,1.1248,1.1363,85.6149,193.8894,1.1296,4.0547,86.1803,193.9951,2.3551,3263.4583,4783.458,5023.458,3263.4583,3263.4583,4783.458,5023.458,3263.4583,3263.4583,4783.458,5023.458,3263.4583,
dataset7_CLINIC_metal_0065_data,dataset7,18816.0,2647155,68818,0.031317395467964665,138.3078,260.9488,359.4924,138.3078,138.3188,260.951,359.4929,138.312,141.1431,261.5339,359.6127,139.3841,5272.1646,6792.1646,7032.1646,5272.1646,5272.1646,6792.1646,7032.1646,5272.1646,5272.1646,6792.1646,7032.1646,5272.1646,
dataset7_CLINIC_metal_0066_data,dataset7,19684.0,3004742,87318,0.03488319463035429,162.7752,297.5853,399.2067,162.7752,162.7863,297.5876,399.2071,162.7794,165.5988,298.1584,399.3305,163.8756,5553.7378,7073.7378,7313.7373,5553.7378,5553.7378,7073.7378,7313.7373,5553.7378,5553.7378,7073.7378,7313.7373,5553.7378,
dataset7_CLINIC_metal_0067_data,dataset7,23519.0,3078152,36426,0.015305287068344903,55.1541,203.5414,314.4487,55.1541,55.1654,203.5434,314.449,55.159,58.0401,204.0723,314.5514,56.447,4609.5811,6129.5811,6369.5811,4609.5811,4609.5811,6129.5811,6369.5811,4609.5811,4609.5811,6129.5811,6369.5811,4609.5811,
dataset7_CLINIC_metal_0068_data,dataset7,19380.0,1438736,3077,0.0023124464807998133,14.6776,154.0433,278.0186,14.6776,14.689,154.0452,278.019,14.6831,17.5976,154.5378,278.1259,16.1075,6843.7231,8363.7227,8603.7227,6843.7231,6843.7231,8363.7227,8603.7227,6843.7231,6843.7231,8363.7227,8603.7227,6843.7231,
dataset7_CLINIC_metal_0069_data,dataset7,20399.0,2718921,26074,0.011235339312911262,46.3711,147.1039,250.1308,46.3711,46.3825,147.106,250.1312,46.3757,49.2658,147.6785,250.2505,47.538,4795.9629,6315.9629,6555.9629,4795.9629,4795.9629,6315.9629,6555.9629,4795.9629,4795.9629,6315.9629,6555.9629,4795.9629,
dataset7_CLINIC_metal_0070_data,dataset7,19662.0,2462718,10969,0.005864658478965111,18.7447,170.5649,307.5305,18.7447,18.7561,170.5667,307.5308,18.7506,21.6589,171.029,307.6086,20.2743,4135.5,5655.5,5895.5,4135.5,4135.5,5655.5,5895.5,4135.5,4135.5,5655.5,5895.5,4135.5,
dataset7_CLINIC_metal_0071_data,dataset7,8814.0,2274205,77798,0.037377896891441185,120.354,288.9968,394.2689,120.354,120.365,288.9989,394.2693,120.3585,123.1712,289.5503,394.3839,121.509,3496.0706,5016.0703,5256.0703,3496.0706,3496.0706,5016.0703,5256.0703,3496.0706,3496.0706,5016.0703,5256.0703,3496.0706,
dataset7_CLINIC_metal_0072_data,dataset7,21192.0,2793808,3604,0.0015197894773012319,4.708,117.242,241.4778,4.708,4.7195,117.244,241.4783,4.7134,7.6285,117.7589,241.5834,6.0764,3606.1064,5126.1064,5366.1064,3606.1064,3606.1064,5126.1064,5366.1064,3606.1064,3606.1064,5126.1064,5366.1064,3606.1064,
dataset7_CLINIC_metal_0073_data,dataset7,24970.0,1828912,16353,0.010103821288285056,47.4066,173.3188,294.1977,47.4066,47.4179,173.3209,294.1981,47.4117,50.3085,173.8478,294.2859,48.7352,5269.9741,6789.9741,7029.9741,5269.9741,5269.9741,6789.9741,7029.9741,5269.9741,5269.9741,6789.9741,7029.9741,5269.9741,
dataset7_CLINIC_metal_0074_data,dataset7,24340.0,2528536,6054,0.0026145564073440123,16.0061,66.0459,159.9922,16.0061,16.0175,66.0484,159.9928,16.0102,18.9209,66.6619,160.1265,17.0641,6663.2852,8183.2852,8423.2852,6663.2852,6663.2852,8183.2852,8423.2852,6663.2852,6663.2852,8183.2852,8423.2852,6663.2852,
