Caso,Metal,hueso mae,hueso rmse,hueso frac_recortada,metal mae,metal rmse,metal frac_recortada,n hueso,n metal
dataset6_CLINIC_0001_data,si,7.69,56.33,0.0361,2491.87,2566.13,1.0,804129,247
dataset6_CLINIC_0012_data,no,19.08,83.42,0.0786,,,,650591,
dataset6_CLINIC_0016_data,no,17.92,80.49,0.0763,,,,821523,
dataset6_CLINIC_0018_data,no,16.87,82.4,0.061,,,,691792,
dataset6_CLINIC_0021_data,no,19.37,92.9,0.0648,,,,877931,
dataset6_CLINIC_0022_data,no,7.98,52.4,0.0347,,,,868319,
dataset6_CLINIC_0024_data,no,7.92,49.83,0.0409,,,,771129,
dataset6_CLINIC_0030_data,no,21.0,88.31,0.0837,,,,706120,
dataset6_CLINIC_0034_data,no,22.68,94.98,0.0871,,,,859699,
dataset6_CLINIC_0036_data,si,20.78,89.54,0.0758,1745.91,1761.1,1.0,854592,22
dataset6_CLINIC_0041_data,si,9.67,56.01,0.0504,2453.06,2511.16,1.0,793547,256
dataset6_CLINIC_0047_data,no,6.96,50.27,0.03,,,,683289,
dataset6_CLINIC_0052_data,si,9.32,56.74,0.0421,2121.32,2172.41,1.0,834089,59
dataset6_CLINIC_0059_data,no,11.91,72.51,0.0388,,,,795636,
dataset6_CLINIC_0063_data,no,10.38,57.48,0.0501,,,,895693,
dataset6_CLINIC_0072_data,si,11.47,77.31,0.0633,3393.27,3830.56,1.0,679014,481
dataset6_CLINIC_0074_data,no,9.33,54.76,0.0454,1540.0,1540.0,1.0,955236,1
dataset6_CLINIC_0089_data,si,9.43,89.42,0.0402,3861.85,4190.12,1.0,892939,833
dataset6_CLINIC_0090_data,no,11.75,67.72,0.0454,,,,686808,
dataset6_CLINIC_0100_data,no,15.2,71.31,0.0662,,,,842895,
dataset7_CLINIC_metal_0006_data,si,105.63,821.57,0.0729,5633.18,6567.52,1.0,707575,32687
dataset7_CLINIC_metal_0009_data,si,53.52,425.23,0.0453,3537.06,3782.93,1.0,844504,41001
dataset7_CLINIC_metal_0010_data,si,18.56,121.29,0.0532,1996.1,2013.69,1.0,917033,5249
dataset7_CLINIC_metal_0023_data,si,231.43,1194.88,0.1423,5876.29,6755.3,1.0,983307,89877
dataset7_CLINIC_metal_0024_data,si,43.5,453.26,0.0794,4855.74,6149.96,1.0,716240,7442
dataset7_CLINIC_metal_0031_data,si,67.1,670.32,0.0502,5866.33,6815.25,1.0,948031,36376
dataset7_CLINIC_metal_0032_data,si,91.72,796.95,0.0814,6163.62,7257.18,1.0,906336,32366
dataset7_CLINIC_metal_0036_data,si,13.45,168.44,0.0432,5739.24,6706.26,1.0,974031,1589
dataset7_CLINIC_metal_0048_data,si,11.18,148.84,0.0236,2605.36,2928.13,1.0,982173,6442
dataset7_CLINIC_metal_0049_data,si,147.25,997.3,0.095,6047.61,7017.47,1.0,787605,62678
dataset7_CLINIC_metal_0053_data,si,95.78,814.56,0.0826,5905.96,7086.68,1.0,713152,18566
dataset7_CLINIC_metal_0066_data,si,216.17,1299.35,0.0912,6553.74,7576.87,1.0,751186,87318
dataset7_CLINIC_metal_0068_data,si,46.36,428.14,0.1078,7843.72,8941.4,1.0,719368,3077
dataset7_CLINIC_metal_0072_data,si,27.67,215.77,0.0793,4606.11,5415.83,1.0,931270,3604
