Caso,Archivo,Dataset,Grupo paciente,Metal,particion
dataset6_CLINIC_0001_data,dataset6/dataset6_CLINIC_0001_data.nii.gz,dataset6,P001,si,test
dataset6_CLINIC_0002_data,dataset6/dataset6_CLINIC_0002_data.nii.gz,dataset6,P002,no,train
dataset6_CLINIC_0003_data,dataset6/dataset6_CLINIC_0003_data.nii.gz,dataset6,P003,no,train
dataset6_CLINIC_0004_data,dataset6/dataset6_CLINIC_0004_data.nii.gz,dataset6,P004,no,train
dataset6_CLINIC_0005_data,dataset6/dataset6_CLINIC_0005_data.nii.gz,dataset6,P005,si,train
dataset6_CLINIC_0006_data,dataset6/dataset6_CLINIC_0006_data.nii.gz,dataset6,P006,no,train
dataset6_CLINIC_0007_data,dataset6/dataset6_CLINIC_0007_data.nii.gz,dataset6,P007,si,train
dataset6_CLINIC_0008_data,dataset6/dataset6_CLINIC_0008_data.nii.gz,dataset6,P008,si,train
dataset6_CLINIC_0009_data,dataset6/dataset6_CLINIC_0009_data.nii.gz,dataset6,P009,no,train
dataset6_CLINIC_0010_data,dataset6/dataset6_CLINIC_0010_data.nii.gz,dataset6,P010,no,train
dataset6_CLINIC_0011_data,dataset6/dataset6_CLINIC_0011_data.nii.gz,dataset6,P011,no,train
dataset6_CLINIC_0012_data,dataset6/dataset6_CLINIC_0012_data.nii.gz,dataset6,P012,no,test
dataset6_CLINIC_0013_data,dataset6/dataset6_CLINIC_0013_data.nii.gz,dataset6,P013,no,train
dataset6_CLINIC_0014_data,dataset6/dataset6_CLINIC_0014_data.nii.gz,dataset6,P014,no,train
dataset6_CLINIC_0015_data,dataset6/dataset6_CLINIC_0015_data.nii.gz,dataset6,P015,no,train
dataset6_CLINIC_0016_data,dataset6/dataset6_CLINIC_0016_data.nii.gz,dataset6,P016,no,test
dataset6_CLINIC_0017_data,dataset6/dataset6_CLINIC_0017_data.nii.gz,dataset6,P017,si,train
dataset6_CLINIC_0018_data,dataset6/dataset6_CLINIC_0018_data.nii.gz,dataset6,P018,no,test
dataset6_CLINIC_0019_data,dataset6/dataset6_CLINIC_0019_data.nii.gz,dataset6,P019,si,val
dataset6_CLINIC_0020_data,dataset6/dataset6_CLINIC_0020_data.nii.gz,dataset6,P020,no,train
dataset6_CLINIC_0021_data,dataset6/dataset6_CLINIC_0021_data.nii.gz,dataset6,P021,no,test
dataset6_CLINIC_0022_data,dataset6/dataset6_CLINIC_0022_data.nii.gz,dataset6,P022,no,test
dataset6_CLINIC_0023_data,dataset6/dataset6_CLINIC_0023_data.nii.gz,dataset6,P023,no,train
dataset6_CLINIC_0024_data,dataset6/dataset6_CLINIC_0024_data.nii.gz,dataset6,P024,no,test
dataset6_CLINIC_0025_data,dataset6/dataset6_CLINIC_0025_data.nii.gz,dataset6,P025,no,train
dataset6_CLINIC_0026_data,dataset6/dataset6_CLINIC_0026_data.nii.gz,dataset6,P026,no,train
dataset6_CLINIC_0027_data,dataset6/dataset6_CLINIC_0027_data.nii.gz,dataset6,P027,no,train
dataset6_CLINIC_0028_data,dataset6/dataset6_CLINIC_0028_data.nii.gz,dataset6,P028,si,train
dataset6_CLINIC_0029_data,dataset6/dataset6_CLINIC_0029_data.nii.gz,dataset6,P029,no,train
dataset6_CLINIC_0030_data,dataset6/dataset6_CLINIC_0030_data.nii.gz,dataset6,P030,no,test
dataset6_CLINIC_0031_data,dataset6/dataset6_CLINIC_0031_data.nii.gz,dataset6,P031,si,train
dataset6_CLINIC_0032_data,dataset6/dataset6_CLINIC_0032_data.nii.gz,dataset6,P032,no,train
dataset6_CLINIC_0033_data,dataset6/dataset6_CLINIC_0033_data.nii.gz,dataset6,P033,no,train
dataset6_CLINIC_0034_data,dataset6/dataset6_CLINIC_0034_data.nii.gz,dataset6,P034,no,test
dataset6_CLINIC_0035_data,dataset6/dataset6_CLINIC_0035_data.nii.gz,dataset6,P035,no,train
dataset6_CLINIC_0036_data,dataset6/dataset6_CLINIC_0036_data.nii.gz,dataset6,P036,si,test
dataset6_CLINIC_0039_data,dataset6/dataset6_CLINIC_0039_data.nii.gz,dataset6,P039,no,train
dataset6_CLINIC_0040_data,dataset6/dataset6_CLINIC_0040_data.nii.gz,dataset6,P040,si,train
dataset6_CLINIC_0041_data,dataset6/dataset6_CLINIC_0041_data.nii.gz,dataset6,P041,si,test
dataset6_CLINIC_0042_data,dataset6/dataset6_CLINIC_0042_data.nii.gz,dataset6,P042,no,train
dataset6_CLINIC_0043_data,dataset6/dataset6_CLINIC_0043_data.nii.gz,dataset6,P043,no,train
dataset6_CLINIC_0044_data,dataset6/dataset6_CLINIC_0044_data.nii.gz,dataset6,P044,no,train
dataset6_CLINIC_0045_data,dataset6/dataset6_CLINIC_0045_data.nii.gz,dataset6,P045,no,train
dataset6_CLINIC_0046_data,dataset6/dataset6_CLINIC_0046_data.nii.gz,dataset6,P046,no,val
dataset6_CLINIC_0047_data,dataset6/dataset6_CLINIC_0047_data.nii.gz,dataset6,P047,no,test
dataset6_CLINIC_0049_data,dataset6/dataset6_CLINIC_0049_data.nii.gz,dataset6,P049,no,train
dataset6_CLINIC_0050_data,dataset6/dataset6_CLINIC_0050_data.nii.gz,dataset6,P050,no,train
dataset6_CLINIC_0051_data,dataset6/dataset6_CLINIC_0051_data.nii.gz,dataset6,P051,no,train
dataset6_CLINIC_0052_data,dataset6/dataset6_CLINIC_0052_data.nii.gz,dataset6,P052,si,test
dataset6_CLINIC_0053_data,dataset6/dataset6_CLINIC_0053_data.nii.gz,dataset6,P053,si,train
dataset6_CLINIC_0054_data,dataset6/dataset6_CLINIC_0054_data.nii.gz,dataset6,P054,si,train
dataset6_CLINIC_0055_data,dataset6/dataset6_CLINIC_0055_data.nii.gz,dataset6,P055,no,train
dataset6_CLINIC_0056_data,dataset6/dataset6_CLINIC_0056_data.nii.gz,dataset6,P056,si,train
dataset6_CLINIC_0057_data,dataset6/dataset6_CLINIC_0057_data.nii.gz,dataset6,P057,no,train
dataset6_CLINIC_0058_data,dataset6/dataset6_CLINIC_0058_data.nii.gz,dataset6,P058,no,train
dataset6_CLINIC_0059_data,dataset6/dataset6_CLINIC_0059_data.nii.gz,dataset6,P059,no,test
dataset6_CLINIC_0060_data,dataset6/dataset6_CLINIC_0060_data.nii.gz,dataset6,P060,no,train
dataset6_CLINIC_0061_data,dataset6/dataset6_CLINIC_0061_data.nii.gz,dataset6,P061,no,train
dataset6_CLINIC_0062_data,dataset6/dataset6_CLINIC_0062_data.nii.gz,dataset6,P062,no,train
dataset6_CLINIC_0063_data,dataset6/dataset6_CLINIC_0063_data.nii.gz,dataset6,P063,no,test
dataset6_CLINIC_0064_data,dataset6/dataset6_CLINIC_0064_data.nii.gz,dataset6,P064,no,train
dataset6_CLINIC_0065_data,dataset6/dataset6_CLINIC_0065_data.nii.gz,dataset6,P065,no,train
dataset6_CLINIC_0066_data,dataset6/dataset6_CLINIC_0066_data.nii.gz,dataset6,P066,no,val
dataset6_CLINIC_0067_data,dataset6/dataset6_CLINIC_0067_data.nii.gz,dataset6,P067,si,train
dataset6_CLINIC_0068_data,dataset6/dataset6_CLINIC_0068_data.nii.gz,dataset6,P068,si,train
dataset6_CLINIC_0069_data,dataset6/dataset6_CLINIC_0069_data.nii.gz,dataset6,P069,si,train
dataset6_CLINIC_0071_data,dataset6/dataset6_CLINIC_0071_data.nii.gz,dataset6,P071,si,train
dataset6_CLINIC_0072_data,dataset6/dataset6_CLINIC_0072_data.nii.gz,dataset6,P072,si,test
dataset6_CLINIC_0073_data,dataset6/dataset6_CLINIC_0073_data.nii.gz,dataset6,P073,no,train
dataset6_CLINIC_0074_data,dataset6/dataset6_CLINIC_0074_data.nii.gz,dataset6,P074,no,test
dataset6_CLINIC_0075_data,dataset6/dataset6_CLINIC_0075_data.nii.gz,dataset6,P075,si,train
dataset6_CLINIC_0076_data,dataset6/dataset6_CLINIC_0076_data.nii.gz,dataset6,P076,si,train
dataset6_CLINIC_0077_data,dataset6/dataset6_CLINIC_0077_data.nii.gz,dataset6,P077,no,train
dataset6_CLINIC_0078_data,dataset6/dataset6_CLINIC_0078_data.nii.gz,dataset6,P078,si,train
dataset6_CLINIC_0079_data,dataset6/dataset6_CLINIC_0079_data.nii.gz,dataset6,P079,no,train
dataset6_CLINIC_0080_data,dataset6/dataset6_CLINIC_0080_data.nii.gz,dataset6,P080,si,train
dataset6_CLINIC_0081_data,dataset6/dataset6_CLINIC_0081_data.nii.gz,dataset6,P081,no,train
dataset6_CLINIC_0082_data,dataset6/dataset6_CLINIC_0082_data.nii.gz,dataset6,P082,no,train
dataset6_CLINIC_0083_data,dataset6/dataset6_CLINIC_0083_data.nii.gz,dataset6,P083,no,train
dataset6_CLINIC_0084_data,dataset6/dataset6_CLINIC_0084_data.nii.gz,dataset6,P084,si,train
dataset6_CLINIC_0085_data,dataset6/dataset6_CLINIC_0085_data.nii.gz,dataset6,P085,no,train
dataset6_CLINIC_0086_data,dataset6/dataset6_CLINIC_0086_data.nii.gz,dataset6,P086,no,train
dataset6_CLINIC_0087_data,dataset6/dataset6_CLINIC_0087_data.nii.gz,dataset6,P087,no,train
dataset6_CLINIC_0088_data,dataset6/dataset6_CLINIC_0088_data.nii.gz,dataset6,P088,no,train
dataset6_CLINIC_0089_data,dataset6/dataset6_CLINIC_0089_data.nii.gz,dataset6,P089,si,test
dataset6_CLINIC_0090_data,dataset6/dataset6_CLINIC_0090_data.nii.gz,dataset6,P038,no,test
dataset6_CLINIC_0091_data,dataset6/dataset6_CLINIC_0091_data.nii.gz,dataset6,P090,si,train
dataset6_CLINIC_0092_data,dataset6/dataset6_CLINIC_0092_data.nii.gz,dataset6,P091,no,train
dataset6_CLINIC_0093_data,dataset6/dataset6_CLINIC_0093_data.nii.gz,dataset6,P092,si,train
dataset6_CLINIC_0094_data,dataset6/dataset6_CLINIC_0094_data.nii.gz,dataset6,P093,no,train
dataset6_CLINIC_0095_data,dataset6/dataset6_CLINIC_0095_data.nii.gz,dataset6,P094,no,train
dataset6_CLINIC_0096_data,dataset6/dataset6_CLINIC_0096_data.nii.gz,dataset6,P095,no,train
dataset6_CLINIC_0097_data,dataset6/dataset6_CLINIC_0097_data.nii.gz,dataset6,P096,si,train
dataset6_CLINIC_0098_data,dataset6/dataset6_CLINIC_0098_data.nii.gz,dataset6,P097,no,train
dataset6_CLINIC_0099_data,dataset6/dataset6_CLINIC_0099_data.nii.gz,dataset6,P098,no,train
dataset6_CLINIC_0100_data,dataset6/dataset6_CLINIC_0100_data.nii.gz,dataset6,P099,no,test
dataset6_CLINIC_0101_data,dataset6/dataset6_CLINIC_0101_data.nii.gz,dataset6,P100,no,val
dataset6_CLINIC_0102_data,dataset6/dataset6_CLINIC_0102_data.nii.gz,dataset6,P101,si,val
dataset6_CLINIC_0103_data,dataset6/dataset6_CLINIC_0103_data.nii.gz,dataset6,P102,no,train
dataset7_CLINIC_metal_0000_data,dataset7/dataset7_CLINIC_metal_0000_data.nii.gz,dataset7,P103,si,train
dataset7_CLINIC_metal_0001_data,dataset7/dataset7_CLINIC_metal_0001_data.nii.gz,dataset7,P104,si,train
dataset7_CLINIC_metal_0002_data,dataset7/dataset7_CLINIC_metal_0002_data.nii.gz,dataset7,P105,si,train
dataset7_CLINIC_metal_0003_data,dataset7/dataset7_CLINIC_metal_0003_data.nii.gz,dataset7,P106,si,train
dataset7_CLINIC_metal_0004_data,dataset7/dataset7_CLINIC_metal_0004_data.nii.gz,dataset7,P107,si,train
dataset7_CLINIC_metal_0005_data,dataset7/dataset7_CLINIC_metal_0005_data.nii.gz,dataset7,P108,si,train
dataset7_CLINIC_metal_0006_data,dataset7/dataset7_CLINIC_metal_0006_data.nii.gz,dataset7,P109,si,test
dataset7_CLINIC_metal_0007_data,dataset7/dataset7_CLINIC_metal_0007_data.nii.gz,dataset7,P110,si,train
dataset7_CLINIC_metal_0008_data,dataset7/dataset7_CLINIC_metal_0008_data.nii.gz,dataset7,P111,si,train
dataset7_CLINIC_metal_0009_data,dataset7/dataset7_CLINIC_metal_0009_data.nii.gz,dataset7,P112,si,test
dataset7_CLINIC_metal_0010_data,dataset7/dataset7_CLINIC_metal_0010_data.nii.gz,dataset7,P113,si,test
dataset7_CLINIC_metal_0011_data,dataset7/dataset7_CLINIC_metal_0011_data.nii.gz,dataset7,P114,si,val
dataset7_CLINIC_metal_0012_data,dataset7/dataset7_CLINIC_metal_0012_data.nii.gz,dataset7,P115,si,train
dataset7_CLINIC_metal_0013_data,dataset7/dataset7_CLINIC_metal_0013_data.nii.gz,dataset7,P116,si,train
dataset7_CLINIC_metal_0014_data,dataset7/dataset7_CLINIC_metal_0014_data.nii.gz,dataset7,P117,si,train
dataset7_CLINIC_metal_0015_data,dataset7/dataset7_CLINIC_metal_0015_data.nii.gz,dataset7,P118,si,train
dataset7_CLINIC_metal_0016_data,dataset7/dataset7_CLINIC_metal_0016_data.nii.gz,dataset7,P119,si,train
dataset7_CLINIC_metal_0017_data,dataset7/dataset7_CLINIC_metal_0017_data.nii.gz,dataset7,P120,si,train
dataset7_CLINIC_metal_0018_data,dataset7/dataset7_CLINIC_metal_0018_data.nii.gz,dataset7,P121,si,train
dataset7_CLINIC_metal_0019_data,dataset7/dataset7_CLINIC_metal_0019_data.nii.gz,dataset7,P122,si,train
dataset7_CLINIC_metal_0020_data,dataset7/dataset7_CLINIC_metal_0020_data.nii.gz,dataset7,P123,si,train
dataset7_CLINIC_metal_0022_data,dataset7/dataset7_CLINIC_metal_0022_data.nii.gz,dataset7,P124,si,train
dataset7_CLINIC_metal_0023_data,dataset7/dataset7_CLINIC_metal_0023_data.nii.gz,dataset7,P125,si,test
dataset7_CLINIC_metal_0024_data,dataset7/dataset7_CLINIC_metal_0024_data.nii.gz,dataset7,P126,si,test
dataset7_CLINIC_metal_0025_data,dataset7/dataset7_CLINIC_metal_0025_data.nii.gz,dataset7,P127,si,train
dataset7_CLINIC_metal_0026_data,dataset7/dataset7_CLINIC_metal_0026_data.nii.gz,dataset7,P128,si,train
dataset7_CLINIC_metal_0027_data,dataset7/dataset7_CLINIC_metal_0027_data.nii.gz,dataset7,P129,si,train
dataset7_CLINIC_metal_0028_data,dataset7/dataset7_CLINIC_metal_0028_data.nii.gz,dataset7,P130,si,train
dataset7_CLINIC_metal_0029_data,dataset7/dataset7_CLINIC_metal_0029_data.nii.gz,dataset7,P131,si,train
dataset7_CLINIC_metal_0030_data,dataset7/dataset7_CLINIC_metal_0030_data.nii.gz,dataset7,P132,si,train
dataset7_CLINIC_metal_0031_data,dataset7/dataset7_CLINIC_metal_0031_data.nii.gz,dataset7,P133,si,test
dataset7_CLINIC_metal_0032_data,dataset7/dataset7_CLINIC_metal_0032_data.nii.gz,dataset7,P134,si,test
dataset7_CLINIC_metal_0033_data,dataset7/dataset7_CLINIC_metal_0033_data.nii.gz,dataset7,P135,si,train
dataset7_CLINIC_metal_0035_data,dataset7/dataset7_CLINIC_metal_0035_data.nii.gz,dataset7,P136,si,train
dataset7_CLINIC_metal_0036_data,dataset7/dataset7_CLINIC_metal_0036_data.nii.gz,dataset7,P048,si,test
dataset7_CLINIC_metal_0037_data,dataset7/dataset7_CLINIC_metal_0037_data.nii.gz,dataset7,P137,si,train
dataset7_CLINIC_metal_0038_data,dataset7/dataset7_CLINIC_metal_0038_data.nii.gz,dataset7,P138,si,train
dataset7_CLINIC_metal_0039_data,dataset7/dataset7_CLINIC_metal_0039_data.nii.gz,dataset7,P139,si,val
dataset7_CLINIC_metal_0040_data,dataset7/dataset7_CLINIC_metal_0040_data.nii.gz,dataset7,P140,si,train
dataset7_CLINIC_metal_0041_data,dataset7/dataset7_CLINIC_metal_0041_data.nii.gz,dataset7,P141,si,train
dataset7_CLINIC_metal_0042_data,dataset7/dataset7_CLINIC_metal_0042_data.nii.gz,dataset7,P142,si,train
dataset7_CLINIC_metal_0044_data,dataset7/dataset7_CLINIC_metal_0044_data.nii.gz,dataset7,P143,si,train
dataset7_CLINIC_metal_0045_data,dataset7/dataset7_CLINIC_metal_0045_data.nii.gz,dataset7,P144,si,train
dataset7_CLINIC_metal_0046_data,dataset7/dataset7_CLINIC_metal_0046_data.nii.gz,dataset7,P145,si,train
dataset7_CLINIC_metal_0047_data,dataset7/dataset7_CLINIC_metal_0047_data.nii.gz,dataset7,P146,si,train
dataset7_CLINIC_metal_0048_data,dataset7/dataset7_CLINIC_metal_0048_data.nii.gz,dataset7,P147,si,test
dataset7_CLINIC_metal_0049_data,dataset7/dataset7_CLINIC_metal_0049_data.nii.gz,dataset7,P148,si,test
dataset7_CLINIC_metal_0050_data,dataset7/dataset7_CLINIC_metal_0050_data.nii.gz,dataset7,P149,si,train
dataset7_CLINIC_metal_0051_data,dataset7/dataset7_CLINIC_metal_0051_data.nii.gz,dataset7,P150,si,train
dataset7_CLINIC_metal_0052_data,dataset7/dataset7_CLINIC_metal_0052_data.nii.gz,dataset7,P151,si,train
dataset7_CLINIC_metal_0053_data,dataset7/dataset7_CLINIC_metal_0053_data.nii.gz,dataset7,P152,si,test
dataset7_CLINIC_metal_0054_data,dataset7/dataset7_CLINIC_metal_0054_data.nii.gz,dataset7,P153,si,train
dataset7_CLINIC_metal_0055_data,dataset7/dataset7_CLINIC_metal_0055_data.nii.gz,dataset7,P154,si,train
dataset7_CLINIC_metal_0056_data,dataset7/dataset7_CLINIC_metal_0056_data.nii.gz,dataset7,P155,si,val
dataset7_CLINIC_metal_0057_data,dataset7/dataset7_CLINIC_metal_0057_data.nii.gz,dataset7,P156,si,train
dataset7_CLINIC_metal_0058_data,dataset7/dataset7_CLINIC_metal_0058_data.nii.gz,dataset7,P157,si,train
dataset7_CLINIC_metal_0059u0071_union,derivados/dataset7_CLINIC_metal_0059u0071_union.nii.gz,dataset7,P158,si,train
dataset7_CLINIC_metal_0060_data,dataset7/dataset7_CLINIC_metal_0060_data.nii.gz,dataset7,P159,si,train
dataset7_CLINIC_metal_0061_data,dataset7/dataset7_CLINIC_metal_0061_data.nii.gz,dataset7,P037,si,train
dataset7_CLINIC_metal_0062_data,dataset7/dataset7_CLINIC_metal_0062_data.nii.gz,dataset7,P160,si,train
dataset7_CLINIC_metal_0063_data,dataset7/dataset7_CLINIC_metal_0063_data.nii.gz,dataset7,P161,si,train
dataset7_CLINIC_metal_0064_data,dataset7/dataset7_CLINIC_metal_0064_data.nii.gz,dataset7,P070,si,train
dataset7_CLINIC_metal_0066_data,dataset7/dataset7_CLINIC_metal_0066_data.nii.gz,dataset7,P162,si,test
dataset7_CLINIC_metal_0067_data,dataset7/dataset7_CLINIC_metal_0067_data.nii.gz,dataset7,P163,si,train
dataset7_CLINIC_metal_0068_data,dataset7/dataset7_CLINIC_metal_0068_data.nii.gz,dataset7,P164,si,test
dataset7_CLINIC_metal_0069_data,dataset7/dataset7_CLINIC_metal_0069_data.nii.gz,dataset7,P165,si,train
dataset7_CLINIC_metal_0070_data,dataset7/dataset7_CLINIC_metal_0070_data.nii.gz,dataset7,P166,si,train
dataset7_CLINIC_metal_0072_data,dataset7/dataset7_CLINIC_metal_0072_data.nii.gz,dataset7,P167,si,test
dataset7_CLINIC_metal_0073_data,dataset7/dataset7_CLINIC_metal_0073_data.nii.gz,dataset7,P168,si,train
