paso,epoca,l1 train,l1 val,val hueso regla mae,val hueso regla rmse,s por paso,mem gpu max gb,fecha
0,0,nan,0.020936,156.016,401.175,nan,4.09,2026-09-17T01:01:41
1000,0,0.015964,0.012349,94.621,409.081,1.264,24.56,2026-09-17T01:22:55
2000,0,0.014384,0.013055,84.823,377.115,1.26,24.56,2026-09-17T01:44:06
3000,0,0.013429,0.013325,78.415,292.498,1.262,24.56,2026-09-17T02:05:18
4000,0,0.013226,0.013317,77.805,285.521,1.26,24.56,2026-09-17T02:26:29
5000,0,0.01329,0.012028,71.611,266.023,1.263,24.56,2026-09-17T02:47:42
6000,0,0.012341,0.011666,70.985,236.637,1.262,24.56,2026-09-17T03:08:54
7000,0,0.012128,0.011547,67.992,221.743,1.261,24.56,2026-09-17T03:30:05
8000,0,0.012035,0.011758,69.513,252.562,1.259,24.56,2026-09-17T03:51:15
9000,0,0.012585,0.012664,66.004,208.387,1.26,24.56,2026-09-17T04:12:25
10000,0,0.011696,0.01292,67.29,226.073,1.26,24.56,2026-09-17T04:33:35
11000,1,0.012494,0.012206,67.189,233.329,1.259,24.56,2026-09-17T04:54:44
12000,1,0.012367,0.011814,64.25,210.693,1.26,24.56,2026-09-17T05:15:55
13000,1,0.012396,0.012009,68.336,235.244,1.26,24.56,2026-09-17T05:37:05
14000,1,0.012105,0.011893,67.436,248.364,1.262,24.56,2026-09-17T05:58:17
15000,1,0.011835,0.011885,68.023,258.877,1.259,24.56,2026-09-17T06:19:26
16000,1,0.011839,0.011599,69.132,223.624,1.262,24.56,2026-09-17T06:40:38
17000,1,0.011575,0.011494,66.692,243.144,1.259,24.56,2026-09-17T07:01:48
18000,1,0.01185,0.011612,63.744,213.528,1.262,24.56,2026-09-17T07:23:00
19000,1,0.0122,0.01169,63.305,199.312,1.26,24.56,2026-09-17T07:44:10
20000,1,0.01269,0.011934,67.129,265.026,1.259,24.56,2026-09-17T08:05:20
21000,2,0.011921,0.013242,63.173,212.328,1.261,24.56,2026-09-17T08:26:31
22000,2,0.011743,0.012176,75.365,286.767,1.26,24.56,2026-09-17T08:47:41
23000,2,0.012063,0.011784,63.114,228.187,1.259,24.56,2026-09-17T09:08:51
24000,2,0.012144,0.011386,66.436,257.469,1.258,24.56,2026-09-17T09:29:59
25000,2,0.012026,0.011546,61.535,196.626,1.259,24.56,2026-09-17T09:51:08
26000,2,0.012349,0.011392,61.673,194.203,1.26,24.56,2026-09-17T10:12:19
27000,2,0.012204,0.012123,60.784,183.456,1.26,24.56,2026-09-17T10:33:29
28000,2,0.011975,0.011896,63.344,241.511,1.259,24.56,2026-09-17T10:54:39
29000,2,0.011679,0.011406,64.757,236.304,1.26,24.56,2026-09-17T11:15:49
30000,2,0.011908,0.011325,61.844,217.977,1.259,24.56,2026-09-17T11:36:59
